Classificação,Código do acervo,Código do exemplar,Título,2022-01,2022-02,2022-03,2022-04,2022-05,2022-06,2022-07,2022-08,2022-09,2022-10,2022-11,2022-12,2023-01,2023-02,2023-03,2023-04,2023-05,2023-06,2023-07,2023-08,2023-09,2023-10,2023-11,2023-12,2024-01,2024-02,2024-03,2024-04,2024-05,2024-06,2024-07,2024-08,2024-09,2024-10,2024-11,2024-12,2025-01,2025-02,2025-03,2025-04,2025-05,2025-06,2025-07,2025-08,2025-09,2025-10,2025-11,2025-12
001.42,64643,14148336,"Apontamentos de metodologia para a ciência e técnicas de redação científica : (monografias, dissertações e teses) de acordo com a ABNT 2002 - 3. ed. rev. e ampl. / 2003",0,0,0,0,0,0,0,0,0,0,0,0,0,0,0,0,0,0,0,0,0,0,0,0,0,0,0,0,0,0,0,0,0,0,0,0,0,0,0,2,1,0,0,0,0,0,0,0
001.42,64643,14148315,"Apontamentos de metodologia para a ciência e técnicas de redação científica : (monografias, dissertações e teses) de acordo com a ABNT 2002 - 3. ed. rev. e ampl. / 2003",0,0,0,0,0,0,0,0,0,0,0,0,0,0,0,0,0,0,0,0,0,0,0,0,0,0,0,0,0,0,0,0,0,0,0,0,0,0,0,0,0,2,0,0,0,0,0,0
001.42,64643,14148316,"Apontamentos de metodologia para a ciência e técnicas de redação científica : (monografias, dissertações e teses) de acordo com a ABNT 2002 - 3. ed. rev. e ampl. / 2003",0,0,0,0,0,0,0,0,1,0,0,0,0,0,0,0,1,0,0,0,0,0,0,0,0,0,0,0,0,0,0,0,0,0,0,0,0,0,0,0,0,0,0,0,0,0,0,0
001.42,83925,14180500,Metodologia científica - 6. ed. / 2007,0,0,0,0,0,0,0,0,0,0,0,1,0,0,1,2,1,1,0,1,0,0,0,0,0,0,0,0,0,0,0,0,0,0,0,0,0,0,0,2,1,0,0,0,0,0,0,0
001.42,83925,14180499,Metodologia científica - 6. ed. / 2007,1,0,0,0,0,0,0,0,0,0,0,0,0,0,0,0,0,0,0,0,0,0,0,0,0,0,0,0,0,0,0,0,1,0,0,0,0,0,0,1,1,0,0,0,0,0,0,0
001.42,89625,14164939,"Metodologia do trabalho científico - 23. ed., rev. e atual. / 2007",1,1,0,0,2,2,2,2,0,0,0,0,0,0,0,0,0,0,0,0,1,0,0,0,0,0,0,0,0,0,0,0,0,0,0,0,0,0,0,0,0,0,0,0,0,0,0,0
001.42,89625,14164929,"Metodologia do trabalho científico - 23. ed., rev. e atual. / 2007",0,0,0,0,2,0,0,0,0,0,0,1,0,0,1,2,1,1,0,1,0,0,0,0,0,0,0,0,0,0,0,0,0,0,1,0,0,0,0,0,0,0,0,0,0,0,0,0
001.42,89625,14164971,"Metodologia do trabalho científico - 23. ed., rev. e atual. / 2007",0,0,0,0,0,0,0,0,0,0,0,0,0,0,0,0,0,0,0,0,0,0,0,0,0,0,0,0,0,0,1,1,0,1,1,1,1,1,0,1,0,0,0,0,0,0,0,0
001.42,89625,14164974,"Metodologia do trabalho científico - 23. ed., rev. e atual. / 2007",0,0,0,0,0,0,0,0,0,0,0,0,0,0,0,0,0,0,0,0,0,1,0,0,0,0,0,0,0,0,0,0,1,1,1,1,1,1,0,1,0,0,0,0,0,0,0,0
001.42,89625,14164965,"Metodologia do trabalho científico - 23. ed., rev. e atual. / 2007",0,0,0,0,0,0,0,0,0,0,0,0,0,0,0,0,0,0,0,0,0,0,0,0,0,0,0,0,0,0,0,0,0,2,1,1,1,1,0,1,0,0,0,0,0,0,0,0
001.42,89625,14164950,"Metodologia do trabalho científico - 23. ed., rev. e atual. / 2007",0,0,0,0,0,0,0,0,0,0,0,0,0,0,0,0,0,0,0,0,0,0,0,0,0,0,0,0,0,0,0,0,0,0,1,1,1,2,0,0,0,0,0,0,0,0,0,0
001.42,89625,14164903,"Metodologia do trabalho científico - 23. ed., rev. e atual. / 2007",0,0,0,0,0,0,0,0,0,0,0,0,0,0,1,1,1,0,0,0,0,0,0,0,0,0,0,0,0,0,0,0,0,0,0,0,0,0,0,0,0,0,0,0,0,0,0,0
001.42,89625,14164904,"Metodologia do trabalho científico - 23. ed., rev. e atual. / 2007",0,0,0,0,0,0,0,0,0,0,0,0,0,0,0,0,0,0,0,0,0,0,0,0,0,0,0,0,0,0,0,0,0,0,0,0,0,0,0,2,0,0,0,0,0,0,0,0
001.42,89625,14164925,"Metodologia do trabalho científico - 23. ed., rev. e atual. / 2007",0,0,1,1,0,0,0,0,0,0,0,0,0,0,0,0,0,0,0,0,0,0,0,0,0,0,0,0,0,0,0,0,0,0,0,0,0,0,0,0,0,0,0,0,0,0,0,0
001.42,89625,14164913,"Metodologia do trabalho científico - 23. ed., rev. e atual. / 2007",0,0,0,0,0,0,0,0,0,0,0,0,0,0,0,0,0,0,0,0,0,0,0,0,0,0,0,0,0,0,0,0,0,0,0,0,0,0,0,0,0,0,0,0,1,0,0,0
001.42,89625,14164960,"Metodologia do trabalho científico - 23. ed., rev. e atual. / 2007",0,0,1,0,0,0,0,0,0,0,0,0,0,0,0,0,0,0,0,0,0,0,0,0,0,0,0,0,0,0,0,0,0,0,0,0,0,0,0,0,0,0,0,0,0,0,0,0
001.42,97619,14150532,"Construção do saber : manual de metodologia da pesquisa em ciências humanas, A / 1999",1,1,0,0,0,0,0,0,0,0,0,0,0,0,0,0,0,0,0,0,0,0,0,0,0,0,0,0,0,0,0,0,0,0,0,0,0,0,0,0,0,0,0,0,0,0,0,0
001.42,116167,14168360,Fundamentos de metodologia científica - 7. ed. / 2010,0,0,0,0,2,2,2,2,0,0,0,1,0,0,1,2,1,1,0,1,0,0,0,0,0,0,0,0,0,0,0,0,0,0,0,0,0,0,0,0,0,0,0,0,0,0,0,0
001.42,116167,14168399,Fundamentos de metodologia científica - 7. ed. / 2010,0,0,0,0,0,0,0,0,0,0,0,0,0,0,0,0,0,0,0,0,1,0,0,0,0,0,0,0,0,0,0,1,0,1,1,1,1,1,0,1,0,0,0,0,0,0,0,0
001.42,116167,14168365,Fundamentos de metodologia científica - 7. ed. / 2010,0,0,0,0,0,0,0,0,0,0,0,0,0,0,0,0,0,0,0,0,1,0,0,0,0,0,0,0,0,0,1,1,0,0,0,0,0,0,0,0,0,0,0,0,0,0,0,0
001.42,116167,14168366,Fundamentos de metodologia científica - 7. ed. / 2010,1,1,1,0,0,0,0,0,0,0,0,0,0,0,0,0,0,0,0,0,0,0,0,0,0,0,0,0,0,0,0,0,0,0,0,0,0,0,0,0,0,0,0,0,0,0,0,0
001.42,116167,14168374,Fundamentos de metodologia científica - 7. ed. / 2010,0,0,0,0,0,0,0,0,0,0,0,0,0,0,1,1,0,0,0,0,0,0,0,0,0,0,0,0,0,0,0,0,0,0,0,0,1,0,0,0,0,0,0,0,0,0,0,0
001.42,116167,14168385,Fundamentos de metodologia científica - 7. ed. / 2010,1,1,0,0,0,0,0,0,0,0,0,0,0,0,0,0,0,0,0,0,0,0,0,0,0,0,0,0,0,0,0,0,0,0,0,0,0,0,0,0,0,0,0,0,0,0,0,0
001.42,116167,14168391,Fundamentos de metodologia científica - 7. ed. / 2010,0,0,0,0,0,0,0,0,0,0,0,0,0,0,0,0,0,0,0,0,0,0,0,0,0,0,0,0,0,0,0,0,0,0,0,0,0,0,0,0,0,1,1,0,0,0,0,0
001.42,116167,14168390,Fundamentos de metodologia científica - 7. ed. / 2010,0,0,0,0,0,0,0,0,0,0,0,0,0,0,0,0,0,0,0,0,0,0,0,0,0,0,0,0,0,0,0,0,1,0,0,0,0,0,0,0,0,0,0,0,0,0,0,0
001.42,116167,14168398,Fundamentos de metodologia científica - 7. ed. / 2010,0,0,0,0,0,0,0,0,0,0,0,0,0,0,0,0,0,0,0,0,0,0,0,0,0,0,0,0,0,0,0,0,0,0,0,0,0,0,0,0,0,0,0,0,0,0,1,0
001.42,132281,14168899,Guia para elaboração de monografias e trabalhos de conclusão de curso - 2. ed. / 2007,0,0,0,0,0,0,0,0,0,0,0,0,0,0,1,1,1,1,1,1,1,1,0,0,0,0,0,0,0,0,0,0,0,0,0,0,0,0,0,0,0,0,0,0,0,0,0,0
001.42,132281,14168900,Guia para elaboração de monografias e trabalhos de conclusão de curso - 2. ed. / 2007,0,0,0,0,0,0,0,0,0,0,0,0,0,0,1,1,0,0,0,0,0,1,0,0,0,0,0,0,0,0,0,0,0,0,0,0,0,0,0,0,0,0,0,0,0,0,0,0
001.42,132281,14168902,Guia para elaboração de monografias e trabalhos de conclusão de curso - 2. ed. / 2007,0,0,0,0,0,0,0,0,0,0,0,0,0,0,0,0,0,0,0,0,0,0,0,0,0,0,0,0,0,0,0,0,0,0,0,0,0,0,0,0,0,0,0,0,1,0,0,0
001.42,149688,14148860,Aprendendo a aprender : introdução à metodologia científica - 28. ed. / 2014,1,0,0,0,0,1,1,0,1,1,0,0,0,0,0,0,0,0,0,0,0,0,0,0,0,0,0,0,0,0,0,0,0,0,0,0,0,0,0,0,0,0,0,0,0,0,0,0
001.42,149688,14148849,Aprendendo a aprender : introdução à metodologia científica - 28. ed. / 2014,0,0,0,0,0,0,0,0,0,0,0,0,0,0,0,0,0,0,0,0,0,0,0,0,0,0,0,0,0,0,0,0,0,0,0,0,0,0,0,1,1,0,0,0,0,0,0,0
001.42,149688,14148875,Aprendendo a aprender : introdução à metodologia científica - 28. ed. / 2014,1,1,0,0,0,0,0,0,0,0,0,0,0,0,0,0,0,0,0,0,0,0,0,0,0,0,0,0,0,0,0,0,0,0,0,0,0,0,0,0,0,0,0,0,0,0,0,0
001.42,149688,14148850,Aprendendo a aprender : introdução à metodologia científica - 28. ed. / 2014,0,0,0,0,0,0,0,0,0,0,0,0,0,0,0,0,0,0,0,0,0,0,0,0,0,0,0,0,0,0,0,0,0,0,0,0,0,0,0,0,0,0,0,0,1,0,0,0
001.42,149688,14148867,Aprendendo a aprender : introdução à metodologia científica - 28. ed. / 2014,0,0,1,0,0,0,0,0,0,0,0,0,0,0,0,0,0,0,0,0,0,0,0,0,0,0,0,0,0,0,0,0,0,0,0,0,0,0,0,0,0,0,0,0,0,0,0,0
001.42,149688,14148876,Aprendendo a aprender : introdução à metodologia científica - 28. ed. / 2014,0,0,0,0,0,0,0,0,0,0,0,0,0,0,1,0,0,0,0,0,0,0,0,0,0,0,0,0,0,0,0,0,0,0,0,0,0,0,0,0,0,0,0,0,0,0,0,0
001.42,151471,14158522,Trabalho de conclusão de curso (TCC) na engenharia de produção : um guia prático de conteúdo e forma / 2012,0,0,0,0,0,0,0,0,0,0,0,0,0,0,0,1,1,1,1,0,0,0,0,0,0,0,0,0,0,0,0,0,0,0,0,0,1,2,0,0,0,0,0,0,0,0,0,0
001.42,151471,14158524,Trabalho de conclusão de curso (TCC) na engenharia de produção : um guia prático de conteúdo e forma / 2012,1,1,0,0,0,0,0,0,0,0,0,0,0,0,0,0,0,0,1,1,1,1,1,0,0,0,0,0,0,0,0,0,0,0,0,0,0,0,0,0,0,0,0,0,0,0,0,0
001.42,151471,14158523,Trabalho de conclusão de curso (TCC) na engenharia de produção : um guia prático de conteúdo e forma / 2012,0,0,0,0,0,0,0,0,0,0,0,0,0,0,0,0,0,0,1,1,1,0,0,0,0,0,0,0,0,0,0,0,0,0,0,0,0,0,0,0,0,0,0,0,0,0,0,0
001.42,154797,14171428,Trabalho de conclusão de curso (TCC) : guia de elaboração passo a passo / 2010,0,0,0,0,1,1,1,2,1,0,0,0,0,0,0,0,0,0,0,0,0,0,0,0,0,0,0,0,0,0,0,0,0,0,0,0,0,0,0,0,0,0,0,0,0,0,0,0
001.42,154797,14171459,Trabalho de conclusão de curso (TCC) : guia de elaboração passo a passo / 2010,0,0,0,0,0,0,0,0,0,0,0,0,0,0,1,1,0,0,0,0,0,0,0,0,0,0,0,0,0,0,0,0,0,0,0,0,0,0,0,0,0,0,0,0,0,0,0,0
001.42,154797,14171443,Trabalho de conclusão de curso (TCC) : guia de elaboração passo a passo / 2010,0,0,0,0,0,0,0,0,0,0,0,0,0,0,0,0,0,0,0,0,1,0,0,0,0,0,0,0,0,0,0,0,0,0,0,0,0,0,0,0,0,0,0,0,0,0,0,0
001.42,154797,14171445,Trabalho de conclusão de curso (TCC) : guia de elaboração passo a passo / 2010,0,0,0,0,0,0,0,0,0,0,0,0,0,0,0,0,1,0,0,0,0,0,0,0,0,0,0,0,0,0,0,0,0,0,0,0,0,0,0,0,0,0,0,0,0,0,0,0
001.42,154797,14171456,Trabalho de conclusão de curso (TCC) : guia de elaboração passo a passo / 2010,0,0,0,0,0,0,0,0,0,0,0,0,0,0,0,0,0,0,0,0,0,1,0,0,0,0,0,0,0,0,0,0,0,0,0,0,0,0,0,0,0,0,0,0,0,0,0,0
001.42,158749,14372564,"Construindo o saber : metodologia científica, fundamentos e técnicas - 24. ed. / 2012",0,0,0,0,0,0,0,0,0,0,0,0,0,0,0,0,0,0,0,0,0,0,0,0,0,0,0,0,0,0,0,0,0,0,0,0,0,0,0,0,0,1,1,0,0,0,0,0
3,128965,14158980,Programação linear como instrumento da pesquisa operacional / 2008,0,0,0,0,1,1,1,0,0,0,0,0,0,0,0,0,0,0,0,0,0,0,0,0,0,0,0,0,0,0,0,0,0,1,1,0,0,0,0,0,0,0,0,0,0,0,0,0
4,11924,14168223,Introdução a ciência da computação / 1984,0,0,0,0,0,0,0,1,0,0,0,0,0,0,0,0,0,0,0,0,2,1,0,0,0,0,0,0,0,0,0,0,0,0,0,0,0,0,0,0,0,1,0,0,0,0,0,0
4,11924,14168212,Introdução a ciência da computação / 1984,0,0,0,1,0,0,0,0,0,0,0,0,0,0,0,0,0,0,0,0,0,0,0,0,0,0,0,0,0,0,0,0,0,0,0,0,0,0,0,1,0,0,0,0,0,0,0,0
4,128536,14154862,Introdução à teoria da computação / 2007,0,0,1,1,1,1,0,1,1,1,1,1,0,1,1,1,1,1,0,0,0,0,0,0,0,1,0,0,0,0,0,2,1,0,1,1,1,1,0,1,0,1,1,0,1,1,1,1
4,128536,14154872,Introdução à teoria da computação / 2007,1,1,1,1,0,1,1,1,1,1,1,1,0,0,1,1,1,2,0,1,1,1,1,0,0,0,1,0,0,0,0,0,1,0,0,2,1,1,0,0,0,0,0,0,1,0,1,1
4,128536,14154875,Introdução à teoria da computação / 2007,0,0,1,2,1,1,1,1,1,1,0,0,0,0,1,1,1,1,1,1,2,1,1,1,0,0,1,1,0,1,0,0,1,0,0,0,0,1,0,0,0,0,0,0,0,0,0,0
4,128536,14342011,Introdução à teoria da computação / 2007,0,0,0,0,0,0,0,1,1,1,0,0,0,0,1,1,1,2,0,1,1,1,1,1,0,0,1,0,0,0,1,1,1,1,1,1,1,1,0,1,0,1,0,1,0,0,0,0
4,128536,14154868,Introdução à teoria da computação / 2007,0,0,1,1,0,0,0,1,1,1,1,1,0,0,1,1,1,1,0,1,1,1,1,0,0,1,0,1,0,0,0,1,1,0,0,0,0,0,0,1,0,0,0,0,0,0,0,0
4,128536,14154874,Introdução à teoria da computação / 2007,0,0,1,1,0,0,0,1,1,0,1,1,0,0,1,1,1,1,0,1,1,1,0,0,0,1,1,1,0,0,0,0,0,0,0,1,1,2,0,0,0,0,0,0,0,0,0,0
4,128536,14154856,Introdução à teoria da computação / 2007,0,0,1,1,1,1,1,1,1,0,0,0,0,0,1,0,1,0,0,1,1,1,1,0,0,0,0,0,0,0,0,0,0,0,0,0,0,1,1,1,1,1,1,0,0,0,0,0
4,128536,14154871,Introdução à teoria da computação / 2007,0,0,1,0,1,1,2,1,1,0,0,0,0,0,1,1,1,1,0,1,1,2,1,0,0,0,0,0,0,0,0,0,0,0,0,0,0,1,0,0,0,0,0,0,0,0,0,0
4,128536,14154876,Introdução à teoria da computação / 2007,0,0,1,1,1,1,0,1,1,1,0,0,0,0,1,1,1,1,0,1,1,1,1,1,0,0,0,0,0,0,0,0,0,0,0,0,0,1,0,0,0,0,0,0,0,0,0,0
4,128536,14154857,Introdução à teoria da computação / 2007,0,0,1,1,1,0,0,1,1,1,1,1,0,0,0,2,1,1,1,0,0,0,0,0,0,0,0,0,0,0,0,0,0,0,0,0,0,1,0,1,0,0,0,0,0,0,0,0
4,128536,14154864,Introdução à teoria da computação / 2007,0,0,2,1,0,0,0,1,0,0,1,0,0,0,1,1,1,1,0,0,2,1,0,0,0,0,0,0,0,0,0,0,0,0,0,0,0,0,0,1,0,1,0,0,0,0,0,0
4,128536,14154870,Introdução à teoria da computação / 2007,0,0,1,0,0,0,0,1,1,1,1,0,0,0,1,1,1,2,0,1,1,1,1,0,0,0,0,0,0,0,0,0,0,0,0,0,0,0,0,0,0,0,0,0,0,0,0,0
4,128536,14154859,Introdução à teoria da computação / 2007,0,0,1,1,1,0,0,1,1,1,1,0,0,0,1,1,1,1,0,0,0,0,0,0,0,0,0,0,0,0,0,0,0,0,0,0,0,0,0,0,1,1,0,0,0,0,0,0
4,128536,14154863,Introdução à teoria da computação / 2007,0,0,1,1,0,0,0,1,1,1,1,0,0,0,1,1,1,1,0,0,1,1,0,0,0,0,0,0,0,0,0,0,0,0,0,0,0,1,0,0,0,0,0,0,0,0,0,0
4,128536,14154866,Introdução à teoria da computação / 2007,0,0,0,0,0,0,0,1,1,1,0,0,0,0,1,1,1,1,0,0,2,2,1,0,0,0,0,0,0,0,0,0,0,0,0,0,0,0,0,0,0,0,0,0,0,0,0,0
4,128536,14154865,Introdução à teoria da computação / 2007,0,0,1,0,0,0,1,1,1,1,1,1,0,0,1,1,1,0,0,0,0,0,0,0,0,0,0,0,0,0,0,0,0,0,0,0,0,0,0,0,0,0,0,0,0,0,0,0
4,128536,14154858,Introdução à teoria da computação / 2007,0,0,1,0,0,0,0,0,1,1,0,0,0,0,1,1,1,1,0,1,0,0,0,0,0,0,0,0,0,0,0,0,0,0,0,0,0,0,0,0,0,0,0,0,0,0,0,0
4,128536,14154867,Introdução à teoria da computação / 2007,0,0,1,1,0,0,0,0,1,0,0,0,0,0,1,1,1,1,0,0,0,0,0,0,0,0,0,0,0,0,0,0,0,0,0,0,0,0,0,0,0,0,0,0,0,0,0,0
4,128536,14154861,Introdução à teoria da computação / 2007,0,0,1,0,0,0,0,0,0,0,0,0,0,0,1,1,1,0,0,0,0,0,0,0,0,0,0,0,0,0,0,0,0,0,0,0,1,0,0,0,0,0,0,0,0,0,0,0
4,128536,14154873,Introdução à teoria da computação / 2007,2,0,1,0,0,0,0,0,0,0,0,0,0,0,0,0,0,0,0,0,0,0,0,0,0,0,0,0,0,0,0,0,0,0,0,0,0,0,0,0,0,0,0,0,0,0,0,0
4,128536,14387179,Introdução à teoria da computação / 2007,0,0,0,0,0,0,0,0,0,0,0,0,0,0,0,0,0,0,0,0,0,0,0,0,0,0,0,0,0,0,0,0,0,0,0,0,0,0,0,0,0,0,0,0,0,0,0,1
4,129089,14158888,"Redes, guia prático - 2. ed., amp. e atual. / 2011",0,0,0,0,0,0,0,1,0,0,0,0,0,0,0,0,0,0,0,0,0,0,0,0,0,0,0,0,0,0,0,0,0,0,0,0,0,0,0,0,0,0,0,0,0,0,0,0
4,136543,14152143,"Informática : conceitos básicos - 8. ed., rev. e atual. / 2011",0,0,0,0,0,0,0,0,0,0,0,0,0,0,0,0,0,0,0,0,0,0,0,0,0,0,0,0,0,0,0,0,0,0,0,0,0,0,0,0,0,0,0,0,1,1,1,1
4,157104,14185718,"Informática : conceitos básicos - 9. ed., rev. e atual. / 2014",0,0,0,2,1,2,1,1,1,1,1,1,0,0,0,0,0,1,0,1,1,1,0,0,0,0,0,0,0,0,0,0,0,0,0,0,0,0,0,0,0,0,0,0,0,0,0,0
4,157104,14185714,"Informática : conceitos básicos - 9. ed., rev. e atual. / 2014",0,0,0,0,0,1,1,0,0,1,1,0,0,0,0,0,0,0,0,1,1,1,1,1,0,1,1,0,0,0,0,0,0,0,0,0,0,0,0,0,0,0,0,0,0,0,0,0
4,157104,14185726,"Informática : conceitos básicos - 9. ed., rev. e atual. / 2014",0,0,0,0,0,0,0,0,0,0,0,0,0,0,0,0,0,0,0,1,2,1,0,0,0,0,0,0,0,0,0,0,0,0,0,0,0,0,0,0,0,0,1,0,0,0,0,0
4,157104,14185711,"Informática : conceitos básicos - 9. ed., rev. e atual. / 2014",0,0,0,0,0,0,0,0,0,0,0,0,0,0,0,0,0,0,0,0,0,0,0,0,0,0,0,0,0,0,0,0,0,0,2,1,1,0,0,0,0,0,0,0,0,0,0,0
4,157104,14185716,"Informática : conceitos básicos - 9. ed., rev. e atual. / 2014",0,0,0,0,0,0,0,0,0,0,0,0,0,0,0,0,0,0,0,0,0,0,0,0,0,0,0,0,0,0,0,0,0,2,0,0,0,0,0,0,1,0,0,0,0,0,0,0
4,157104,14184195,"Informática : conceitos básicos - 9. ed., rev. e atual. / 2014",0,0,0,0,0,0,0,0,0,0,0,0,0,0,0,0,0,0,0,0,0,0,0,0,0,1,0,1,0,0,0,0,0,0,0,0,0,0,0,0,0,0,0,0,0,0,0,0
4,157104,14185717,"Informática : conceitos básicos - 9. ed., rev. e atual. / 2014",0,0,0,0,0,0,0,0,0,0,0,0,0,0,0,0,0,0,0,0,0,0,0,0,0,0,0,0,0,0,0,0,0,0,0,0,0,0,0,0,0,0,1,0,1,0,0,0
4,158031,14187670,Parsing techniques : a pratical guide - 2nd. ed. / 2008,0,0,1,0,0,0,0,0,0,0,0,0,0,0,0,0,0,0,0,0,0,0,0,0,0,0,0,0,0,0,0,0,0,0,0,0,0,0,0,0,0,0,0,0,0,0,0,0
40.151,71726,14152212,Fundamentos matemáticos para a ciência da computação : um tratamento moderno de matemática discreta - 5. ed. / 2004,0,0,1,1,0,0,0,1,1,1,1,1,0,0,1,1,0,1,0,0,1,0,0,0,0,1,0,0,0,0,0,0,0,0,0,0,0,0,0,1,0,0,0,0,0,0,0,0
40.151,71726,14152224,Fundamentos matemáticos para a ciência da computação : um tratamento moderno de matemática discreta - 5. ed. / 2004,0,0,0,2,1,2,1,1,1,1,1,1,0,0,0,0,0,0,0,0,0,0,0,0,0,0,0,0,0,0,0,0,0,0,0,0,0,0,0,1,0,0,0,0,0,0,0,0
40.151,71726,14152245,Fundamentos matemáticos para a ciência da computação : um tratamento moderno de matemática discreta - 5. ed. / 2004,1,1,1,0,0,0,0,1,0,0,0,0,0,0,0,0,0,0,0,0,0,0,0,0,0,1,0,0,0,0,0,0,0,0,0,0,0,0,0,0,1,1,1,0,1,1,1,1
40.151,71726,14152265,Fundamentos matemáticos para a ciência da computação : um tratamento moderno de matemática discreta - 5. ed. / 2004,1,1,0,1,1,1,0,1,0,0,0,0,0,0,0,0,0,0,0,0,0,0,0,0,0,0,0,0,0,0,0,0,0,0,1,0,0,0,0,1,1,1,1,0,0,0,0,0
40.151,71726,14152275,Fundamentos matemáticos para a ciência da computação : um tratamento moderno de matemática discreta - 5. ed. / 2004,0,0,1,1,0,0,0,1,1,1,0,0,0,0,1,1,1,1,0,0,0,0,0,0,0,1,0,0,0,0,0,0,0,0,0,0,0,0,0,0,0,0,0,0,0,0,0,0
40.151,71726,14152264,Fundamentos matemáticos para a ciência da computação : um tratamento moderno de matemática discreta - 5. ed. / 2004,0,0,0,1,0,0,0,0,0,0,0,0,0,0,0,0,0,0,0,0,0,0,0,0,0,0,0,0,0,0,0,0,1,1,1,1,1,0,0,2,1,0,0,0,0,0,0,0
40.151,71726,14152217,Fundamentos matemáticos para a ciência da computação : um tratamento moderno de matemática discreta - 5. ed. / 2004,0,0,0,0,0,0,0,0,0,0,0,0,0,0,1,1,2,1,0,0,0,0,0,0,0,1,0,0,0,0,0,2,0,0,0,0,0,0,0,0,0,0,0,0,0,0,0,0
40.151,71726,14152222,Fundamentos matemáticos para a ciência da computação : um tratamento moderno de matemática discreta - 5. ed. / 2004,0,0,0,0,0,0,0,1,1,1,1,0,0,0,1,1,1,0,0,0,0,0,0,0,0,0,0,0,0,0,0,0,0,0,0,0,0,0,0,1,0,0,0,0,0,0,0,0
40.151,71726,14152258,Fundamentos matemáticos para a ciência da computação : um tratamento moderno de matemática discreta - 5. ed. / 2004,1,1,1,1,1,0,0,1,2,0,0,0,0,0,0,0,0,0,0,0,0,0,0,0,0,0,0,0,0,0,0,0,0,0,0,0,0,0,0,0,0,0,0,0,0,0,0,0
40.151,71726,14152260,Fundamentos matemáticos para a ciência da computação : um tratamento moderno de matemática discreta - 5. ed. / 2004,0,0,1,1,1,1,1,1,1,0,0,0,0,0,0,0,0,0,0,0,0,0,0,0,0,0,0,0,0,0,0,0,0,0,0,0,0,0,0,1,0,0,0,0,0,0,0,0
40.151,71726,14152225,Fundamentos matemáticos para a ciência da computação : um tratamento moderno de matemática discreta - 5. ed. / 2004,0,0,1,1,0,0,0,1,1,0,0,0,0,0,0,0,0,0,0,0,0,0,0,0,0,0,1,0,0,0,0,0,0,0,0,0,0,0,0,1,1,0,0,0,0,0,0,0
40.151,71726,14152249,Fundamentos matemáticos para a ciência da computação : um tratamento moderno de matemática discreta - 5. ed. / 2004,0,0,1,1,1,1,1,1,1,0,0,0,0,0,0,0,0,0,0,0,0,0,0,0,0,0,0,0,0,0,0,0,0,0,0,0,0,0,0,0,0,0,0,0,0,0,0,0
40.151,71726,14152210,Fundamentos matemáticos para a ciência da computação : um tratamento moderno de matemática discreta - 5. ed. / 2004,0,0,1,1,0,0,0,1,1,1,1,0,0,0,0,0,0,0,0,0,0,0,0,0,0,0,0,0,0,0,0,0,0,0,0,0,0,0,0,0,0,0,0,0,0,0,0,0
40.151,71726,14152215,Fundamentos matemáticos para a ciência da computação : um tratamento moderno de matemática discreta - 5. ed. / 2004,1,0,1,1,1,1,0,1,0,0,0,0,0,0,0,0,0,0,0,0,0,0,0,0,0,0,0,0,0,0,0,0,0,0,0,0,0,0,0,0,0,0,0,0,0,0,0,0
40.151,71726,14152223,Fundamentos matemáticos para a ciência da computação : um tratamento moderno de matemática discreta - 5. ed. / 2004,1,1,1,1,0,0,0,1,1,0,0,0,0,0,0,0,0,0,0,0,0,0,0,0,0,0,0,0,0,0,0,0,0,0,0,0,0,0,0,0,0,0,0,0,0,0,0,0
40.151,71726,14152239,Fundamentos matemáticos para a ciência da computação : um tratamento moderno de matemática discreta - 5. ed. / 2004,1,1,1,1,0,0,0,1,1,0,0,0,0,0,0,0,0,0,0,0,0,0,0,0,0,0,0,0,0,0,0,0,0,0,0,0,0,0,0,0,0,0,0,0,0,0,0,0
40.151,71726,14152247,Fundamentos matemáticos para a ciência da computação : um tratamento moderno de matemática discreta - 5. ed. / 2004,2,0,1,1,1,0,0,1,0,0,0,0,0,0,0,0,0,0,0,0,0,0,0,0,0,0,0,0,0,0,0,0,0,0,0,0,0,0,0,0,0,0,0,0,0,0,0,0
40.151,71726,14152251,Fundamentos matemáticos para a ciência da computação : um tratamento moderno de matemática discreta - 5. ed. / 2004,0,0,1,1,0,0,0,1,0,0,0,0,0,0,0,0,0,0,0,0,0,1,1,0,0,0,0,0,0,0,0,0,0,0,0,0,0,0,0,0,0,0,0,0,0,0,0,0
40.151,71726,14152259,Fundamentos matemáticos para a ciência da computação : um tratamento moderno de matemática discreta - 5. ed. / 2004,0,0,1,0,0,0,1,1,1,0,1,0,0,0,0,0,0,0,0,0,0,0,0,0,0,0,0,0,0,0,0,0,0,0,0,0,0,0,0,0,0,0,0,0,0,0,0,0
40.151,71726,14152271,Fundamentos matemáticos para a ciência da computação : um tratamento moderno de matemática discreta - 5. ed. / 2004,0,0,1,1,1,0,2,0,0,0,0,0,0,0,0,0,0,0,0,0,0,0,0,0,0,0,0,0,0,0,0,0,0,0,0,0,0,0,0,0,0,0,0,0,0,0,0,0
40.151,71726,14152273,Fundamentos matemáticos para a ciência da computação : um tratamento moderno de matemática discreta - 5. ed. / 2004,1,1,1,1,0,0,0,1,0,0,0,0,0,0,0,0,0,0,0,0,0,0,0,0,0,0,0,0,0,0,0,0,0,0,0,0,0,0,0,0,0,0,0,0,0,0,0,0
40.151,71726,14152213,Fundamentos matemáticos para a ciência da computação : um tratamento moderno de matemática discreta - 5. ed. / 2004,0,0,1,1,1,0,0,1,0,0,0,0,0,0,0,0,0,0,0,0,0,0,0,0,0,0,0,0,0,0,0,0,0,0,0,0,0,0,0,0,0,0,0,0,0,0,0,0
40.151,71726,14152218,Fundamentos matemáticos para a ciência da computação : um tratamento moderno de matemática discreta - 5. ed. / 2004,0,0,1,1,1,0,0,1,0,0,0,0,0,0,0,0,0,0,0,0,0,0,0,0,0,0,0,0,0,0,0,0,0,0,0,0,0,0,0,0,0,0,0,0,0,0,0,0
40.151,71726,14152241,Fundamentos matemáticos para a ciência da computação : um tratamento moderno de matemática discreta - 5. ed. / 2004,0,0,1,1,0,0,0,1,1,0,0,0,0,0,0,0,0,0,0,0,0,0,0,0,0,0,0,0,0,0,0,0,0,0,0,0,0,0,0,0,0,0,0,0,0,0,0,0
40.151,71726,14152244,Fundamentos matemáticos para a ciência da computação : um tratamento moderno de matemática discreta - 5. ed. / 2004,0,0,1,1,1,0,0,1,0,0,0,0,0,0,0,0,0,0,0,0,0,0,0,0,0,0,0,0,0,0,0,0,0,0,0,0,0,0,0,0,0,0,0,0,0,0,0,0
40.151,71726,14152257,Fundamentos matemáticos para a ciência da computação : um tratamento moderno de matemática discreta - 5. ed. / 2004,0,0,0,1,0,0,0,1,1,1,0,0,0,0,0,0,0,0,0,0,0,0,0,0,0,0,0,0,0,0,0,0,0,0,0,0,0,0,0,0,0,0,0,0,0,0,0,0
40.151,71726,14152263,Fundamentos matemáticos para a ciência da computação : um tratamento moderno de matemática discreta - 5. ed. / 2004,0,0,1,0,0,0,0,1,0,0,0,0,0,0,1,0,0,1,0,0,0,0,0,0,0,0,0,0,0,0,0,0,0,0,0,0,0,0,0,0,0,0,0,0,0,0,0,0
40.151,71726,14152236,Fundamentos matemáticos para a ciência da computação : um tratamento moderno de matemática discreta - 5. ed. / 2004,0,0,0,0,0,0,0,1,0,0,0,0,0,0,0,1,1,0,0,0,0,0,0,0,0,0,0,0,0,0,0,0,0,0,0,0,0,0,0,0,0,0,0,0,0,0,0,0
40.151,71726,14152246,Fundamentos matemáticos para a ciência da computação : um tratamento moderno de matemática discreta - 5. ed. / 2004,0,0,1,0,0,0,0,1,0,0,0,0,0,0,0,0,0,0,0,0,0,0,0,0,0,0,0,0,0,0,0,0,0,0,0,0,0,0,0,1,0,0,0,0,0,0,0,0
40.151,71726,14152254,Fundamentos matemáticos para a ciência da computação : um tratamento moderno de matemática discreta - 5. ed. / 2004,0,0,0,1,0,0,0,1,0,0,0,0,0,0,0,0,0,0,0,0,0,0,1,0,0,0,0,0,0,0,0,0,0,0,0,0,0,0,0,0,0,0,0,0,0,0,0,0
40.151,71726,14152261,Fundamentos matemáticos para a ciência da computação : um tratamento moderno de matemática discreta - 5. ed. / 2004,0,0,1,1,0,0,0,1,0,0,0,0,0,0,0,0,0,0,0,0,0,0,0,0,0,0,0,0,0,0,0,0,0,0,0,0,0,0,0,0,0,0,0,0,0,0,0,0
40.151,71726,14152268,Fundamentos matemáticos para a ciência da computação : um tratamento moderno de matemática discreta - 5. ed. / 2004,0,0,1,0,0,0,0,1,1,0,0,0,0,0,0,0,0,0,0,0,0,0,0,0,0,0,0,0,0,0,0,0,0,0,0,0,0,0,0,0,0,0,0,0,0,0,0,0
40.151,71726,14152276,Fundamentos matemáticos para a ciência da computação : um tratamento moderno de matemática discreta - 5. ed. / 2004,0,0,1,1,0,0,0,1,0,0,0,0,0,0,0,0,0,0,0,0,0,0,0,0,0,0,0,0,0,0,0,0,0,0,0,0,0,0,0,0,0,0,0,0,0,0,0,0
40.151,71726,14152220,Fundamentos matemáticos para a ciência da computação : um tratamento moderno de matemática discreta - 5. ed. / 2004,0,0,1,1,0,0,0,0,0,0,0,0,0,0,0,0,0,0,0,0,0,0,0,0,0,0,0,0,0,0,0,0,0,0,0,0,0,0,0,0,0,0,0,0,0,0,0,0
40.151,71726,14152221,Fundamentos matemáticos para a ciência da computação : um tratamento moderno de matemática discreta - 5. ed. / 2004,0,0,1,1,0,0,0,0,0,0,0,0,0,0,0,0,0,0,0,0,0,0,0,0,0,0,0,0,0,0,0,0,0,0,0,0,0,0,0,0,0,0,0,0,0,0,0,0
40.151,71726,14152227,Fundamentos matemáticos para a ciência da computação : um tratamento moderno de matemática discreta - 5. ed. / 2004,0,0,1,1,0,0,0,0,0,0,0,0,0,0,0,0,0,0,0,0,0,0,0,0,0,0,0,0,0,0,0,0,0,0,0,0,0,0,0,0,0,0,0,0,0,0,0,0
40.151,71726,14152253,Fundamentos matemáticos para a ciência da computação : um tratamento moderno de matemática discreta - 5. ed. / 2004,0,0,0,0,0,0,0,1,1,0,0,0,0,0,0,0,0,0,0,0,0,0,0,0,0,0,0,0,0,0,0,0,0,0,0,0,0,0,0,0,0,0,0,0,0,0,0,0
40.151,71726,14152255,Fundamentos matemáticos para a ciência da computação : um tratamento moderno de matemática discreta - 5. ed. / 2004,0,0,1,0,0,0,0,0,1,0,0,0,0,0,0,0,0,0,0,0,0,0,0,0,0,0,0,0,0,0,0,0,0,0,0,0,0,0,0,0,0,0,0,0,0,0,0,0
40.151,71726,14152262,Fundamentos matemáticos para a ciência da computação : um tratamento moderno de matemática discreta - 5. ed. / 2004,0,0,1,0,0,0,0,1,0,0,0,0,0,0,0,0,0,0,0,0,0,0,0,0,0,0,0,0,0,0,0,0,0,0,0,0,0,0,0,0,0,0,0,0,0,0,0,0
40.151,71726,14152269,Fundamentos matemáticos para a ciência da computação : um tratamento moderno de matemática discreta - 5. ed. / 2004,0,0,1,0,0,0,0,1,0,0,0,0,0,0,0,0,0,0,0,0,0,0,0,0,0,0,0,0,0,0,0,0,0,0,0,0,0,0,0,0,0,0,0,0,0,0,0,0
40.151,71726,14152216,Fundamentos matemáticos para a ciência da computação : um tratamento moderno de matemática discreta - 5. ed. / 2004,0,0,1,0,0,0,0,0,0,0,0,0,0,0,0,0,0,0,0,0,0,0,0,0,0,0,0,0,0,0,0,0,0,0,0,0,0,0,0,0,0,0,0,0,0,0,0,0
40.151,71726,14152219,Fundamentos matemáticos para a ciência da computação : um tratamento moderno de matemática discreta - 5. ed. / 2004,0,0,1,0,0,0,0,0,0,0,0,0,0,0,0,0,0,0,0,0,0,0,0,0,0,0,0,0,0,0,0,0,0,0,0,0,0,0,0,0,0,0,0,0,0,0,0,0
40.151,71726,14152228,Fundamentos matemáticos para a ciência da computação : um tratamento moderno de matemática discreta - 5. ed. / 2004,0,0,1,0,0,0,0,0,0,0,0,0,0,0,0,0,0,0,0,0,0,0,0,0,0,0,0,0,0,0,0,0,0,0,0,0,0,0,0,0,0,0,0,0,0,0,0,0
40.151,71726,14152248,Fundamentos matemáticos para a ciência da computação : um tratamento moderno de matemática discreta - 5. ed. / 2004,0,0,1,0,0,0,0,0,0,0,0,0,0,0,0,0,0,0,0,0,0,0,0,0,0,0,0,0,0,0,0,0,0,0,0,0,0,0,0,0,0,0,0,0,0,0,0,0
40.151,71726,14152274,Fundamentos matemáticos para a ciência da computação : um tratamento moderno de matemática discreta - 5. ed. / 2004,0,0,0,1,0,0,0,0,0,0,0,0,0,0,0,0,0,0,0,0,0,0,0,0,0,0,0,0,0,0,0,0,0,0,0,0,0,0,0,0,0,0,0,0,0,0,0,0
4.019,126833,14178009,Interação humano-computador / 2010,1,0,1,0,1,2,1,1,2,1,1,1,0,0,1,0,0,0,0,1,1,1,1,0,0,0,1,0,0,0,1,1,0,0,0,0,0,0,0,0,0,0,0,0,0,0,0,0
4.019,126833,14178016,Interação humano-computador / 2010,0,0,0,1,0,0,0,2,1,1,0,0,1,0,1,0,1,0,0,1,1,1,1,0,0,0,0,0,0,0,0,0,0,0,1,1,1,0,0,0,0,0,0,0,0,0,0,0
4.019,126833,14178051,Interação humano-computador / 2010,0,0,1,1,0,2,2,2,1,1,1,1,0,0,1,1,0,0,0,0,0,0,0,0,0,0,0,0,0,0,0,0,0,0,1,0,0,0,0,0,0,0,0,0,0,0,0,0
4.019,126833,14178014,Interação humano-computador / 2010,0,0,1,1,1,0,0,1,1,1,1,1,0,1,0,0,0,0,0,1,1,1,0,0,0,0,0,0,0,0,0,0,0,0,0,0,0,0,0,0,1,1,0,0,0,0,0,0
4.019,126833,14178029,Interação humano-computador / 2010,0,0,0,0,0,0,0,1,1,1,1,1,0,0,1,0,1,1,1,1,1,1,1,0,0,0,0,0,0,0,0,0,0,1,0,0,0,0,0,0,0,0,0,0,0,0,0,0
4.019,126833,14178042,Interação humano-computador / 2010,0,0,0,0,0,0,0,0,1,0,0,0,0,0,0,0,2,1,0,2,1,1,0,0,0,0,0,0,0,0,1,1,2,1,0,0,0,0,0,0,0,0,0,0,0,0,0,0
4.019,126833,14178011,Interação humano-computador / 2010,0,0,1,0,0,0,0,2,2,2,2,0,0,1,1,0,0,0,0,0,0,1,0,0,0,0,0,0,0,0,0,0,0,0,0,0,0,0,0,0,0,0,0,0,0,0,0,0
4.019,126833,14178047,Interação humano-computador / 2010,1,1,1,1,0,0,0,1,1,1,0,0,0,0,0,0,0,0,0,1,2,1,0,0,0,0,0,0,0,0,0,0,0,0,0,0,0,0,0,0,0,0,0,0,0,0,0,0
4.019,126833,14178045,Interação humano-computador / 2010,0,0,1,1,1,0,0,1,0,0,0,0,0,0,1,0,1,0,0,1,1,1,0,0,0,0,0,0,0,0,0,0,0,0,0,0,0,0,0,0,0,0,0,0,0,1,0,0
4.019,126833,14178015,Interação humano-computador / 2010,0,0,0,0,0,0,0,0,0,0,0,0,0,0,0,0,2,1,0,1,1,1,1,0,0,0,0,0,0,0,1,1,0,0,0,0,0,0,0,0,0,0,0,0,0,0,0,0
4.019,126833,14178043,Interação humano-computador / 2010,0,0,0,0,0,0,0,0,0,0,0,0,0,0,1,0,0,0,0,1,1,2,1,0,0,0,1,1,0,0,0,0,0,0,0,0,0,0,0,0,0,0,0,0,0,0,0,0
4.019,126833,14178049,Interação humano-computador / 2010,0,0,0,0,0,0,0,0,0,0,0,0,0,0,0,0,0,0,0,0,0,0,0,0,0,1,0,1,0,0,0,1,1,0,1,1,1,1,0,0,0,0,0,0,0,0,0,0
4.019,126833,14178010,Interação humano-computador / 2010,0,0,1,1,1,1,1,1,1,0,0,0,0,0,0,0,0,0,0,0,0,0,0,0,0,0,0,0,0,0,0,0,0,0,0,0,0,0,0,0,0,0,0,0,0,0,0,0
4.019,126833,14178028,Interação humano-computador / 2010,0,0,1,1,0,0,0,1,1,1,1,0,0,0,0,0,0,0,0,1,0,0,0,0,0,0,0,0,0,0,0,0,0,0,0,0,0,0,0,0,0,0,0,0,0,0,0,0
4.019,126833,14178031,Interação humano-computador / 2010,1,1,1,1,1,1,0,1,0,0,0,0,0,0,0,0,0,0,0,0,0,0,0,0,0,0,0,0,0,0,0,0,0,0,0,0,0,0,0,0,0,0,0,0,0,0,0,0
4.019,126833,14178058,Interação humano-computador / 2010,0,0,0,0,0,0,0,0,1,1,1,1,0,0,0,0,1,0,0,0,0,1,0,1,0,0,0,0,0,0,0,0,0,0,0,0,0,0,0,0,0,0,0,0,0,0,0,0
4.019,126833,14178035,Interação humano-computador / 2010,0,0,0,1,2,0,0,1,1,1,0,0,0,0,0,0,0,0,0,0,0,0,0,0,0,0,0,0,0,0,0,0,0,0,0,0,0,0,0,0,0,0,0,0,0,0,0,0
4.019,126833,14178053,Interação humano-computador / 2010,0,0,1,0,2,1,0,1,1,0,0,0,0,0,0,0,0,0,0,0,0,0,0,0,0,0,0,0,0,0,0,0,0,0,0,0,0,0,0,0,0,0,0,0,0,0,0,0
4.019,126833,14178013,Interação humano-computador / 2010,0,0,1,1,0,0,0,1,1,1,0,0,0,0,0,0,0,0,0,0,0,0,0,0,0,0,0,0,0,0,0,0,0,0,0,0,0,0,0,0,0,0,0,0,0,0,0,0
4.019,126833,14178018,Interação humano-computador / 2010,0,0,1,0,1,1,1,1,0,0,0,0,0,0,0,0,0,0,0,0,0,0,0,0,0,0,0,0,0,0,0,0,0,0,0,0,0,0,0,0,0,0,0,0,0,0,0,0
4.019,126833,14178041,Interação humano-computador / 2010,0,0,1,1,1,1,0,1,0,0,0,0,0,0,0,0,0,0,0,0,0,0,0,0,0,0,0,0,0,0,0,0,0,0,0,0,0,0,0,0,0,0,0,0,0,0,0,0
4.019,126833,14178050,Interação humano-computador / 2010,0,0,1,1,1,0,0,1,0,0,0,1,0,0,0,0,0,0,0,0,0,0,0,0,0,0,0,0,0,0,0,0,0,0,0,0,0,0,0,0,0,0,0,0,0,0,0,0
4.019,126833,14178032,Interação humano-computador / 2010,1,1,1,0,0,0,0,1,0,0,0,0,0,0,0,0,0,0,0,0,0,0,0,0,0,0,0,0,0,0,0,0,0,0,0,0,0,0,0,0,0,0,0,0,0,0,0,0
4.019,126833,14178034,Interação humano-computador / 2010,0,0,1,1,0,0,0,1,1,0,0,0,0,0,0,0,0,0,0,0,0,0,0,0,0,0,0,0,0,0,0,0,0,0,0,0,0,0,0,0,0,0,0,0,0,0,0,0
4.019,126833,14178055,Interação humano-computador / 2010,0,0,1,1,1,0,0,1,0,0,0,0,0,0,0,0,0,0,0,0,0,0,0,0,0,0,0,0,0,0,0,0,0,0,0,0,0,0,0,0,0,0,0,0,0,0,0,0
4.019,126833,14178052,Interação humano-computador / 2010,0,0,0,0,0,0,0,0,0,0,0,0,0,0,0,0,0,0,0,0,0,0,0,0,0,0,0,0,0,0,0,0,0,0,0,0,0,0,0,0,0,1,1,0,0,1,0,0
4.019,126833,14178017,Interação humano-computador / 2010,0,0,0,0,0,0,0,0,1,0,0,0,0,0,0,0,0,0,0,0,0,0,0,0,0,0,0,0,0,0,0,0,0,0,0,0,0,0,0,0,0,0,0,0,0,0,0,0
4.019,126833,14178020,Interação humano-computador / 2010,0,0,1,0,0,0,0,0,0,0,0,0,0,0,0,0,0,0,0,0,0,0,0,0,0,0,0,0,0,0,0,0,0,0,0,0,0,0,0,0,0,0,0,0,0,0,0,0
4.019,126833,14178044,Interação humano-computador / 2010,0,0,1,0,0,0,0,0,0,0,0,0,0,0,0,0,0,0,0,0,0,0,0,0,0,0,0,0,0,0,0,0,0,0,0,0,0,0,0,0,0,0,0,0,0,0,0,0
4.019,126833,14178060,Interação humano-computador / 2010,0,0,0,0,0,0,0,0,0,0,0,0,0,0,0,0,0,0,0,0,0,0,0,0,0,0,1,0,0,0,0,0,0,0,0,0,0,0,0,0,0,0,0,0,0,0,0,0
4.019,141358,14149414,Design de interação : além da interação humano-computador - 3. ed. / 2013,0,0,1,1,1,0,0,1,1,1,0,0,1,0,1,0,0,0,0,1,1,1,1,0,0,0,0,0,0,0,0,0,0,0,1,0,1,1,2,0,0,0,0,0,0,0,0,0
4.019,141358,14149405,Design de interação : além da interação humano-computador - 3. ed. / 2013,0,0,0,1,0,1,1,1,2,1,1,1,0,0,1,1,1,1,0,1,1,0,0,0,0,0,0,0,0,0,0,0,0,0,0,0,0,0,0,0,0,0,0,0,0,0,0,0
4.019,141358,14149466,Design de interação : além da interação humano-computador - 3. ed. / 2013,0,0,0,0,1,1,1,1,1,1,0,1,0,0,1,0,0,0,0,0,0,1,1,0,0,0,1,0,0,0,1,1,0,0,0,0,0,0,0,0,0,0,0,0,0,0,0,0
4.019,141358,14149413,Design de interação : além da interação humano-computador - 3. ed. / 2013,0,0,1,1,1,1,1,1,1,1,1,1,0,0,1,0,0,0,0,0,0,0,0,0,0,0,0,0,0,0,0,0,0,0,0,0,0,0,0,0,0,0,0,0,0,0,0,0
4.019,141358,14149468,Design de interação : além da interação humano-computador - 3. ed. / 2013,0,0,1,1,1,1,0,1,1,1,1,1,0,1,0,0,0,0,0,0,0,1,0,0,0,0,0,0,0,0,0,0,0,0,0,0,0,0,0,0,0,0,0,0,0,0,0,0
4.019,141358,14149400,Design de interação : além da interação humano-computador - 3. ed. / 2013,1,1,1,0,0,0,0,0,0,0,0,0,0,0,0,0,0,0,0,1,1,1,0,0,0,0,0,0,0,0,1,1,1,0,0,0,0,0,0,0,0,0,0,0,0,0,0,0
4.019,141358,14149460,Design de interação : além da interação humano-computador - 3. ed. / 2013,1,1,1,1,1,1,0,1,1,0,0,0,0,0,0,0,0,0,0,0,1,0,0,0,0,0,0,0,0,0,0,0,0,0,0,0,0,0,0,0,0,0,0,0,0,0,0,0
4.019,141358,14149470,Design de interação : além da interação humano-computador - 3. ed. / 2013,0,0,0,1,2,0,0,0,1,1,1,1,0,0,1,0,0,0,0,1,0,0,0,0,0,0,0,0,0,0,0,0,0,0,0,0,0,0,0,0,0,0,0,0,0,0,0,0
4.019,141358,14149463,Design de interação : além da interação humano-computador - 3. ed. / 2013,0,0,0,0,1,1,1,1,1,2,0,0,0,0,0,0,0,0,0,0,1,0,0,0,0,0,0,0,0,0,0,0,0,0,0,0,0,0,0,0,0,0,0,0,0,0,0,0
4.019,141358,14149406,Design de interação : além da interação humano-computador - 3. ed. / 2013,0,0,0,0,0,0,0,1,1,1,1,0,0,0,0,0,0,0,0,1,1,1,0,0,0,0,0,0,0,0,0,0,0,0,0,0,0,0,0,0,0,0,0,0,0,0,0,0
4.019,141358,14149465,Design de interação : além da interação humano-computador - 3. ed. / 2013,0,0,0,0,0,0,0,0,0,0,0,0,0,0,0,0,0,0,0,1,1,2,1,0,0,0,1,1,0,0,0,0,0,0,0,0,0,0,0,0,0,0,0,0,0,0,0,0
4.019,141358,14149407,Design de interação : além da interação humano-computador - 3. ed. / 2013,0,0,0,0,1,1,1,1,0,0,0,0,0,0,0,0,0,0,0,0,0,0,0,0,0,0,0,0,0,0,0,0,0,0,0,0,0,0,0,0,0,0,0,0,0,0,0,0
4.019,141358,14149411,Design de interação : além da interação humano-computador - 3. ed. / 2013,0,0,0,0,0,0,0,0,0,0,0,0,0,0,0,0,0,0,0,0,0,0,0,0,0,0,0,0,0,0,0,0,0,0,0,0,0,0,0,0,0,0,0,0,1,1,1,1
4.019,141358,14149462,Design de interação : além da interação humano-computador - 3. ed. / 2013,0,0,0,0,0,0,0,0,0,0,0,0,0,0,0,0,0,0,0,0,0,0,0,0,0,0,0,0,0,0,0,0,0,0,1,1,1,1,0,0,0,0,0,0,0,0,0,0
4.019,141358,14149410,Design de interação : além da interação humano-computador - 3. ed. / 2013,0,0,0,0,0,0,0,0,0,0,0,0,0,0,0,0,0,0,0,0,0,0,0,0,0,0,0,0,0,0,1,1,1,0,0,0,0,0,0,0,0,0,0,0,0,0,0,0
4.019,141358,14149455,Design de interação : além da interação humano-computador - 3. ed. / 2013,0,0,1,1,1,0,0,0,0,0,0,0,0,0,0,0,0,0,0,0,0,0,0,0,0,0,0,0,0,0,0,0,0,0,0,0,0,0,0,0,0,0,0,0,0,0,0,0
4.019,141358,14149457,Design de interação : além da interação humano-computador - 3. ed. / 2013,0,0,0,0,0,0,0,0,0,0,0,0,0,0,0,0,0,0,0,0,0,0,0,0,0,0,0,0,0,0,1,1,0,0,0,0,0,0,0,0,0,0,0,0,0,0,0,0
4.019,141358,14149408,Design de interação : além da interação humano-computador - 3. ed. / 2013,0,0,1,0,0,0,0,0,0,0,0,0,0,0,0,0,0,0,0,0,0,0,0,0,0,0,0,0,0,0,0,0,0,0,0,0,0,0,0,0,0,0,0,0,0,0,0,0
4.019,141358,14149464,Design de interação : além da interação humano-computador - 3. ed. / 2013,0,0,0,0,0,0,0,0,0,0,0,0,0,0,0,0,1,0,0,0,0,0,0,0,0,0,0,0,0,0,0,0,0,0,0,0,0,0,0,0,0,0,0,0,0,0,0,0
4.019,155708,14174379,Designing the user interface : strategies for effective human-computer interaction - 5th ed. / 2014,0,0,0,0,0,0,0,0,0,0,0,0,1,0,1,0,0,0,0,0,0,0,0,1,0,0,0,0,0,0,0,0,0,0,0,0,0,0,0,0,0,0,0,0,0,0,0,0
40.711,220799,14375424,Estágio supervisionado em computação : reflexões e relatos / 2016,0,0,0,0,0,0,0,0,0,0,0,0,0,0,0,0,0,0,0,0,0,0,0,0,0,0,0,0,0,0,0,0,0,0,0,0,0,0,0,2,0,0,0,0,0,0,0,0
4.072,150153,14180088,Metodologia de pesquisa para ciência da computação - 2. ed. / 2014,1,1,1,0,1,1,1,2,1,1,0,0,0,0,1,1,0,0,0,1,1,2,0,0,0,0,0,0,0,0,0,0,0,0,0,0,0,0,0,0,0,0,0,0,0,0,0,0
4.072,150153,14179563,Metodologia de pesquisa para ciência da computação - 2. ed. / 2014,0,0,0,0,0,0,0,1,1,1,0,1,0,0,0,0,0,0,0,0,0,0,0,0,0,0,0,0,0,0,1,1,0,1,1,1,1,0,0,1,1,0,0,0,0,0,0,0
4.072,150153,14179559,Metodologia de pesquisa para ciência da computação - 2. ed. / 2014,0,0,0,0,0,0,0,0,0,0,0,1,0,0,1,2,1,1,0,1,1,1,1,0,0,0,0,0,0,0,0,0,0,0,0,0,0,0,0,0,0,0,0,0,0,0,0,0
4.072,150153,14180084,Metodologia de pesquisa para ciência da computação - 2. ed. / 2014,0,0,0,0,0,0,0,0,1,1,1,1,0,1,1,0,0,0,0,0,0,0,0,0,0,0,0,0,0,0,0,0,0,0,0,0,0,0,0,0,0,0,0,0,0,0,0,0
4.072,150153,14180069,Metodologia de pesquisa para ciência da computação - 2. ed. / 2014,0,0,1,1,1,1,0,0,0,0,0,0,0,0,0,0,0,0,0,0,1,0,0,0,0,0,0,0,0,0,0,0,0,0,0,0,0,0,0,0,0,0,0,0,0,0,0,0
4.072,150153,14180096,Metodologia de pesquisa para ciência da computação - 2. ed. / 2014,0,0,0,0,0,0,0,0,0,0,0,0,0,0,0,0,0,0,0,1,0,0,0,0,0,0,0,0,0,0,0,0,0,0,1,1,1,0,0,0,1,0,0,0,0,0,0,0
4.072,150153,14180083,Metodologia de pesquisa para ciência da computação - 2. ed. / 2014,0,0,0,0,0,0,0,0,0,0,0,0,0,0,0,0,0,0,0,0,0,0,0,0,0,0,0,0,0,0,0,0,0,0,0,0,0,0,0,0,1,0,0,0,1,1,0,1
4.072,150153,14180061,Metodologia de pesquisa para ciência da computação - 2. ed. / 2014,0,0,0,0,1,1,0,0,0,0,0,0,0,0,0,0,0,0,0,0,0,0,0,0,0,0,0,0,0,0,0,0,0,0,0,0,0,0,0,0,0,0,0,0,0,0,0,0
4.072,150153,14180081,Metodologia de pesquisa para ciência da computação - 2. ed. / 2014,0,0,0,0,0,0,0,0,0,0,0,0,0,0,0,0,0,0,0,0,0,0,0,0,0,0,0,0,0,0,0,0,0,0,0,0,0,0,0,1,0,0,0,0,0,0,0,0
004.2,108650,14174796,Principles of model checking / 2008,0,0,1,0,0,0,0,0,0,0,0,0,0,0,0,0,0,0,0,0,0,0,0,0,0,0,0,0,0,0,0,0,0,0,0,0,0,0,0,0,0,0,0,0,0,0,0,0
004.2,140733,14181050,Arquitectura de computadores - 4. ed. atual. / 2010,0,0,0,2,1,1,2,0,0,0,0,0,0,0,0,0,0,0,0,0,0,0,0,0,0,0,0,0,0,0,0,0,0,0,0,0,0,0,0,0,0,0,0,0,0,0,0,0
004.2,140733,14181049,Arquitectura de computadores - 4. ed. atual. / 2010,0,0,0,0,0,0,0,1,0,0,0,0,0,0,0,0,0,0,0,0,0,0,0,0,0,0,0,0,0,0,0,0,0,0,0,0,0,0,1,0,0,0,0,0,0,0,0,0
004.2,153170,14163968,Fundamentos de arquitetura de computadores - 4. ed. / 2012,0,0,0,0,0,0,0,0,1,0,0,0,0,0,0,0,0,0,0,0,0,0,0,0,0,0,0,0,0,0,0,0,0,0,0,0,1,1,2,0,0,0,1,0,0,0,2,0
004.2,153170,14163967,Fundamentos de arquitetura de computadores - 4. ed. / 2012,0,0,0,0,0,0,0,1,1,0,0,0,0,0,0,0,0,0,0,0,0,0,0,0,0,0,0,0,0,0,0,0,0,0,0,0,0,0,0,0,1,1,0,0,0,0,0,0
004.2,153170,14163969,Fundamentos de arquitetura de computadores - 4. ed. / 2012,0,0,0,0,0,0,0,0,1,1,0,0,0,0,0,0,0,0,0,0,0,0,0,0,0,0,0,0,0,0,0,0,0,0,0,0,0,0,0,0,1,0,0,0,0,0,0,0
004.22,156203,14179162,Arquitetura de computadores : uma abordagem quantitativa / 2014,0,0,0,1,1,2,2,0,0,0,0,0,0,0,0,0,0,0,0,0,0,0,0,0,0,0,0,0,0,0,0,0,0,0,0,0,0,0,0,0,0,0,0,0,0,0,0,0
004.22,156203,14179163,Arquitetura de computadores : uma abordagem quantitativa / 2014,0,0,0,1,0,0,0,0,0,1,0,0,0,0,1,1,1,1,0,0,0,0,0,0,0,0,0,0,0,0,0,0,0,0,0,0,0,0,0,0,0,0,0,0,0,0,0,0
004.22,156203,14179165,Arquitetura de computadores : uma abordagem quantitativa / 2014,0,0,0,1,1,0,0,0,0,1,0,0,0,0,1,1,1,0,0,0,0,0,0,0,0,0,0,0,0,0,0,0,0,0,0,0,0,0,0,0,0,0,0,0,0,0,0,0
004.22,156203,14179166,Arquitetura de computadores : uma abordagem quantitativa / 2014,0,0,0,1,1,0,0,0,1,0,0,0,0,0,0,0,0,0,0,0,0,0,0,0,0,0,0,0,0,0,0,0,0,0,0,0,0,0,0,0,0,0,0,0,0,0,0,0
4.256,129035,14149430,Arquitetura e organização de computadores - 8. ed. / 2010,0,0,0,2,1,1,1,0,0,1,0,1,0,0,1,0,0,0,0,1,1,2,1,0,0,0,0,0,0,0,0,0,0,0,0,2,1,1,0,0,1,0,0,0,0,0,0,0
4.256,129035,14149421,Arquitetura e organização de computadores - 8. ed. / 2010,0,0,0,0,0,0,0,1,1,0,0,0,0,0,1,0,0,0,0,0,1,1,1,0,0,0,0,0,0,0,0,0,0,1,1,1,1,1,0,1,0,0,0,0,0,0,0,0
4.256,129035,14149377,Arquitetura e organização de computadores - 8. ed. / 2010,0,0,0,1,1,0,0,1,0,0,0,0,0,0,1,0,0,0,0,1,1,1,0,0,0,0,1,0,0,0,1,0,1,0,0,0,0,0,0,0,0,0,0,0,0,0,0,0
4.256,129035,14149427,Arquitetura e organização de computadores - 8. ed. / 2010,0,0,0,0,1,1,0,0,1,1,1,0,0,0,1,1,1,1,0,1,0,0,0,0,0,0,0,0,0,0,0,0,0,0,0,0,0,0,0,0,0,0,0,0,0,0,0,0
4.256,129035,14149428,Arquitetura e organização de computadores - 8. ed. / 2010,0,0,0,0,1,1,0,1,2,0,0,0,0,0,0,0,0,0,0,1,1,2,1,0,0,0,0,0,0,0,0,0,0,0,0,0,0,0,0,0,0,0,0,0,0,0,0,0
4.256,129035,14149434,Arquitetura e organização de computadores - 8. ed. / 2010,0,0,1,0,0,0,0,0,0,0,0,0,0,0,0,0,0,0,0,1,1,1,1,0,0,0,0,0,0,0,0,0,0,0,0,0,2,2,1,0,0,0,0,0,0,0,0,0
4.256,129035,14149388,Arquitetura e organização de computadores - 8. ed. / 2010,0,0,0,0,0,0,0,1,0,1,0,0,0,0,0,0,0,0,0,0,0,0,0,0,0,0,0,0,0,0,0,0,0,1,2,1,1,0,0,0,0,0,0,0,0,0,0,0
4.256,129035,14149382,Arquitetura e organização de computadores - 8. ed. / 2010,0,0,0,0,0,0,0,0,0,1,0,0,0,0,1,0,0,0,0,0,0,0,0,0,0,0,0,0,0,0,0,0,0,0,0,0,0,0,0,1,1,1,1,0,0,0,0,0
4.256,129035,14149390,Arquitetura e organização de computadores - 8. ed. / 2010,0,0,0,0,0,0,0,1,0,0,0,0,0,0,1,0,0,0,0,0,1,1,0,0,0,0,0,0,0,0,0,0,0,0,0,0,0,0,0,1,1,0,0,0,0,0,0,0
4.256,129035,14149391,Arquitetura e organização de computadores - 8. ed. / 2010,0,0,0,0,1,1,1,1,0,0,1,0,0,0,0,0,0,0,0,1,0,0,0,0,0,0,0,0,0,0,0,0,0,0,0,0,0,0,0,0,0,0,0,0,0,0,0,0
4.256,129035,14149431,Arquitetura e organização de computadores - 8. ed. / 2010,0,0,0,0,0,0,0,0,0,0,0,0,0,0,1,1,1,0,0,0,0,0,0,0,0,0,0,0,0,0,0,0,0,0,0,0,0,0,0,0,0,0,0,0,0,1,1,1
4.256,129035,14149440,Arquitetura e organização de computadores - 8. ed. / 2010,0,0,0,0,0,0,0,1,1,0,0,0,0,0,1,0,0,0,0,1,0,1,1,0,0,0,0,0,0,0,0,0,0,0,0,0,0,0,0,0,0,0,0,0,0,0,0,0
4.256,129035,14364579,Arquitetura e organização de computadores - 8. ed. / 2010,0,0,0,0,0,0,0,0,0,0,0,0,0,0,0,0,0,0,0,0,0,0,0,0,0,1,0,0,0,0,0,0,1,1,1,1,1,0,0,0,0,0,0,0,0,0,0,0
4.256,129035,14149380,Arquitetura e organização de computadores - 8. ed. / 2010,0,0,0,0,0,0,0,1,0,1,0,0,0,0,1,1,1,0,0,0,0,0,0,0,0,0,0,0,0,0,0,0,0,0,0,0,0,0,0,0,0,0,0,0,0,0,0,0
4.256,129035,14149385,Arquitetura e organização de computadores - 8. ed. / 2010,0,0,0,0,0,0,0,0,0,0,0,0,0,0,0,0,0,0,0,1,0,0,0,0,0,0,1,1,0,0,0,1,1,0,0,0,0,0,0,0,0,0,0,0,0,0,0,0
4.256,129035,14149386,Arquitetura e organização de computadores - 8. ed. / 2010,0,0,0,0,0,0,0,1,1,2,1,0,0,0,0,0,0,0,0,0,0,0,0,0,0,0,0,0,0,0,0,0,0,0,0,0,0,0,0,0,0,0,0,0,0,0,0,0
4.256,129035,14149438,Arquitetura e organização de computadores - 8. ed. / 2010,0,0,0,0,0,0,0,0,0,0,0,0,0,0,1,0,0,0,0,1,0,0,0,0,0,0,0,0,0,0,0,0,0,0,0,0,0,0,0,1,1,1,0,0,0,0,0,0
4.256,129035,14149395,Arquitetura e organização de computadores - 8. ed. / 2010,0,0,0,0,1,0,0,0,0,0,0,0,0,0,0,0,0,0,0,1,1,1,0,0,0,0,0,0,0,0,0,0,0,0,0,0,0,0,0,0,0,0,0,0,0,0,0,0
4.256,129035,14149432,Arquitetura e organização de computadores - 8. ed. / 2010,0,0,0,0,0,0,0,0,0,0,0,0,0,0,0,0,0,0,0,1,1,1,1,0,0,0,0,0,0,0,0,0,0,0,0,0,0,0,0,0,0,0,0,0,0,0,0,0
4.256,129035,14149436,Arquitetura e organização de computadores - 8. ed. / 2010,0,0,0,0,0,0,0,0,0,1,2,0,0,0,0,0,0,0,0,0,0,0,0,0,0,0,0,0,0,0,0,0,0,0,0,0,0,0,0,1,0,0,0,0,0,0,0,0
4.256,129035,14149422,Arquitetura e organização de computadores - 8. ed. / 2010,0,0,0,0,0,0,0,0,0,0,0,0,0,0,0,0,0,0,0,1,1,0,0,0,0,0,0,0,0,0,0,0,0,0,0,0,0,0,0,1,0,0,0,0,0,0,0,0
4.256,129035,14149425,Arquitetura e organização de computadores - 8. ed. / 2010,0,0,0,0,1,0,0,1,0,0,0,0,0,0,1,0,0,0,0,0,0,0,0,0,0,0,0,0,0,0,0,0,0,0,0,0,0,0,0,0,0,0,0,0,0,0,0,0
4.256,129035,14149426,Arquitetura e organização de computadores - 8. ed. / 2010,0,0,0,0,0,1,0,1,1,0,0,0,0,0,0,0,0,0,0,0,0,0,0,0,0,0,0,0,0,0,0,0,0,0,0,0,0,0,0,0,0,0,0,0,0,0,0,0
4.256,129035,14149437,Arquitetura e organização de computadores - 8. ed. / 2010,0,0,0,0,0,0,0,1,1,1,0,0,0,0,0,0,0,0,0,0,0,0,0,0,0,0,0,0,0,0,0,0,0,0,0,0,0,0,0,0,0,0,0,0,0,0,0,0
4.256,129035,14149376,Arquitetura e organização de computadores - 8. ed. / 2010,0,0,1,0,0,0,0,0,0,0,0,0,0,0,0,0,0,0,0,0,0,0,0,0,0,0,0,0,0,0,0,0,0,0,0,0,0,0,0,0,0,0,0,0,0,0,1,0
4.256,129035,14149392,Arquitetura e organização de computadores - 8. ed. / 2010,0,0,0,0,0,0,0,1,1,0,0,0,0,0,0,0,0,0,0,0,0,0,0,0,0,0,0,0,0,0,0,0,0,0,0,0,0,0,0,0,0,0,0,0,0,0,0,0
4.256,129035,14149439,Arquitetura e organização de computadores - 8. ed. / 2010,0,0,0,0,0,0,0,0,0,1,0,0,0,0,1,0,0,0,0,0,0,0,0,0,0,0,0,0,0,0,0,0,0,0,0,0,0,0,0,0,0,0,0,0,0,0,0,0
4.256,129035,14149379,Arquitetura e organização de computadores - 8. ed. / 2010,0,0,0,1,0,0,0,0,0,0,0,0,0,0,0,0,0,0,0,0,0,0,0,0,0,0,0,0,0,0,0,0,0,0,0,0,0,0,0,0,0,0,0,0,0,0,0,0
4.256,129035,14149381,Arquitetura e organização de computadores - 8. ed. / 2010,0,0,0,0,0,0,0,0,0,1,0,0,0,0,0,0,0,0,0,0,0,0,0,0,0,0,0,0,0,0,0,0,0,0,0,0,0,0,0,0,0,0,0,0,0,0,0,0
4.256,129035,14149389,Arquitetura e organização de computadores - 8. ed. / 2010,0,0,0,0,0,0,0,0,0,0,0,0,0,0,0,0,0,0,0,0,0,0,0,0,0,0,0,0,0,0,0,0,0,0,0,0,0,0,0,1,0,0,0,0,0,0,0,0
4.256,129035,14149435,Arquitetura e organização de computadores - 8. ed. / 2010,0,0,0,0,0,0,0,1,0,0,0,0,0,0,0,0,0,0,0,0,0,0,0,0,0,0,0,0,0,0,0,0,0,0,0,0,0,0,0,0,0,0,0,0,0,0,0,0
004.36,139927,14154957,Sistemas distribuídos : conceitos e projeto - 5. ed. / 2013,0,0,0,0,0,0,0,0,0,0,0,0,0,0,0,0,0,0,0,0,0,0,0,0,0,0,0,0,0,0,0,0,0,0,0,0,0,0,0,1,1,1,1,0,1,1,0,0
004.36,139927,14154958,Sistemas distribuídos : conceitos e projeto - 5. ed. / 2013,0,0,1,1,1,1,1,0,0,0,0,0,0,0,0,0,0,0,0,0,0,0,0,0,0,0,0,0,0,0,0,0,0,0,0,0,0,0,0,0,0,0,0,0,0,0,0,0
004.36,139927,14154959,Sistemas distribuídos : conceitos e projeto - 5. ed. / 2013,0,0,0,0,0,0,0,0,0,0,0,0,0,0,0,0,0,0,0,0,0,0,0,0,0,0,0,0,0,0,0,0,0,0,0,2,2,0,0,0,0,0,0,0,0,0,0,0
004.36,139927,14154968,Sistemas distribuídos : conceitos e projeto - 5. ed. / 2013,0,0,0,0,0,0,0,0,0,0,0,0,0,0,0,0,0,0,0,1,0,0,0,0,0,0,0,0,0,0,0,0,0,0,0,0,0,0,0,2,1,0,0,0,0,0,0,0
004.36,139927,14154912,Sistemas distribuídos : conceitos e projeto - 5. ed. / 2013,0,0,0,0,0,0,0,0,0,0,0,0,0,0,0,1,1,0,0,0,0,0,0,0,0,0,0,0,0,0,0,0,0,1,0,0,0,0,0,0,0,0,0,0,0,0,0,0
004.36,139927,14154913,Sistemas distribuídos : conceitos e projeto - 5. ed. / 2013,0,0,0,0,0,0,0,0,0,0,0,0,0,0,0,0,0,0,0,0,0,0,0,0,0,0,0,0,0,0,0,0,0,0,0,0,0,0,0,1,1,1,0,0,0,0,0,0
004.36,139927,14154962,Sistemas distribuídos : conceitos e projeto - 5. ed. / 2013,0,0,0,0,0,0,0,0,0,0,0,0,0,0,0,0,0,2,0,1,0,0,0,0,0,0,0,0,0,0,0,0,0,0,0,0,0,0,0,0,0,0,0,0,0,0,0,0
004.36,139927,14154922,Sistemas distribuídos : conceitos e projeto - 5. ed. / 2013,0,0,0,0,0,0,0,0,0,0,0,0,0,0,0,0,0,0,0,0,0,0,0,0,0,0,0,0,0,0,0,0,0,1,0,0,0,0,0,1,0,0,0,0,0,0,0,0
004.36,139927,14154923,Sistemas distribuídos : conceitos e projeto - 5. ed. / 2013,0,0,0,0,0,0,0,0,0,0,0,0,0,0,0,0,0,0,0,0,1,1,0,0,0,0,0,0,0,0,0,0,0,0,0,0,0,0,0,0,0,0,0,0,0,0,0,0
004.36,139927,14154964,Sistemas distribuídos : conceitos e projeto - 5. ed. / 2013,0,0,0,0,0,0,0,0,0,0,0,0,0,0,0,0,0,0,0,0,0,0,0,0,0,0,0,0,0,0,0,0,0,0,0,0,0,0,0,0,0,0,0,0,0,1,1,0
004.36,139927,14154969,Sistemas distribuídos : conceitos e projeto - 5. ed. / 2013,0,0,0,0,1,0,0,0,0,0,0,0,0,0,0,0,0,0,0,0,0,0,0,0,0,0,0,0,0,0,0,0,0,0,0,0,0,0,0,0,0,0,0,0,0,0,0,0
004.6,83757,14154945,"Redes de computadores e internet : abrange transmissão de dados, ligações inter-redes,web e aplicações - 4. ed. / 2007",0,0,0,0,0,0,0,1,1,1,1,0,0,0,0,0,0,0,0,0,0,0,0,0,0,0,0,0,0,0,0,0,0,0,0,0,0,0,0,0,0,0,0,0,0,0,0,0
004.6,83757,14154930,"Redes de computadores e internet : abrange transmissão de dados, ligações inter-redes,web e aplicações - 4. ed. / 2007",0,0,0,0,0,0,0,0,0,0,1,0,0,0,0,0,0,2,0,0,0,0,0,0,0,0,0,0,0,0,0,0,0,0,0,0,0,0,0,0,0,0,0,0,0,0,0,0
004.6,83757,14154941,"Redes de computadores e internet : abrange transmissão de dados, ligações inter-redes,web e aplicações - 4. ed. / 2007",0,0,0,0,0,0,0,0,0,0,0,0,0,0,0,0,0,0,0,1,0,0,0,0,0,0,0,0,0,0,0,0,1,0,0,0,1,0,0,0,0,0,0,0,0,0,0,0
004.6,83757,14154942,"Redes de computadores e internet : abrange transmissão de dados, ligações inter-redes,web e aplicações - 4. ed. / 2007",0,0,0,0,1,0,0,0,0,0,0,0,0,0,0,0,0,0,0,0,0,0,0,0,0,0,0,0,0,0,0,0,0,0,0,0,0,0,0,0,0,0,0,0,0,0,0,0
004.6,107504,14168064,Introdução à ciência da computação - 2. ed. atual. / 2010,1,1,0,0,0,0,0,0,0,0,0,0,0,0,1,0,0,0,0,2,1,1,0,0,0,0,0,0,0,0,0,1,1,0,0,0,0,0,0,0,0,0,0,0,0,0,0,0
004.6,107504,14168082,Introdução à ciência da computação - 2. ed. atual. / 2010,0,0,0,2,2,1,0,0,0,0,0,0,0,0,0,0,0,0,0,0,1,1,1,0,0,0,0,0,0,0,0,0,0,0,0,0,0,0,0,0,0,0,0,0,0,0,0,0
004.6,107504,14168083,Introdução à ciência da computação - 2. ed. atual. / 2010,0,0,1,1,1,0,0,0,0,0,0,0,0,0,1,1,1,0,0,0,0,0,0,0,0,0,0,0,0,0,0,0,0,0,0,0,0,0,0,0,0,0,0,0,0,0,0,0
004.6,107504,14168051,Introdução à ciência da computação - 2. ed. atual. / 2010,0,0,0,1,0,0,0,0,0,0,0,0,0,0,1,1,1,1,0,0,0,0,0,0,0,0,0,0,0,0,0,0,0,0,0,0,0,0,0,0,0,0,0,0,0,0,0,0
004.6,107504,14168055,Introdução à ciência da computação - 2. ed. atual. / 2010,0,0,0,0,0,0,0,0,0,0,0,0,0,0,0,0,0,0,0,1,1,0,0,0,0,1,0,0,0,0,0,2,0,0,0,0,0,0,0,0,0,0,0,0,0,0,0,0
004.6,107504,14168074,Introdução à ciência da computação - 2. ed. atual. / 2010,0,0,0,0,0,0,0,0,0,0,0,0,0,0,0,0,0,0,0,1,1,1,0,0,0,0,1,0,0,0,1,0,0,0,0,0,0,0,0,0,0,0,0,0,0,0,0,0
004.6,107504,14168081,Introdução à ciência da computação - 2. ed. atual. / 2010,0,0,0,0,0,0,0,1,0,0,0,0,0,0,1,0,0,0,0,0,0,0,0,0,0,0,0,0,0,0,0,0,0,0,0,0,0,0,0,1,0,1,1,0,0,0,0,0
004.6,107504,14168057,Introdução à ciência da computação - 2. ed. atual. / 2010,0,0,1,1,1,0,0,0,0,1,0,0,0,0,0,0,0,0,0,0,0,0,0,0,0,0,0,0,0,0,0,0,0,0,0,0,0,0,0,0,0,0,0,0,0,0,0,0
004.6,107504,14168063,Introdução à ciência da computação - 2. ed. atual. / 2010,1,1,1,0,0,0,0,0,0,0,0,0,0,0,1,0,0,0,0,0,0,0,0,0,0,0,0,0,0,0,0,0,0,0,0,0,0,0,0,0,0,0,0,0,0,0,0,0
004.6,107504,14168090,Introdução à ciência da computação - 2. ed. atual. / 2010,0,0,0,0,0,0,0,0,0,0,0,0,0,0,0,0,0,0,0,0,1,1,0,0,0,0,0,0,0,0,0,0,0,0,0,0,0,0,0,0,0,0,1,0,0,0,0,0
004.6,107504,14168060,Introdução à ciência da computação - 2. ed. atual. / 2010,0,0,0,0,0,0,0,0,0,0,0,0,0,0,0,0,0,0,0,0,0,0,0,0,0,0,0,0,0,0,0,0,0,1,1,0,0,0,0,0,0,0,0,0,0,0,0,0
004.6,107504,14168061,Introdução à ciência da computação - 2. ed. atual. / 2010,0,0,0,0,0,0,0,0,0,0,0,0,0,0,0,0,0,0,0,0,0,0,0,0,0,1,0,0,0,0,0,0,0,1,0,0,0,0,0,0,0,0,0,0,0,0,0,0
004.6,107504,14168066,Introdução à ciência da computação - 2. ed. atual. / 2010,0,0,1,1,0,0,0,0,0,0,0,0,0,0,0,0,0,0,0,0,0,0,0,0,0,0,0,0,0,0,0,0,0,0,0,0,0,0,0,0,0,0,0,0,0,0,0,0
004.6,107504,14168067,Introdução à ciência da computação - 2. ed. atual. / 2010,0,0,1,0,0,0,0,0,0,0,0,0,0,0,1,0,0,0,0,0,0,0,0,0,0,0,0,0,0,0,0,0,0,0,0,0,0,0,0,0,0,0,0,0,0,0,0,0
004.6,107504,14168075,Introdução à ciência da computação - 2. ed. atual. / 2010,0,0,0,0,0,0,0,0,0,0,0,0,0,0,0,0,0,0,0,1,0,0,0,0,0,0,0,0,0,0,0,0,0,0,0,0,0,0,0,1,0,0,0,0,0,0,0,0
004.6,107504,14168056,Introdução à ciência da computação - 2. ed. atual. / 2010,0,0,0,0,0,0,0,0,0,0,0,0,0,0,0,0,0,0,0,0,0,0,0,0,0,0,0,0,0,0,0,0,0,0,0,0,0,0,0,1,0,0,0,0,0,0,0,0
004.6,107504,14168073,Introdução à ciência da computação - 2. ed. atual. / 2010,0,0,0,0,0,0,0,0,0,0,0,0,0,0,0,0,0,0,0,0,0,0,0,0,0,0,0,0,0,0,0,0,0,0,0,0,0,0,0,1,0,0,0,0,0,0,0,0
004.6,107504,14168092,Introdução à ciência da computação - 2. ed. atual. / 2010,1,0,0,0,0,0,0,0,0,0,0,0,0,0,0,0,0,0,0,0,0,0,0,0,0,0,0,0,0,0,0,0,0,0,0,0,0,0,0,0,0,0,0,0,0,0,0,0
004.6,114353,14363682,Redes de computadores e a Internet : uma abordagem top-down - 5. ed. / 2010,0,0,0,0,0,0,0,0,0,0,0,0,0,0,0,0,0,0,0,0,0,0,0,0,0,0,0,0,0,0,0,0,0,0,0,0,1,0,0,0,0,0,0,0,0,0,0,0
004.6,129110,14161507,Redes de computadores - 5. ed. / 2011,0,0,1,1,1,2,0,0,0,0,0,0,0,0,1,1,1,1,0,0,0,0,0,0,0,0,0,0,0,0,0,0,0,0,1,1,1,0,0,1,0,0,0,0,0,0,0,0
004.6,129110,14161506,Redes de computadores - 5. ed. / 2011,0,0,1,1,1,2,0,0,0,0,0,0,0,0,0,1,1,1,0,0,1,0,0,0,0,0,0,0,0,0,0,0,0,1,0,0,0,0,0,1,0,0,0,0,1,0,0,0
004.6,129110,14161500,Redes de computadores - 5. ed. / 2011,0,0,0,1,2,1,1,1,1,0,0,0,0,0,1,0,0,0,0,0,0,0,0,0,0,0,0,0,0,0,0,0,0,1,0,0,1,0,0,0,0,0,0,0,0,0,0,0
004.6,129110,14161492,Redes de computadores - 5. ed. / 2011,0,0,1,1,1,1,1,0,0,0,0,0,0,0,0,0,0,2,0,1,0,0,0,0,0,0,0,0,0,0,0,0,0,0,0,0,1,0,0,0,0,0,0,0,0,0,0,0
004.6,129110,14161496,Redes de computadores - 5. ed. / 2011,0,0,0,2,1,0,0,0,0,0,0,0,0,0,0,0,2,0,0,0,0,0,0,0,0,0,0,0,0,0,0,0,0,0,0,0,1,0,0,1,0,0,1,1,0,0,0,0
004.6,129110,14161509,Redes de computadores - 5. ed. / 2011,0,0,0,0,0,0,0,0,0,0,0,0,0,0,0,0,0,0,0,0,2,2,0,0,0,0,0,0,0,0,0,0,0,1,1,1,1,0,1,0,0,0,0,0,0,0,0,0
004.6,129110,14161491,Redes de computadores - 5. ed. / 2011,0,1,0,0,1,1,0,0,0,0,0,0,0,0,1,0,1,1,0,0,0,0,0,0,0,0,0,0,0,0,0,0,0,0,1,0,1,0,0,0,0,0,0,0,0,0,0,0
004.6,129110,14161497,Redes de computadores - 5. ed. / 2011,1,1,1,1,1,1,1,0,0,1,0,0,0,0,0,0,0,0,0,0,0,0,0,0,0,0,0,0,0,0,0,0,0,0,0,0,0,0,0,0,0,0,0,0,0,0,0,0
004.6,129110,14161501,Redes de computadores - 5. ed. / 2011,0,0,1,1,1,1,0,1,0,0,0,0,0,0,0,0,0,1,0,0,0,0,0,0,0,0,0,0,0,0,0,0,0,0,0,0,1,0,0,0,0,0,0,0,0,0,0,0
004.6,129110,14161504,Redes de computadores - 5. ed. / 2011,0,0,1,0,0,0,0,0,0,0,0,0,0,0,0,0,0,0,0,0,1,1,2,0,0,0,1,0,0,0,0,0,0,0,0,0,1,0,0,0,0,0,0,0,0,0,0,0
004.6,129110,14161502,Redes de computadores - 5. ed. / 2011,0,0,0,0,1,0,0,1,1,1,1,0,0,0,0,0,0,0,0,0,1,0,0,0,0,0,0,0,0,0,0,0,0,0,0,0,0,0,0,0,0,0,0,0,0,0,0,0
004.6,129110,14161499,Redes de computadores - 5. ed. / 2011,0,0,1,0,2,0,0,0,0,0,0,0,0,0,0,0,0,0,0,0,0,0,0,0,0,0,0,0,0,0,0,0,0,0,0,0,0,0,0,1,0,0,0,0,0,0,0,0
004.6,129110,14161508,Redes de computadores - 5. ed. / 2011,0,0,1,1,1,0,0,0,0,0,0,0,0,0,0,0,0,0,0,0,0,0,0,0,0,0,0,0,0,0,0,0,0,0,0,0,1,0,0,0,0,0,0,0,0,0,0,0
004.6,129110,14161494,Redes de computadores - 5. ed. / 2011,0,0,0,2,1,0,0,0,0,0,0,0,0,0,0,0,0,0,0,0,0,0,0,0,0,0,0,0,0,0,0,0,0,0,0,0,0,0,0,0,0,0,0,0,0,0,0,0
004.6,129110,14161510,Redes de computadores - 5. ed. / 2011,0,0,1,1,0,0,0,0,0,0,0,0,0,0,0,0,0,0,0,0,0,0,0,0,0,0,0,0,0,0,0,0,0,0,0,0,0,0,0,1,0,0,0,0,0,0,0,0
004.6,129110,14161495,Redes de computadores - 5. ed. / 2011,0,0,0,1,0,0,0,0,0,0,0,0,0,0,0,0,0,0,0,0,0,0,0,0,0,0,0,0,0,0,0,0,0,0,0,0,0,0,0,0,0,0,0,0,0,0,0,0
004.6,129110,14161505,Redes de computadores - 5. ed. / 2011,0,0,0,0,0,0,0,0,0,0,0,0,0,0,0,0,0,0,0,0,0,0,0,0,0,0,0,0,0,0,0,0,0,0,0,0,0,0,0,0,0,0,0,0,1,0,0,0
004.6,140089,14179884,Redes de computadores e a Internet : uma abordagem top-down - 6. ed. / 2014,1,1,1,3,1,0,0,1,0,0,2,0,0,0,1,0,2,1,0,0,0,0,0,0,0,0,0,0,0,0,0,0,0,0,0,0,1,1,0,0,1,0,0,0,0,0,0,0
004.6,140089,14179898,Redes de computadores e a Internet : uma abordagem top-down - 6. ed. / 2014,0,0,0,0,0,1,0,0,1,1,1,0,0,0,1,1,1,1,1,1,1,1,0,0,0,1,0,0,0,0,0,0,0,0,0,0,1,0,0,0,0,0,0,0,0,0,0,0
004.6,140089,14179889,Redes de computadores e a Internet : uma abordagem top-down - 6. ed. / 2014,0,0,0,0,0,0,0,0,0,0,0,0,0,0,1,1,1,1,0,1,1,1,1,1,0,0,0,0,0,0,0,0,0,0,2,1,1,0,0,0,0,0,0,0,0,0,0,0
004.6,140089,14179896,Redes de computadores e a Internet : uma abordagem top-down - 6. ed. / 2014,0,0,1,0,0,0,0,2,2,2,2,0,0,0,1,1,1,0,0,0,0,0,0,0,0,0,0,0,0,0,0,0,0,0,0,0,1,0,0,0,0,0,0,0,0,0,0,0
004.6,140089,14179881,Redes de computadores e a Internet : uma abordagem top-down - 6. ed. / 2014,0,0,0,0,0,0,0,1,1,1,1,0,0,0,1,0,0,1,0,0,0,0,0,0,0,0,0,0,0,0,1,1,1,1,0,0,1,0,0,0,0,0,0,0,0,0,0,0
004.6,140089,14179885,Redes de computadores e a Internet : uma abordagem top-down - 6. ed. / 2014,1,1,2,1,1,0,0,0,0,0,0,0,0,0,1,1,1,1,0,0,0,0,0,0,0,0,0,0,0,0,0,0,0,0,0,0,1,0,0,0,0,0,0,0,0,0,0,0
004.6,140089,14179886,Redes de computadores e a Internet : uma abordagem top-down - 6. ed. / 2014,0,0,0,0,0,0,0,1,1,1,1,0,0,0,1,0,0,1,0,0,0,0,0,0,0,1,1,1,0,0,0,1,0,0,0,0,1,0,0,0,0,0,0,0,0,0,0,0
004.6,140089,14179900,Redes de computadores e a Internet : uma abordagem top-down - 6. ed. / 2014,1,1,1,1,1,0,0,1,1,1,0,0,0,0,1,1,0,1,0,0,0,0,0,0,0,0,0,0,0,0,0,0,0,0,0,0,0,0,0,0,0,0,0,0,0,0,0,0
004.6,140089,14179887,Redes de computadores e a Internet : uma abordagem top-down - 6. ed. / 2014,0,0,0,0,0,0,0,0,0,0,0,0,0,0,0,0,0,1,0,1,1,1,1,0,0,0,2,0,0,0,0,1,1,0,0,0,1,0,0,0,0,0,0,0,0,0,0,0
004.6,140089,14179899,Redes de computadores e a Internet : uma abordagem top-down - 6. ed. / 2014,0,0,1,1,1,2,0,1,1,0,0,0,0,0,1,0,0,1,0,0,0,0,0,0,0,0,0,0,0,0,0,0,0,0,0,0,1,0,0,0,0,0,0,0,0,0,0,0
004.6,140089,14179893,Redes de computadores e a Internet : uma abordagem top-down - 6. ed. / 2014,2,0,2,0,0,0,0,0,0,0,0,0,0,0,0,0,0,1,0,0,0,0,0,0,0,0,1,0,0,0,1,1,0,0,0,0,1,0,0,0,0,0,0,0,0,0,0,0
004.6,140089,14179895,Redes de computadores e a Internet : uma abordagem top-down - 6. ed. / 2014,0,0,0,0,0,0,0,0,0,0,0,0,0,0,0,1,1,1,0,1,1,0,0,0,0,0,1,0,0,0,1,0,0,1,0,0,1,0,0,0,0,0,0,0,0,0,0,0
004.6,140089,14179877,Redes de computadores e a Internet : uma abordagem top-down - 6. ed. / 2014,1,1,1,1,1,0,0,0,0,0,0,0,0,0,0,0,0,1,0,1,0,0,0,0,0,0,0,0,0,0,0,0,0,0,0,0,1,0,0,0,0,0,0,0,0,0,0,0
004.6,140089,14179888,Redes de computadores e a Internet : uma abordagem top-down - 6. ed. / 2014,0,0,0,0,0,0,0,0,1,0,0,0,0,0,1,1,0,1,0,1,0,0,0,0,0,0,0,0,0,0,0,0,0,0,0,0,1,0,0,1,0,0,0,0,0,0,0,0
004.6,140089,14179894,Redes de computadores e a Internet : uma abordagem top-down - 6. ed. / 2014,0,0,0,0,0,0,0,0,0,0,0,0,0,0,0,0,0,1,0,0,0,0,0,0,0,0,1,0,0,0,0,1,1,1,0,0,1,0,0,0,0,0,0,0,0,0,0,0
004.6,140089,14179879,Redes de computadores e a Internet : uma abordagem top-down - 6. ed. / 2014,0,0,0,0,0,0,0,0,1,1,1,0,0,0,0,0,0,1,0,0,0,0,0,0,0,0,0,0,0,0,0,0,0,0,0,0,1,0,0,0,0,0,0,0,0,0,0,0
004.6,140089,14179892,Redes de computadores e a Internet : uma abordagem top-down - 6. ed. / 2014,0,0,0,1,0,0,0,0,0,0,0,0,0,0,0,0,0,1,0,0,0,1,0,0,0,0,0,0,0,0,0,0,0,1,0,0,1,0,0,0,0,0,0,0,0,0,0,0
004.6,140089,14179901,Redes de computadores e a Internet : uma abordagem top-down - 6. ed. / 2014,0,0,1,1,0,0,0,0,0,0,0,0,0,0,0,0,0,1,0,0,0,0,0,0,0,0,0,0,0,0,0,0,0,0,0,0,2,0,0,0,0,0,0,0,0,0,0,0
004.6,140089,14179880,Redes de computadores e a Internet : uma abordagem top-down - 6. ed. / 2014,0,0,0,0,0,0,0,0,0,0,0,0,0,0,1,0,1,1,0,0,0,0,0,0,0,0,0,0,0,0,0,0,0,0,0,0,1,0,0,0,0,0,0,0,0,0,0,0
004.6,140089,14179882,Redes de computadores e a Internet : uma abordagem top-down - 6. ed. / 2014,1,1,0,0,0,0,0,0,0,0,0,0,0,0,0,0,0,1,0,0,0,0,0,0,0,0,0,0,0,0,0,0,0,0,0,0,1,0,0,0,0,0,0,0,0,0,0,0
004.6,140089,14179878,Redes de computadores e a Internet : uma abordagem top-down - 6. ed. / 2014,0,0,0,0,0,0,0,0,0,0,0,0,0,0,0,0,0,1,0,0,0,0,0,0,0,0,0,0,0,0,0,0,1,0,0,0,1,0,0,0,0,0,0,0,0,0,0,0
004.6,140089,14179890,Redes de computadores e a Internet : uma abordagem top-down - 6. ed. / 2014,0,0,0,0,0,0,1,0,0,0,0,0,0,0,0,0,0,1,0,0,0,0,0,0,0,0,0,0,0,0,0,0,0,0,0,0,1,0,0,0,0,0,0,0,0,0,0,0
004.6,140089,14179883,Redes de computadores e a Internet : uma abordagem top-down - 6. ed. / 2014,0,0,0,0,0,0,0,0,0,0,0,0,0,0,0,0,0,1,0,0,0,0,0,0,0,0,0,0,0,0,0,0,0,0,1,0,0,0,0,0,0,0,0,0,0,0,0,0
004.6,152002,14159753,Redes de computadores - 2. ed. / 2014,0,0,0,1,0,0,0,1,0,0,0,0,0,0,0,0,0,0,0,0,0,0,1,0,0,0,0,1,0,0,0,1,0,0,0,0,0,0,0,0,0,0,0,0,0,0,0,0
004.6,210784,14364703,Redes de computadores - 6. ed. / 2021,0,0,0,0,0,0,0,0,0,0,0,0,0,0,0,0,0,0,0,0,0,0,0,0,0,0,0,0,0,0,0,0,0,0,1,1,1,1,1,1,1,0,1,0,0,0,0,0
004.62,107792,14181470,Interligação de redes com TCP/IP / 2006,0,0,1,0,0,0,0,0,0,0,0,0,0,0,0,0,1,0,0,0,0,0,0,0,0,0,0,0,0,0,0,0,0,0,0,0,0,0,0,0,0,0,0,0,0,0,0,0
004.62,128971,14185934,Computer networks : a systems approach - 5th ed. / 2012,0,0,1,0,1,0,0,0,0,0,1,0,0,0,0,0,0,0,0,0,0,0,0,0,0,0,0,0,0,0,0,0,0,0,0,0,0,0,0,0,0,0,0,0,0,0,0,0
004.62,155494,14174076,TCP/IP illustrated - 2nd. ed. / 2012,0,0,0,0,0,2,0,0,1,0,0,0,0,0,0,0,0,0,0,0,0,0,0,0,0,0,0,0,0,0,0,0,0,0,0,0,0,0,0,0,0,0,0,0,0,0,0,0
004.66,115732,14150569,Comunicação de dados e redes de computadores - 4.ed. / 2008,0,0,0,0,0,0,0,0,0,0,0,0,0,0,0,0,1,1,0,0,0,0,0,0,0,0,0,0,0,0,0,0,0,0,0,0,0,0,0,0,0,0,0,0,0,0,1,1
4.678,120802,14371257,Comunicações multimídia na internet : da teoria à prática / 2007,0,0,0,0,0,0,0,0,0,0,0,0,0,0,0,0,0,0,0,0,0,0,0,0,0,0,0,0,0,0,0,0,0,0,0,2,1,0,0,0,0,0,0,0,0,0,0,0
005.1,74725,14153071,Padrões de projeto : soluções reutilizáveis de software orientado a objetos / 2000,1,1,1,0,1,0,0,2,2,2,2,0,0,0,0,0,0,0,0,1,1,0,0,0,0,0,0,0,0,0,0,1,0,1,0,0,0,0,0,0,0,0,0,0,0,0,0,0
005.1,74725,14153077,Padrões de projeto : soluções reutilizáveis de software orientado a objetos / 2000,1,1,2,1,0,0,0,0,0,0,0,0,0,0,0,0,0,0,0,0,0,0,0,0,0,0,0,0,0,0,0,1,1,0,0,0,1,1,0,1,0,0,0,0,0,0,0,0
005.1,74725,14153074,Padrões de projeto : soluções reutilizáveis de software orientado a objetos / 2000,0,0,0,0,0,0,0,0,0,0,0,0,0,0,0,0,0,0,0,0,0,0,0,0,0,0,0,0,0,0,1,2,0,1,1,1,1,1,0,0,0,0,0,0,0,0,0,0
005.1,74725,14153075,Padrões de projeto : soluções reutilizáveis de software orientado a objetos / 2000,0,0,1,1,1,0,0,1,1,1,0,0,0,0,0,0,0,0,0,0,0,0,0,0,0,0,0,0,0,0,0,0,0,0,0,0,0,0,0,0,0,0,0,0,0,0,0,0
005.1,74725,14153079,Padrões de projeto : soluções reutilizáveis de software orientado a objetos / 2000,0,0,1,0,0,0,1,1,1,1,1,0,0,0,0,0,0,0,0,0,0,0,0,0,0,0,0,0,0,0,0,0,0,0,0,0,0,0,0,0,0,0,0,0,0,0,0,0
005.1,74725,14153084,Padrões de projeto : soluções reutilizáveis de software orientado a objetos / 2000,0,0,1,0,1,1,0,0,0,0,0,0,0,0,0,0,0,0,0,0,0,0,0,0,0,0,0,0,0,0,0,0,0,0,0,0,0,0,0,0,0,0,0,0,0,0,0,0
005.1,74725,14153085,Padrões de projeto : soluções reutilizáveis de software orientado a objetos / 2000,0,0,0,0,0,0,0,0,0,0,0,0,0,0,0,0,0,0,0,0,0,0,0,0,0,0,0,0,0,0,0,0,0,0,0,0,0,0,0,1,0,0,1,0,1,0,0,0
005.1,74725,14153070,Padrões de projeto : soluções reutilizáveis de software orientado a objetos / 2000,0,0,0,0,0,0,0,0,0,0,0,0,0,0,0,0,0,0,0,0,0,0,0,0,0,0,0,0,0,0,0,0,0,0,0,0,1,0,0,1,0,0,0,0,0,0,0,0
005.1,74725,14153080,Padrões de projeto : soluções reutilizáveis de software orientado a objetos / 2000,0,0,0,0,0,0,0,0,0,0,0,0,0,0,0,0,0,0,0,0,0,0,0,0,0,0,0,0,0,0,0,1,1,0,0,0,0,0,0,0,0,0,0,0,0,0,0,0
005.1,74725,14154307,Padrões de projeto : soluções reutilizáveis de software orientado a objetos / 2000,1,1,0,0,0,0,0,0,0,0,0,0,0,0,0,0,0,0,0,0,0,0,0,0,0,0,0,0,0,0,0,0,0,0,0,0,0,0,0,0,0,0,0,0,0,0,0,0
005.1,74725,14153068,Padrões de projeto : soluções reutilizáveis de software orientado a objetos / 2000,0,0,0,0,0,0,0,0,0,0,0,0,0,0,0,0,0,0,0,0,0,0,0,1,0,0,0,0,0,0,0,0,0,0,0,0,0,0,0,0,0,0,0,0,0,0,0,0
005.1,74725,14153069,Padrões de projeto : soluções reutilizáveis de software orientado a objetos / 2000,0,0,0,0,0,0,0,0,0,0,0,0,0,0,0,0,0,0,0,0,0,0,0,0,0,0,0,0,0,0,0,0,0,0,0,0,0,0,0,1,0,0,0,0,0,0,0,0
005.1,74725,14153078,Padrões de projeto : soluções reutilizáveis de software orientado a objetos / 2000,0,0,0,0,0,0,0,0,0,0,0,0,0,0,0,0,0,0,0,0,0,0,0,1,0,0,0,0,0,0,0,0,0,0,0,0,0,0,0,0,0,0,0,0,0,0,0,0
005.1,89117,14161440,Projeto de algoritmos : com implementações em java e C++ / 2007,0,0,0,0,0,0,0,0,0,0,0,0,0,0,0,0,0,0,0,0,0,0,0,0,0,0,0,0,0,0,0,0,0,0,0,0,0,0,0,0,0,0,0,1,1,0,1,1
005.1,89117,14161442,Projeto de algoritmos : com implementações em java e C++ / 2007,0,0,1,1,1,1,0,0,0,0,0,0,0,0,0,0,0,0,0,0,0,0,0,0,0,0,0,0,0,0,0,0,0,0,0,0,0,0,0,0,0,0,0,0,0,0,0,0
005.1,89117,14161469,Projeto de algoritmos : com implementações em java e C++ / 2007,0,0,0,0,0,0,0,0,1,0,0,0,0,0,0,0,0,0,0,0,0,0,0,0,0,0,1,0,0,0,0,2,0,0,0,0,0,0,0,0,0,0,0,0,0,0,0,0
005.1,89117,14161446,Projeto de algoritmos : com implementações em java e C++ / 2007,0,0,0,0,0,0,0,0,0,0,0,0,0,0,0,0,0,0,0,0,0,0,0,0,0,0,0,0,0,0,0,0,0,0,0,0,0,0,0,0,0,0,0,0,2,0,0,0
005.1,89117,14161452,Projeto de algoritmos : com implementações em java e C++ / 2007,0,0,0,0,0,0,0,0,0,0,0,0,0,0,0,0,0,0,0,0,0,0,0,0,0,0,0,0,0,0,0,0,0,0,0,0,0,0,0,1,0,0,0,0,0,0,0,0
005.1,89117,14161454,Projeto de algoritmos : com implementações em java e C++ / 2007,0,0,0,0,0,0,0,0,0,1,0,0,0,0,0,0,0,0,0,0,0,0,0,0,0,0,0,0,0,0,0,0,0,0,0,0,0,0,0,0,0,0,0,0,0,0,0,0
005.1,89117,14161460,Projeto de algoritmos : com implementações em java e C++ / 2007,0,0,0,0,0,0,0,0,0,0,0,0,0,0,0,0,0,0,0,0,0,0,0,0,0,0,0,0,0,0,1,0,0,0,0,0,0,0,0,0,0,0,0,0,0,0,0,0
005.1,89117,14161477,Projeto de algoritmos : com implementações em java e C++ / 2007,0,0,1,0,0,0,0,0,0,0,0,0,0,0,0,0,0,0,0,0,0,0,0,0,0,0,0,0,0,0,0,0,0,0,0,0,0,0,0,0,0,0,0,0,0,0,0,0
005.1,96854,14168913,Use a cabeça! : padrões e projetos - 2. ed. rev. / 2009,0,0,1,1,1,0,0,1,1,0,0,0,0,0,0,0,0,0,0,0,0,0,0,1,0,0,1,0,0,0,0,1,0,1,0,0,0,0,0,0,1,1,1,0,2,1,2,1
005.1,107480,14148689,Algoritmos e programação : teoria e prática - 2. ed. / 2006,1,1,0,0,0,0,0,1,0,0,0,0,0,0,1,1,1,0,0,2,0,0,0,0,0,1,1,0,0,0,0,1,0,1,1,0,1,0,0,1,0,0,0,0,0,0,0,0
005.1,107480,14148703,Algoritmos e programação : teoria e prática - 2. ed. / 2006,1,1,0,0,0,0,0,0,0,0,0,0,0,0,1,1,1,1,1,1,1,1,1,1,0,0,1,1,0,0,0,0,0,0,0,0,0,0,0,1,0,0,0,0,0,0,0,0
005.1,107480,14148715,Algoritmos e programação : teoria e prática - 2. ed. / 2006,1,0,1,0,1,2,1,1,1,1,1,1,0,0,0,0,0,0,0,1,1,2,0,0,0,0,0,0,0,0,0,0,0,0,0,0,0,0,0,0,0,0,0,0,0,0,0,0
005.1,107480,14148682,Algoritmos e programação : teoria e prática - 2. ed. / 2006,0,0,0,0,0,0,0,1,1,0,0,0,0,0,1,1,0,0,0,1,1,0,0,1,0,0,0,0,0,0,0,1,1,1,1,1,0,0,0,1,0,0,0,0,0,0,0,0
005.1,107480,14148706,Algoritmos e programação : teoria e prática - 2. ed. / 2006,0,0,1,1,0,0,0,0,0,0,0,0,0,0,0,0,0,0,0,1,1,1,1,0,0,0,0,0,0,0,0,0,0,2,1,1,1,1,0,1,0,0,0,0,0,0,0,0
005.1,107480,14148697,Algoritmos e programação : teoria e prática - 2. ed. / 2006,0,0,0,2,1,1,1,1,1,1,1,0,0,0,1,1,0,0,0,1,0,0,0,0,0,0,0,0,0,0,0,0,0,0,0,0,0,0,0,0,0,0,0,0,0,0,0,0
005.1,107480,14148705,Algoritmos e programação : teoria e prática - 2. ed. / 2006,1,1,0,0,0,0,0,0,0,0,0,0,0,0,0,0,0,0,0,0,0,0,0,0,0,0,0,0,0,0,0,0,1,1,1,1,1,0,0,1,0,0,0,0,1,1,1,0
005.1,107480,14148694,Algoritmos e programação : teoria e prática - 2. ed. / 2006,0,0,0,0,0,0,0,0,0,0,0,0,0,0,0,0,0,0,0,0,0,0,0,0,0,1,0,0,0,0,1,2,0,1,1,1,1,1,0,1,0,0,0,0,0,0,0,0
005.1,107480,14148698,Algoritmos e programação : teoria e prática - 2. ed. / 2006,1,1,1,2,0,0,0,0,0,0,0,0,0,0,0,0,0,0,0,0,0,0,0,0,0,0,0,0,0,0,0,0,0,0,0,0,0,0,0,0,0,0,0,0,1,2,1,1
005.1,107480,14148680,Algoritmos e programação : teoria e prática - 2. ed. / 2006,0,0,1,1,1,1,1,1,0,0,0,0,0,0,0,0,1,1,0,1,0,0,0,0,0,0,0,0,0,0,0,0,0,0,0,0,0,0,0,0,0,0,0,0,0,0,0,0
005.1,107480,14148688,Algoritmos e programação : teoria e prática - 2. ed. / 2006,0,0,1,0,0,0,0,0,0,0,0,0,0,0,0,0,0,0,0,1,0,0,0,0,0,1,1,1,0,1,0,0,0,0,0,0,0,0,0,1,1,1,0,0,0,0,0,0
005.1,107480,14148700,Algoritmos e programação : teoria e prática - 2. ed. / 2006,0,0,1,1,1,1,2,0,0,0,0,0,0,0,1,1,1,0,0,0,0,0,0,0,0,0,0,0,0,0,0,0,0,0,0,0,0,0,0,0,0,0,0,0,0,0,0,0
005.1,107480,14148692,Algoritmos e programação : teoria e prática - 2. ed. / 2006,0,0,0,0,0,0,0,0,0,0,0,0,0,0,0,0,0,0,0,1,0,1,0,0,0,0,0,0,0,0,0,0,0,0,0,0,0,0,0,1,1,1,1,2,0,0,0,0
005.1,107480,14148699,Algoritmos e programação : teoria e prática - 2. ed. / 2006,0,0,0,0,0,0,0,0,0,0,0,0,0,0,0,0,0,0,0,0,0,0,0,0,0,0,0,0,0,0,0,0,0,0,0,0,0,0,1,1,2,0,1,0,1,0,1,1
005.1,107480,14148677,Algoritmos e programação : teoria e prática - 2. ed. / 2006,0,0,1,0,0,0,0,0,0,0,0,0,0,0,0,0,0,0,0,0,0,0,0,0,0,0,0,0,0,0,0,0,0,0,0,0,0,0,0,0,0,0,0,0,1,1,1,1
005.1,107480,14148711,Algoritmos e programação : teoria e prática - 2. ed. / 2006,1,1,0,0,0,0,0,0,0,0,0,0,0,0,1,0,0,0,0,1,0,0,0,0,0,1,0,0,0,0,0,0,0,0,0,0,0,0,0,0,0,0,0,0,0,0,0,0
005.1,107480,14148681,Algoritmos e programação : teoria e prática - 2. ed. / 2006,0,0,0,0,0,0,0,0,0,0,0,0,0,0,1,1,0,0,0,1,1,0,0,0,0,0,0,0,0,0,0,0,0,0,0,0,0,0,0,0,0,0,0,0,0,0,0,0
005.1,107480,14148710,Algoritmos e programação : teoria e prática - 2. ed. / 2006,0,0,0,0,0,0,0,0,0,0,0,0,0,0,1,0,0,0,0,1,0,0,0,0,0,0,0,0,0,0,1,1,0,0,0,0,0,0,0,0,0,0,0,0,0,0,0,0
005.1,107480,14148702,Algoritmos e programação : teoria e prática - 2. ed. / 2006,0,0,0,0,0,0,0,0,0,0,0,0,0,0,0,0,0,0,0,1,1,0,0,0,0,0,0,0,0,0,1,0,0,0,0,0,0,0,0,0,0,0,0,0,0,0,0,0
005.1,107480,14148712,Algoritmos e programação : teoria e prática - 2. ed. / 2006,0,0,0,0,0,0,0,0,0,0,0,0,0,0,0,0,0,0,0,0,0,0,0,0,0,1,1,0,0,0,0,0,0,0,0,0,0,0,0,1,0,0,0,0,0,0,0,0
005.1,107480,14148690,Algoritmos e programação : teoria e prática - 2. ed. / 2006,0,0,0,0,0,0,0,0,0,0,0,0,0,0,0,0,0,0,0,0,0,0,0,0,0,1,0,0,0,0,0,0,0,0,0,0,0,0,0,1,0,0,0,0,0,0,0,0
005.1,107480,14148693,Algoritmos e programação : teoria e prática - 2. ed. / 2006,0,0,1,1,0,0,0,0,0,0,0,0,0,0,0,0,0,0,0,0,0,0,0,0,0,0,0,0,0,0,0,0,0,0,0,0,0,0,0,0,0,0,0,0,0,0,0,0
005.1,107480,14148704,Algoritmos e programação : teoria e prática - 2. ed. / 2006,0,0,0,0,0,0,0,0,0,0,0,0,0,0,0,0,0,0,0,0,0,0,0,0,0,0,0,0,0,0,0,0,0,0,0,0,0,0,0,1,1,0,0,0,0,0,0,0
005.1,107480,14148683,Algoritmos e programação : teoria e prática - 2. ed. / 2006,0,0,0,0,0,0,0,0,0,0,0,0,0,0,0,0,0,0,0,0,0,0,0,0,0,0,0,0,0,0,0,0,0,0,0,0,0,0,0,0,0,0,0,0,0,0,0,1
005.1,107480,14148701,Algoritmos e programação : teoria e prática - 2. ed. / 2006,0,0,1,0,0,0,0,0,0,0,0,0,0,0,0,0,0,0,0,0,0,0,0,0,0,0,0,0,0,0,0,0,0,0,0,0,0,0,0,0,0,0,0,0,0,0,0,0
005.1,107480,14148708,Algoritmos e programação : teoria e prática - 2. ed. / 2006,0,0,1,0,0,0,0,0,0,0,0,0,0,0,0,0,0,0,0,0,0,0,0,0,0,0,0,0,0,0,0,0,0,0,0,0,0,0,0,0,0,0,0,0,0,0,0,0
005.1,107480,14148714,Algoritmos e programação : teoria e prática - 2. ed. / 2006,0,0,0,0,0,0,0,0,0,0,0,0,0,0,0,0,0,0,0,0,0,0,0,0,0,0,1,0,0,0,0,0,0,0,0,0,0,0,0,0,0,0,0,0,0,0,0,0
005.1,107628,14151098,Engenharia de software : teoria e prática - 2. ed. / 2004,0,0,0,0,1,1,1,2,1,1,1,1,0,0,0,0,0,0,0,0,0,0,0,0,0,1,1,0,0,0,0,0,0,0,0,0,0,0,0,1,0,0,0,0,0,0,0,0
005.1,107628,14151090,Engenharia de software : teoria e prática - 2. ed. / 2004,0,0,0,1,1,1,1,0,0,0,0,0,0,0,0,0,0,0,0,0,0,0,0,0,0,0,0,0,0,0,0,0,0,0,0,0,0,0,0,0,0,0,0,0,0,0,0,0
005.1,107628,14151093,Engenharia de software : teoria e prática - 2. ed. / 2004,0,0,0,0,0,0,0,0,0,0,0,0,0,0,0,0,0,0,0,0,0,0,0,0,0,0,0,0,0,0,0,0,0,1,0,0,0,0,0,1,0,0,0,0,0,0,0,0
005.1,107628,14151097,Engenharia de software : teoria e prática - 2. ed. / 2004,0,0,0,0,1,1,0,0,0,0,0,0,0,0,0,0,0,0,0,0,0,0,0,0,0,0,0,0,0,0,0,0,0,0,0,0,0,0,0,0,0,0,0,0,0,0,0,0
005.1,107628,14151104,Engenharia de software : teoria e prática - 2. ed. / 2004,0,0,1,0,1,0,0,0,0,0,0,0,0,0,0,0,0,0,0,0,0,0,0,0,0,0,0,0,0,0,0,0,0,0,0,0,0,0,0,0,0,0,0,0,0,0,0,0
005.1,107628,14151105,Engenharia de software : teoria e prática - 2. ed. / 2004,0,0,0,0,0,0,0,0,0,0,0,0,0,0,0,0,0,0,0,0,0,0,0,0,0,0,0,0,0,0,0,0,0,0,0,0,0,0,0,1,0,0,0,0,0,0,0,0
005.1,107628,14151109,Engenharia de software : teoria e prática - 2. ed. / 2004,0,0,0,0,0,0,0,0,0,0,0,0,0,0,0,0,0,0,0,0,0,0,0,0,0,0,0,0,0,0,0,0,0,0,0,0,0,0,0,1,0,0,0,0,0,0,0,0
005.1,107646,14160379,"Fundamentos de programação : algoritmos, estrutura de dados e objetos / 2008",1,1,2,1,0,0,0,0,0,0,0,0,0,0,0,0,0,0,0,0,0,0,0,0,0,0,0,0,0,0,0,0,0,0,1,0,0,0,0,0,0,0,0,0,0,0,0,0
005.1,108435,14164856,Lógica de programação: a construção de algoritmos e estruturas de dados - 3. ed. / 2005,0,0,0,1,0,0,0,0,0,1,1,1,0,0,1,1,1,1,1,1,1,1,0,0,0,0,0,0,0,0,0,0,0,0,1,0,0,0,0,0,0,0,0,0,0,0,0,1
005.1,108435,14164854,Lógica de programação: a construção de algoritmos e estruturas de dados - 3. ed. / 2005,0,0,0,0,0,0,0,0,0,0,0,0,0,0,1,0,0,0,0,0,0,0,0,0,0,0,0,0,0,0,0,0,0,0,0,0,0,0,0,1,1,0,0,0,0,0,0,0
005.1,108528,14187053,Software requirement patterns / 2007,0,0,0,0,0,0,0,0,0,0,0,0,0,0,0,0,0,0,0,1,1,1,1,0,0,0,0,0,0,0,0,0,0,0,0,0,0,0,0,0,0,0,0,0,0,0,0,0
005.1,108528,14187052,Software requirement patterns / 2007,0,0,0,0,0,0,0,0,0,0,0,0,0,0,0,0,0,0,0,1,0,0,0,0,0,0,0,0,0,0,0,1,0,0,0,0,0,0,0,0,0,0,0,0,0,0,0,0
005.1,108654,14185930,Software requirements engineering - 2nd. ed. / 2000,0,0,0,0,0,0,0,0,0,0,0,0,0,0,0,0,1,0,0,0,0,0,0,0,0,0,0,0,0,0,0,0,0,0,0,0,0,0,0,0,0,0,0,0,0,0,0,0
005.1,116109,14149527,Algoritmos / 2009,0,0,1,1,1,1,2,1,1,0,0,0,0,0,0,0,0,0,1,0,1,0,0,0,0,0,0,0,0,0,0,0,0,0,0,0,0,0,0,0,0,0,0,0,0,0,0,0
005.1,116109,14149528,Algoritmos / 2009,0,0,0,0,0,0,0,0,0,0,0,0,0,0,0,0,0,0,0,0,0,0,0,0,0,0,1,1,0,0,0,1,1,0,0,0,0,0,0,1,0,0,0,0,0,0,0,0
005.1,116109,14185504,Algoritmos / 2009,1,1,0,0,0,0,0,0,0,0,0,0,0,0,0,0,0,0,0,0,0,0,0,0,0,0,0,0,0,0,0,0,0,0,0,0,0,2,0,1,0,0,0,0,0,0,0,0
005.1,116109,14185503,Algoritmos / 2009,1,1,1,1,0,0,0,0,0,0,0,0,0,0,0,0,0,0,0,0,0,0,0,0,0,0,0,0,0,0,0,0,0,0,0,0,0,0,0,0,0,0,0,0,0,0,0,0
005.1,116109,14185511,Algoritmos / 2009,1,1,1,0,0,0,0,0,0,0,0,0,0,0,0,0,0,0,0,0,0,0,0,0,0,0,0,0,0,0,0,0,0,0,0,0,0,0,0,0,0,0,0,0,0,0,1,0
005.1,116109,14149524,Algoritmos / 2009,0,0,0,0,0,0,0,0,0,0,0,0,0,0,0,0,0,0,0,0,0,0,0,0,0,0,0,0,0,0,0,0,0,0,0,0,1,1,0,1,0,0,0,0,0,0,0,0
005.1,116109,14185487,Algoritmos / 2009,0,0,0,0,0,0,1,0,0,0,0,0,0,0,0,0,0,0,0,0,0,0,0,0,0,0,0,0,0,0,0,0,0,0,0,1,1,0,0,0,0,0,0,0,0,0,0,0
005.1,116109,14185502,Algoritmos / 2009,1,0,1,0,0,0,0,0,0,0,0,0,0,0,0,0,0,0,0,0,0,0,0,0,0,0,0,0,0,0,0,0,0,0,0,0,0,0,0,0,0,0,0,0,1,0,0,0
005.1,116109,14185498,Algoritmos / 2009,0,0,1,0,0,0,0,0,0,0,0,0,0,0,0,0,0,0,0,0,0,0,0,0,0,0,0,0,0,0,0,0,0,0,0,0,0,0,0,0,0,0,0,0,1,0,0,0
005.1,116109,14185512,Algoritmos / 2009,0,0,0,0,0,0,0,0,0,0,0,0,0,0,0,0,0,0,0,0,0,0,0,0,0,1,0,1,0,0,0,0,0,0,0,0,0,0,0,0,0,0,0,0,0,0,0,0
005.1,116109,14185513,Algoritmos / 2009,0,0,1,0,1,0,0,0,0,0,0,0,0,0,0,0,0,0,0,0,0,0,0,0,0,0,0,0,0,0,0,0,0,0,0,0,0,0,0,0,0,0,0,0,0,0,0,0
005.1,116109,14185516,Algoritmos / 2009,0,0,0,1,1,0,0,0,0,0,0,0,0,0,0,0,0,0,0,0,0,0,0,0,0,0,0,0,0,0,0,0,0,0,0,0,0,0,0,0,0,0,0,0,0,0,0,0
005.1,116109,14185486,Algoritmos / 2009,0,0,0,0,0,0,0,0,0,0,0,0,0,0,0,0,0,0,0,0,0,0,0,0,0,0,0,0,0,0,0,0,0,0,0,0,0,0,0,0,1,0,0,0,0,0,0,0
005.1,116109,14185505,Algoritmos / 2009,0,0,0,0,0,0,0,0,0,0,0,0,0,0,0,0,0,0,0,1,0,0,0,0,0,0,0,0,0,0,0,0,0,0,0,0,0,0,0,0,0,0,0,0,0,0,0,0
005.1,116109,14185509,Algoritmos / 2009,0,0,0,0,0,1,0,0,0,0,0,0,0,0,0,0,0,0,0,0,0,0,0,0,0,0,0,0,0,0,0,0,0,0,0,0,0,0,0,0,0,0,0,0,0,0,0,0
005.1,117660,14180122,Algoritmos em linguagem C / 2009,0,0,1,1,1,1,2,1,1,0,0,0,1,0,1,0,0,1,0,0,0,0,0,0,0,0,0,0,0,0,0,0,0,0,0,0,0,0,0,0,0,0,0,0,0,0,0,0
005.1,117660,14180118,Algoritmos em linguagem C / 2009,0,0,0,0,0,0,0,0,0,0,0,0,0,0,0,0,0,0,0,0,0,0,0,0,0,0,0,0,0,0,0,0,1,0,0,0,0,0,0,0,0,0,0,0,1,1,1,0
005.1,117660,14180128,Algoritmos em linguagem C / 2009,0,0,0,0,0,0,0,0,1,2,0,0,0,0,0,0,0,0,0,0,0,0,0,0,0,0,0,0,0,0,0,0,0,0,0,0,0,0,0,0,0,0,0,0,0,0,0,0
005.1,117660,14179994,Algoritmos em linguagem C / 2009,0,0,0,0,0,0,0,0,0,0,0,0,0,0,0,0,0,0,0,0,0,0,0,0,0,0,0,0,0,0,0,0,0,0,0,0,0,0,0,0,0,0,0,0,0,0,0,1
005.1,117660,14180130,Algoritmos em linguagem C / 2009,0,0,0,0,0,0,0,0,0,0,0,0,0,0,0,0,0,0,0,0,0,0,0,0,0,0,0,0,0,0,0,0,0,0,0,0,0,0,0,1,0,0,0,0,0,0,0,0
005.1,117660,14180133,Algoritmos em linguagem C / 2009,0,0,0,0,0,0,0,0,0,0,0,0,0,0,0,0,0,0,0,0,0,0,0,0,0,0,0,0,0,0,0,0,0,0,0,1,0,0,0,0,0,0,0,0,0,0,0,0
005.1,122260,14178591,Engenharia de software - 9. ed. / 2011,1,1,1,0,1,1,1,2,1,1,1,0,0,0,0,0,0,0,0,0,0,0,0,0,0,1,0,1,0,0,0,0,0,0,0,0,1,0,0,1,0,0,0,0,0,0,0,0
005.1,122260,14177694,Engenharia de software - 9. ed. / 2011,1,1,1,1,1,1,0,0,0,0,0,0,0,0,0,0,0,0,0,1,1,0,0,0,0,1,0,0,0,0,0,1,0,1,0,1,1,1,0,0,0,0,0,0,0,0,0,0
005.1,122260,14178596,Engenharia de software - 9. ed. / 2011,0,0,1,1,1,1,1,2,1,1,0,0,0,0,1,1,0,0,0,0,0,0,0,0,0,0,1,1,0,0,0,0,0,0,0,0,0,0,0,0,0,0,0,0,0,0,0,0
005.1,122260,14178576,Engenharia de software - 9. ed. / 2011,1,1,1,0,1,1,0,0,0,0,0,0,0,0,0,0,0,0,0,0,1,0,0,0,0,1,1,0,0,0,0,0,0,1,0,0,0,0,0,0,0,0,0,0,0,0,0,0
005.1,122260,14178663,Engenharia de software - 9. ed. / 2011,0,0,1,1,1,1,1,2,1,1,0,0,0,0,0,0,0,0,0,0,0,0,0,0,0,0,0,0,0,0,0,0,0,0,0,0,0,0,0,0,0,0,0,0,0,0,0,0
005.1,122260,14178666,Engenharia de software - 9. ed. / 2011,0,0,0,0,0,1,0,1,1,1,0,0,0,0,0,0,0,0,0,0,2,2,0,0,0,0,1,0,0,0,0,0,0,0,0,0,0,0,0,0,0,0,0,0,0,0,0,0
005.1,122260,14178623,Engenharia de software - 9. ed. / 2011,0,0,1,1,1,2,0,1,0,0,0,0,0,0,0,0,0,0,0,0,0,0,0,0,0,0,1,0,0,0,0,0,0,0,0,0,0,0,0,0,0,0,0,0,0,0,0,0
005.1,122260,14178633,Engenharia de software - 9. ed. / 2011,0,0,0,0,0,0,0,0,0,0,0,0,0,0,0,0,1,1,0,1,1,1,1,0,0,1,0,0,0,0,0,0,0,0,0,0,0,0,0,0,0,0,0,0,0,0,0,0
005.1,122260,14178588,Engenharia de software - 9. ed. / 2011,0,0,1,1,1,1,2,0,0,0,0,0,0,0,0,0,0,0,0,0,0,0,0,0,0,0,0,0,0,0,0,0,0,0,0,0,0,0,0,0,0,0,0,0,0,0,0,0
005.1,122260,14178640,Engenharia de software - 9. ed. / 2011,0,0,0,0,0,0,0,0,0,0,0,0,0,0,0,0,0,0,0,0,0,0,0,0,0,0,0,0,0,0,0,0,0,1,1,1,1,1,0,1,0,0,0,0,0,0,0,0
005.1,122260,14178592,Engenharia de software - 9. ed. / 2011,0,0,0,0,0,0,0,0,1,0,0,0,0,0,0,0,0,0,0,0,0,0,0,0,0,0,0,0,0,0,0,0,0,0,0,0,0,0,0,1,1,1,1,0,0,0,0,0
005.1,122260,14178622,Engenharia de software - 9. ed. / 2011,0,0,0,0,2,1,1,0,0,0,0,0,0,0,0,0,0,0,0,0,0,0,0,0,0,0,0,0,0,0,0,0,0,0,0,0,0,0,0,1,0,0,0,0,0,0,0,0
005.1,122260,14178644,Engenharia de software - 9. ed. / 2011,0,0,0,0,0,0,0,0,0,0,0,0,0,0,0,0,0,0,0,0,0,0,0,0,0,0,0,0,0,0,0,0,0,0,0,0,0,1,1,1,1,1,0,0,0,0,0,0
005.1,122260,14178662,Engenharia de software - 9. ed. / 2011,0,0,0,0,0,0,0,0,0,0,0,0,0,0,0,0,0,0,0,0,0,0,0,0,0,0,0,0,0,0,0,0,0,1,1,1,1,1,0,0,0,0,0,0,0,0,0,0
005.1,122260,14178590,Engenharia de software - 9. ed. / 2011,0,0,2,1,0,0,0,0,0,0,0,0,0,0,0,0,0,0,0,0,0,0,0,0,0,0,0,0,0,0,0,0,0,0,0,0,0,0,0,1,0,0,0,0,0,0,0,0
005.1,122260,14178579,Engenharia de software - 9. ed. / 2011,0,0,1,0,1,1,0,0,0,0,0,0,0,0,0,0,0,0,0,0,0,0,0,0,0,0,0,0,0,0,0,0,0,0,0,0,0,0,0,0,0,0,0,0,0,0,0,0
005.1,122260,14178619,Engenharia de software - 9. ed. / 2011,0,0,1,1,1,0,0,0,0,0,0,0,0,0,0,0,0,0,0,0,0,0,0,0,0,0,0,0,0,0,0,0,0,0,0,0,0,0,0,0,0,0,0,0,0,0,0,0
005.1,122260,14178627,Engenharia de software - 9. ed. / 2011,0,0,0,0,0,0,0,0,0,0,0,0,0,0,0,0,0,0,0,0,0,0,0,0,0,0,0,0,0,0,0,0,0,0,0,0,0,0,0,0,0,0,0,0,0,1,1,1
005.1,122260,14178670,Engenharia de software - 9. ed. / 2011,0,0,0,0,0,0,0,0,0,0,0,0,0,0,0,0,0,0,0,0,0,0,0,0,0,0,0,0,0,0,0,0,0,0,0,1,2,0,0,0,0,0,0,0,0,0,0,0
005.1,122260,14178580,Engenharia de software - 9. ed. / 2011,0,0,0,0,0,0,0,0,0,0,0,0,0,0,0,0,0,0,0,0,0,0,0,0,0,0,0,0,0,0,0,0,0,0,0,0,0,0,0,2,0,0,0,0,0,0,0,0
005.1,122260,14178595,Engenharia de software - 9. ed. / 2011,0,0,0,0,0,0,0,0,0,0,0,0,0,0,0,0,0,0,0,0,0,0,0,0,0,0,0,0,0,0,0,0,0,1,0,0,0,0,0,1,0,0,0,0,0,0,0,0
005.1,122260,14178600,Engenharia de software - 9. ed. / 2011,0,0,0,0,0,0,0,0,0,0,0,0,0,0,0,0,0,0,0,0,0,0,0,0,0,0,0,0,0,0,0,0,0,0,0,0,0,0,0,1,0,1,0,0,0,0,0,0
005.1,122260,14178601,Engenharia de software - 9. ed. / 2011,0,0,0,0,0,0,0,0,0,0,0,0,0,0,0,0,0,0,0,0,0,0,0,0,0,0,0,0,0,0,0,0,0,0,0,0,0,0,0,1,1,0,0,0,0,0,0,0
005.1,122260,14178618,Engenharia de software - 9. ed. / 2011,0,0,0,0,0,0,0,0,0,0,0,0,0,0,0,0,0,0,0,0,0,0,0,0,0,0,0,0,0,0,0,0,0,0,0,0,0,0,0,0,0,0,0,0,1,1,0,0
005.1,122260,14178634,Engenharia de software - 9. ed. / 2011,0,0,0,0,0,0,0,0,0,0,0,0,0,0,0,0,0,0,0,1,0,0,0,0,0,0,1,0,0,0,0,0,0,0,0,0,0,0,0,0,0,0,0,0,0,0,0,0
005.1,122260,14178635,Engenharia de software - 9. ed. / 2011,1,1,0,0,0,0,0,0,0,0,0,0,0,0,0,0,0,0,0,0,0,0,0,0,0,0,0,0,0,0,0,0,0,0,0,0,0,0,0,0,0,0,0,0,0,0,0,0
005.1,122260,14178650,Engenharia de software - 9. ed. / 2011,0,0,0,1,1,0,0,0,0,0,0,0,0,0,0,0,0,0,0,0,0,0,0,0,0,0,0,0,0,0,0,0,0,0,0,0,0,0,0,0,0,0,0,0,0,0,0,0
005.1,122260,14178651,Engenharia de software - 9. ed. / 2011,1,1,0,0,0,0,0,0,0,0,0,0,0,0,0,0,0,0,0,0,0,0,0,0,0,0,0,0,0,0,0,0,0,0,0,0,0,0,0,0,0,0,0,0,0,0,0,0
005.1,122260,14178658,Engenharia de software - 9. ed. / 2011,0,0,1,1,0,0,0,0,0,0,0,0,0,0,0,0,0,0,0,0,0,0,0,0,0,0,0,0,0,0,0,0,0,0,0,0,0,0,0,0,0,0,0,0,0,0,0,0
005.1,122260,14178660,Engenharia de software - 9. ed. / 2011,0,0,0,0,0,0,0,0,0,0,0,0,0,0,0,0,0,0,0,0,0,0,0,0,0,0,0,0,0,0,0,0,0,1,0,0,0,0,0,1,0,0,0,0,0,0,0,0
005.1,122260,14178671,Engenharia de software - 9. ed. / 2011,0,0,0,0,0,0,0,0,0,0,0,0,0,0,0,0,0,0,0,0,0,0,0,0,0,0,0,0,0,0,0,0,0,0,0,0,0,0,0,1,1,0,0,0,0,0,0,0
005.1,122260,14178589,Engenharia de software - 9. ed. / 2011,0,0,0,0,0,0,0,0,0,0,0,0,0,0,0,0,0,0,0,0,0,0,0,0,0,0,0,0,0,0,0,0,0,0,0,0,0,0,0,0,0,0,0,0,1,0,0,0
005.1,122260,14178598,Engenharia de software - 9. ed. / 2011,0,0,0,0,0,0,0,0,0,0,0,0,0,0,0,0,0,0,0,0,0,0,0,0,0,0,0,0,0,0,0,0,0,0,0,0,0,0,0,0,0,0,0,0,0,0,0,1
005.1,122260,14178599,Engenharia de software - 9. ed. / 2011,0,0,0,0,1,0,0,0,0,0,0,0,0,0,0,0,0,0,0,0,0,0,0,0,0,0,0,0,0,0,0,0,0,0,0,0,0,0,0,0,0,0,0,0,0,0,0,0
005.1,122260,14178653,Engenharia de software - 9. ed. / 2011,0,0,0,0,0,0,0,0,0,0,0,0,0,0,0,0,0,0,0,0,0,0,0,0,0,0,0,0,0,0,0,0,0,0,0,0,0,0,0,1,0,0,0,0,0,0,0,0
005.1,122260,14178654,Engenharia de software - 9. ed. / 2011,0,0,0,0,0,0,0,0,0,0,0,0,0,0,0,0,1,0,0,0,0,0,0,0,0,0,0,0,0,0,0,0,0,0,0,0,0,0,0,0,0,0,0,0,0,0,0,0
005.1,122260,14178656,Engenharia de software - 9. ed. / 2011,0,0,1,0,0,0,0,0,0,0,0,0,0,0,0,0,0,0,0,0,0,0,0,0,0,0,0,0,0,0,0,0,0,0,0,0,0,0,0,0,0,0,0,0,0,0,0,0
005.1,129054,14187186,Essential software architecture - 2. ed. / 2011,0,0,0,0,0,0,0,0,0,0,0,0,0,0,0,0,0,0,0,0,0,0,0,0,0,0,0,0,0,0,0,0,0,1,1,1,1,0,0,0,0,0,0,0,0,0,0,0
005.1,129098,14185092,Desenvolvimento de software com scrum : aplicando métodos ágeis com sucesso / 2011,0,0,1,1,0,0,0,0,0,0,1,1,1,0,1,0,0,0,0,0,0,0,0,0,0,0,0,0,0,0,0,0,0,0,0,0,0,0,0,0,0,0,0,0,0,0,0,0
005.1,129098,14185093,Desenvolvimento de software com scrum : aplicando métodos ágeis com sucesso / 2011,0,0,0,0,0,0,0,0,0,0,0,0,0,0,0,0,0,0,0,0,1,0,0,0,0,0,0,0,0,0,1,1,1,0,0,0,0,0,0,1,0,1,0,0,0,0,0,0
005.1,129098,14185095,Desenvolvimento de software com scrum : aplicando métodos ágeis com sucesso / 2011,0,0,0,0,0,0,0,0,0,0,0,0,0,0,0,0,0,1,0,0,0,0,0,0,0,0,0,0,0,0,0,0,0,0,0,0,0,0,0,0,0,0,0,0,0,0,0,0
005.1,129098,14185097,Desenvolvimento de software com scrum : aplicando métodos ágeis com sucesso / 2011,0,0,1,0,0,0,0,0,0,0,0,0,0,0,0,0,0,0,0,0,0,0,0,0,0,0,0,0,0,0,0,0,0,0,0,0,0,0,0,0,0,0,0,0,0,0,0,0
005.1,129098,14185098,Desenvolvimento de software com scrum : aplicando métodos ágeis com sucesso / 2011,0,0,0,0,0,0,0,0,0,0,0,0,0,0,0,0,0,0,0,1,0,0,0,0,0,0,0,0,0,0,0,0,0,0,0,0,0,0,0,0,0,0,0,0,0,0,0,0
005.1,129184,14360961,Código limpo : habilidades práticas do Agile Software / 2009,0,0,0,0,0,0,0,0,0,0,0,0,0,0,1,0,2,1,0,1,1,1,2,0,0,0,1,0,0,0,0,1,1,1,0,1,1,1,0,1,0,1,1,0,2,0,1,2
005.1,129379,14174228,User stories applied : for agile software development / 2004,0,0,0,1,1,1,1,1,1,1,1,1,0,0,1,1,1,0,0,0,0,0,0,0,0,0,0,0,0,0,0,0,0,0,0,0,0,0,0,0,0,0,0,0,0,0,0,0
005.1,129379,14174231,User stories applied : for agile software development / 2004,0,0,0,0,0,0,0,0,0,0,0,0,0,0,0,0,1,1,0,1,1,1,0,0,0,0,0,0,0,0,0,0,0,0,0,0,0,0,0,0,0,0,0,0,0,0,0,0
005.1,129379,14174229,User stories applied : for agile software development / 2004,0,0,0,0,0,0,0,0,0,0,0,0,0,0,0,0,0,0,0,0,0,0,0,0,0,0,0,0,0,0,0,0,0,0,0,0,1,1,0,1,0,0,0,0,0,0,0,0
005.1,129379,14174240,User stories applied : for agile software development / 2004,0,0,0,0,1,1,1,0,0,0,0,0,0,0,0,0,0,0,0,0,0,0,0,0,0,0,0,0,0,0,0,0,0,0,0,0,0,0,0,0,0,0,0,0,0,0,0,0
005.1,129379,14173250,User stories applied : for agile software development / 2004,0,0,1,0,1,0,0,0,0,0,0,0,0,0,0,0,0,0,0,0,0,0,0,0,0,0,0,0,0,0,0,0,0,0,0,0,0,0,0,0,0,0,0,0,0,0,0,0
005.1,129379,14173251,User stories applied : for agile software development / 2004,0,0,0,0,0,0,0,0,0,0,0,0,0,0,0,0,0,0,0,1,0,0,0,0,0,0,0,0,0,0,0,0,0,0,0,0,0,0,0,0,0,0,0,0,0,0,0,0
005.1,135338,14178518,"Fundamentos da programação de computadores : algoritmos, Pascal, C/C++ (padrão ANSI) e Java - 3. ed. / 2012",0,0,0,0,1,2,1,1,1,1,1,1,0,0,0,0,0,0,0,0,0,0,0,0,0,0,0,0,0,0,0,0,0,0,0,0,0,0,0,0,0,0,0,0,0,0,0,0
005.1,135338,14178534,"Fundamentos da programação de computadores : algoritmos, Pascal, C/C++ (padrão ANSI) e Java - 3. ed. / 2012",0,0,0,2,0,0,0,0,0,0,0,0,0,0,0,0,0,0,0,0,0,0,0,0,0,1,0,0,0,0,0,2,0,1,1,0,1,0,0,0,0,0,0,0,0,0,0,0
005.1,135338,14178527,"Fundamentos da programação de computadores : algoritmos, Pascal, C/C++ (padrão ANSI) e Java - 3. ed. / 2012",0,0,2,0,0,0,0,0,0,0,0,0,0,0,1,0,0,0,0,1,0,0,0,0,0,1,0,0,0,0,0,0,0,0,0,0,0,0,0,0,0,0,0,0,0,0,1,1
005.1,135338,14178530,"Fundamentos da programação de computadores : algoritmos, Pascal, C/C++ (padrão ANSI) e Java - 3. ed. / 2012",0,0,0,1,1,1,1,1,1,0,0,0,0,0,0,0,0,0,0,0,0,0,0,0,0,0,0,0,0,0,0,0,0,0,0,0,0,0,0,0,0,0,0,0,0,0,0,0
005.1,135338,14178532,"Fundamentos da programação de computadores : algoritmos, Pascal, C/C++ (padrão ANSI) e Java - 3. ed. / 2012",0,0,1,1,1,1,2,0,0,0,0,0,0,0,0,0,0,0,0,0,0,0,0,0,0,0,0,0,0,0,0,0,0,0,0,0,0,0,0,0,0,0,0,0,0,0,0,0
005.1,135338,14178525,"Fundamentos da programação de computadores : algoritmos, Pascal, C/C++ (padrão ANSI) e Java - 3. ed. / 2012",1,0,0,0,0,0,0,1,1,1,1,0,0,0,0,0,0,0,0,0,0,0,0,0,0,0,0,0,0,0,0,0,0,0,0,0,0,0,0,0,0,0,0,0,0,0,0,0
005.1,135338,14178523,"Fundamentos da programação de computadores : algoritmos, Pascal, C/C++ (padrão ANSI) e Java - 3. ed. / 2012",0,0,0,0,0,0,0,0,0,0,0,0,0,0,0,0,1,1,0,0,0,0,0,0,0,1,1,0,0,0,0,0,0,0,0,0,0,0,0,0,0,0,0,0,0,0,0,0
005.1,135338,14178524,"Fundamentos da programação de computadores : algoritmos, Pascal, C/C++ (padrão ANSI) e Java - 3. ed. / 2012",0,0,1,1,1,1,0,0,0,0,0,0,0,0,0,0,0,0,0,0,0,0,0,0,0,0,0,0,0,0,0,0,0,0,0,0,0,0,0,0,0,0,0,0,0,0,0,0
005.1,135338,14178540,"Fundamentos da programação de computadores : algoritmos, Pascal, C/C++ (padrão ANSI) e Java - 3. ed. / 2012",0,0,1,1,0,0,0,0,0,0,0,0,0,0,0,0,0,0,0,0,0,0,0,0,0,0,1,0,0,0,1,0,0,0,0,0,0,0,0,0,0,0,0,0,0,0,0,0
005.1,135338,14179875,"Fundamentos da programação de computadores : algoritmos, Pascal, C/C++ (padrão ANSI) e Java - 3. ed. / 2012",1,0,0,0,0,0,0,0,0,0,0,0,0,0,0,0,0,0,0,0,0,0,0,0,0,0,0,0,0,0,1,1,1,0,0,0,0,0,0,0,0,0,0,0,0,0,0,0
005.1,135338,14178531,"Fundamentos da programação de computadores : algoritmos, Pascal, C/C++ (padrão ANSI) e Java - 3. ed. / 2012",0,0,1,0,0,1,1,0,0,0,0,0,0,0,0,0,0,0,0,0,0,0,0,0,0,0,0,0,0,0,0,0,0,0,0,0,0,0,0,0,0,0,0,0,0,0,0,0
005.1,135338,14178533,"Fundamentos da programação de computadores : algoritmos, Pascal, C/C++ (padrão ANSI) e Java - 3. ed. / 2012",0,0,1,1,1,0,0,0,0,0,0,0,0,0,0,0,0,0,0,0,0,0,0,0,0,0,0,0,0,0,0,0,0,0,0,0,0,0,0,0,0,0,0,0,0,0,0,0
005.1,135338,14178542,"Fundamentos da programação de computadores : algoritmos, Pascal, C/C++ (padrão ANSI) e Java - 3. ed. / 2012",1,1,1,0,0,0,0,0,0,0,0,0,0,0,0,0,0,0,0,0,0,0,0,0,0,0,0,0,0,0,0,0,0,0,0,0,0,0,0,0,0,0,0,0,0,0,0,0
005.1,135338,14178545,"Fundamentos da programação de computadores : algoritmos, Pascal, C/C++ (padrão ANSI) e Java - 3. ed. / 2012",1,1,1,0,0,0,0,0,0,0,0,0,0,0,0,0,0,0,0,0,0,0,0,0,0,0,0,0,0,0,0,0,0,0,0,0,0,0,0,0,0,0,0,0,0,0,0,0
005.1,135338,14152351,"Fundamentos da programação de computadores : algoritmos, Pascal, C/C++ (padrão ANSI) e Java - 3. ed. / 2012",1,1,0,0,0,0,0,0,0,0,0,0,0,0,0,0,0,0,0,0,0,0,0,0,0,0,0,0,0,0,0,0,0,0,0,0,0,0,0,0,0,0,0,0,0,0,0,0
005.1,135338,14178519,"Fundamentos da programação de computadores : algoritmos, Pascal, C/C++ (padrão ANSI) e Java - 3. ed. / 2012",1,1,0,0,0,0,0,0,0,0,0,0,0,0,0,0,0,0,0,0,0,0,0,0,0,0,0,0,0,0,0,0,0,0,0,0,0,0,0,0,0,0,0,0,0,0,0,0
005.1,135338,14178526,"Fundamentos da programação de computadores : algoritmos, Pascal, C/C++ (padrão ANSI) e Java - 3. ed. / 2012",0,0,0,0,0,0,0,1,1,0,0,0,0,0,0,0,0,0,0,0,0,0,0,0,0,0,0,0,0,0,0,0,0,0,0,0,0,0,0,0,0,0,0,0,0,0,0,0
005.1,135338,14152352,"Fundamentos da programação de computadores : algoritmos, Pascal, C/C++ (padrão ANSI) e Java - 3. ed. / 2012",0,0,0,0,0,0,0,0,0,0,0,0,0,0,0,0,0,0,0,0,0,0,0,0,0,1,0,0,0,0,0,0,0,0,0,0,0,0,0,0,0,0,0,0,0,0,0,0
005.1,135338,14152354,"Fundamentos da programação de computadores : algoritmos, Pascal, C/C++ (padrão ANSI) e Java - 3. ed. / 2012",0,0,1,0,0,0,0,0,0,0,0,0,0,0,0,0,0,0,0,0,0,0,0,0,0,0,0,0,0,0,0,0,0,0,0,0,0,0,0,0,0,0,0,0,0,0,0,0
005.1,135338,14152358,"Fundamentos da programação de computadores : algoritmos, Pascal, C/C++ (padrão ANSI) e Java - 3. ed. / 2012",0,0,1,0,0,0,0,0,0,0,0,0,0,0,0,0,0,0,0,0,0,0,0,0,0,0,0,0,0,0,0,0,0,0,0,0,0,0,0,0,0,0,0,0,0,0,0,0
005.1,135338,14152359,"Fundamentos da programação de computadores : algoritmos, Pascal, C/C++ (padrão ANSI) e Java - 3. ed. / 2012",0,0,0,0,0,0,0,0,0,0,0,0,0,0,0,0,0,0,0,1,0,0,0,0,0,0,0,0,0,0,0,0,0,0,0,0,0,0,0,0,0,0,0,0,0,0,0,0
005.1,135338,14152360,"Fundamentos da programação de computadores : algoritmos, Pascal, C/C++ (padrão ANSI) e Java - 3. ed. / 2012",0,0,1,0,0,0,0,0,0,0,0,0,0,0,0,0,0,0,0,0,0,0,0,0,0,0,0,0,0,0,0,0,0,0,0,0,0,0,0,0,0,0,0,0,0,0,0,0
005.1,135338,14178517,"Fundamentos da programação de computadores : algoritmos, Pascal, C/C++ (padrão ANSI) e Java - 3. ed. / 2012",0,0,0,0,0,0,0,0,0,0,0,0,0,0,1,0,0,0,0,0,0,0,0,0,0,0,0,0,0,0,0,0,0,0,0,0,0,0,0,0,0,0,0,0,0,0,0,0
005.1,135338,14178520,"Fundamentos da programação de computadores : algoritmos, Pascal, C/C++ (padrão ANSI) e Java - 3. ed. / 2012",1,0,0,0,0,0,0,0,0,0,0,0,0,0,0,0,0,0,0,0,0,0,0,0,0,0,0,0,0,0,0,0,0,0,0,0,0,0,0,0,0,0,0,0,0,0,0,0
005.1,135338,14178522,"Fundamentos da programação de computadores : algoritmos, Pascal, C/C++ (padrão ANSI) e Java - 3. ed. / 2012",0,0,0,0,0,0,0,0,0,0,0,0,0,0,0,0,0,0,0,0,0,0,0,0,0,0,0,0,0,0,0,0,0,0,0,0,0,0,0,0,1,0,0,0,0,0,0,0
005.1,135338,14178528,"Fundamentos da programação de computadores : algoritmos, Pascal, C/C++ (padrão ANSI) e Java - 3. ed. / 2012",0,0,0,1,0,0,0,0,0,0,0,0,0,0,0,0,0,0,0,0,0,0,0,0,0,0,0,0,0,0,0,0,0,0,0,0,0,0,0,0,0,0,0,0,0,0,0,0
005.1,135338,14178535,"Fundamentos da programação de computadores : algoritmos, Pascal, C/C++ (padrão ANSI) e Java - 3. ed. / 2012",0,0,0,0,0,0,0,0,0,0,0,0,0,0,1,0,0,0,0,0,0,0,0,0,0,0,0,0,0,0,0,0,0,0,0,0,0,0,0,0,0,0,0,0,0,0,0,0
005.1,135338,14178539,"Fundamentos da programação de computadores : algoritmos, Pascal, C/C++ (padrão ANSI) e Java - 3. ed. / 2012",0,0,0,0,0,0,0,0,0,0,0,0,0,0,1,0,0,0,0,0,0,0,0,0,0,0,0,0,0,0,0,0,0,0,0,0,0,0,0,0,0,0,0,0,0,0,0,0
005.1,135338,14178541,"Fundamentos da programação de computadores : algoritmos, Pascal, C/C++ (padrão ANSI) e Java - 3. ed. / 2012",0,0,0,0,0,0,0,0,0,0,0,0,0,0,0,0,0,0,0,0,0,0,0,0,0,1,0,0,0,0,0,0,0,0,0,0,0,0,0,0,0,0,0,0,0,0,0,0
005.1,135618,14178194,Algoritmos : teoria e prática / 2012,0,0,1,1,1,1,1,1,1,1,1,1,0,1,1,1,1,1,0,1,0,0,0,0,0,0,1,1,0,1,0,2,0,1,1,1,1,1,0,1,1,0,0,0,0,0,0,0
005.1,135618,14178164,Algoritmos : teoria e prática / 2012,2,0,2,0,0,0,0,0,0,1,0,0,0,0,1,1,1,1,0,1,1,1,1,0,0,0,1,0,1,0,0,1,1,1,1,0,0,1,0,1,0,0,1,0,0,0,0,0
005.1,135618,14178132,Algoritmos : teoria e prática / 2012,0,0,1,1,1,1,2,1,2,1,0,0,0,0,0,0,2,1,0,0,0,2,1,0,0,0,0,0,0,0,0,0,0,0,0,0,0,0,0,0,0,0,0,0,0,0,0,0
005.1,135618,14178139,Algoritmos : teoria e prática / 2012,0,0,1,1,1,0,1,0,0,0,0,0,0,0,0,0,0,0,0,0,0,0,0,0,0,0,0,0,0,0,0,0,0,1,1,1,1,1,0,1,0,1,0,1,1,1,1,1
005.1,135618,14178138,Algoritmos : teoria e prática / 2012,0,0,1,1,1,1,1,2,0,1,0,0,0,0,1,0,0,0,0,0,0,0,1,0,0,1,0,1,0,0,0,1,1,0,0,0,0,0,0,0,0,0,0,0,0,0,0,0
005.1,135618,14178170,Algoritmos : teoria e prática / 2012,0,1,1,1,1,1,1,2,0,1,1,0,0,0,1,1,0,0,0,0,0,0,0,0,0,0,0,0,0,0,0,0,0,0,0,0,0,0,0,0,0,1,0,0,0,0,0,0
005.1,135618,14178189,Algoritmos : teoria e prática / 2012,0,0,1,0,1,0,0,0,0,0,0,0,0,0,0,0,2,1,0,1,1,1,1,0,0,0,1,0,0,0,0,0,1,0,0,1,0,0,0,1,0,0,0,0,0,0,0,0
005.1,135618,14178181,Algoritmos : teoria e prática / 2012,0,0,0,1,1,1,1,1,1,0,1,0,0,0,0,0,0,0,0,1,0,0,0,0,0,0,0,0,0,0,0,0,0,0,0,0,0,0,0,0,0,0,0,0,1,0,2,1
005.1,135618,14178192,Algoritmos : teoria e prática / 2012,0,0,0,1,1,0,0,0,0,0,0,0,0,0,1,1,1,1,0,1,0,0,1,0,0,1,1,1,0,0,0,1,0,0,0,0,0,0,0,0,0,0,0,0,0,0,0,0
005.1,135618,14178140,Algoritmos : teoria e prática / 2012,0,0,2,0,2,1,1,0,1,0,0,0,0,0,0,0,0,0,0,0,0,0,0,0,0,0,1,0,0,0,1,0,0,1,0,0,0,1,0,0,0,0,0,0,0,0,0,0
005.1,135618,14178143,Algoritmos : teoria e prática / 2012,0,0,0,1,1,1,2,1,1,1,0,0,0,0,0,0,0,0,0,1,0,0,0,0,0,0,1,0,0,0,1,0,0,0,0,0,0,0,0,0,0,0,0,0,0,0,0,0
005.1,135618,14178168,Algoritmos : teoria e prática / 2012,0,0,1,1,1,1,1,1,0,1,0,0,0,0,0,2,1,0,0,1,0,0,0,0,0,0,0,0,0,0,0,0,0,0,0,0,0,0,0,0,0,0,0,0,0,0,0,0
005.1,135618,14178180,Algoritmos : teoria e prática / 2012,0,0,1,0,0,0,0,0,0,0,0,0,0,0,0,0,0,0,0,0,0,0,0,0,0,0,1,0,0,0,0,2,0,1,1,1,1,1,0,1,1,0,0,0,0,0,0,0
005.1,135618,14177682,Algoritmos : teoria e prática / 2012,0,0,1,1,2,1,0,0,0,0,0,0,0,0,1,1,1,1,0,0,0,0,0,0,0,0,0,0,0,0,0,0,0,0,0,0,0,0,0,1,0,0,0,0,0,0,0,0
005.1,135618,14177686,Algoritmos : teoria e prática / 2012,0,0,1,0,0,0,0,0,0,0,0,0,0,0,0,0,0,0,0,1,1,1,1,0,0,1,1,0,0,0,0,1,1,1,0,0,0,0,0,0,0,0,0,0,0,0,0,0
005.1,135618,14178176,Algoritmos : teoria e prática / 2012,0,0,1,1,1,1,0,0,0,0,0,0,0,0,1,1,2,1,0,0,0,0,0,0,0,0,0,0,0,0,0,0,0,0,0,0,0,0,0,0,0,0,0,0,0,0,0,0
005.1,135618,14178184,Algoritmos : teoria e prática / 2012,0,0,1,1,1,1,0,0,0,0,0,0,0,0,0,0,0,0,0,0,0,0,0,0,0,0,0,0,0,0,0,0,1,1,1,1,1,0,0,0,0,0,0,0,0,0,0,0
005.1,135618,14177685,Algoritmos : teoria e prática / 2012,0,0,1,0,1,1,0,0,0,0,0,0,0,0,0,0,0,0,0,0,0,0,0,0,0,0,0,0,0,0,0,0,0,0,0,0,0,0,0,0,1,0,1,1,1,1,0,0
005.1,135618,14178171,Algoritmos : teoria e prática / 2012,0,0,1,0,2,0,0,0,0,0,1,0,0,0,0,0,1,1,0,1,1,0,0,0,0,0,0,0,0,0,0,0,0,0,0,0,0,0,0,0,0,0,0,0,0,0,0,0
005.1,135618,14178187,Algoritmos : teoria e prática / 2012,1,1,1,0,0,0,0,0,0,0,0,0,0,0,0,0,0,0,0,0,1,0,1,1,0,0,0,0,0,0,0,0,0,0,1,0,1,0,0,0,0,0,0,0,0,0,0,0
005.1,135618,14178188,Algoritmos : teoria e prática / 2012,0,0,0,0,0,0,0,0,0,0,0,0,0,0,0,0,0,0,0,1,1,1,1,0,0,1,1,0,0,0,0,0,0,1,1,0,0,0,0,0,0,0,0,0,0,0,0,0
005.1,135618,14178190,Algoritmos : teoria e prática / 2012,0,0,0,0,0,0,2,1,1,1,1,0,0,0,0,0,1,1,0,0,0,0,0,0,0,0,0,0,0,0,0,0,0,0,0,0,0,0,0,0,0,0,0,0,0,0,0,0
005.1,135618,14178178,Algoritmos : teoria e prática / 2012,1,1,2,1,1,1,0,0,0,0,0,0,0,0,0,0,0,0,0,0,0,0,0,0,0,0,0,0,0,0,0,0,0,0,0,0,0,0,0,0,0,0,0,0,0,0,0,0
005.1,135618,14178193,Algoritmos : teoria e prática / 2012,0,0,0,1,1,0,1,1,0,0,0,0,0,0,0,0,0,0,0,0,0,0,0,1,0,0,0,0,0,0,0,0,0,0,1,1,0,0,0,0,0,0,0,0,0,0,0,0
005.1,135618,14178150,Algoritmos : teoria e prática / 2012,0,0,0,0,1,0,0,0,0,0,0,0,0,0,0,0,0,0,0,1,0,0,1,0,0,1,0,0,0,0,0,1,1,0,0,0,0,0,0,0,0,0,0,0,0,0,0,0
005.1,135618,14178169,Algoritmos : teoria e prática / 2012,0,0,2,0,0,0,0,0,1,1,0,0,0,0,0,0,0,0,0,0,0,0,0,0,0,0,0,0,0,0,0,0,0,0,0,1,1,0,0,0,0,0,0,0,0,0,0,0
005.1,135618,14178135,Algoritmos : teoria e prática / 2012,1,1,1,1,1,0,0,0,0,0,0,0,0,0,0,0,0,0,0,0,0,0,0,0,0,0,0,0,0,0,0,0,0,0,0,0,0,0,0,0,0,0,0,0,0,0,0,0
005.1,135618,14178148,Algoritmos : teoria e prática / 2012,1,1,1,1,1,0,0,0,0,0,0,0,0,0,0,0,0,0,0,0,0,0,0,0,0,0,0,0,0,0,0,0,0,0,0,0,0,0,0,0,0,0,0,0,0,0,0,0
005.1,135618,14178152,Algoritmos : teoria e prática / 2012,0,0,0,0,0,0,0,0,0,0,0,0,0,0,0,0,0,0,0,0,0,0,0,0,0,0,0,0,0,0,0,0,0,0,0,0,0,0,0,0,0,0,0,1,1,1,1,1
005.1,135618,14177683,Algoritmos : teoria e prática / 2012,0,0,0,0,0,0,0,0,0,0,0,0,0,0,0,0,0,0,0,0,0,0,0,0,0,0,0,0,0,0,1,1,1,0,0,0,0,1,0,0,0,0,0,0,0,0,0,0
005.1,135618,14178134,Algoritmos : teoria e prática / 2012,0,0,0,0,1,1,1,0,0,0,0,0,0,0,0,0,0,0,0,0,0,0,1,0,0,0,0,0,0,0,0,0,0,0,0,0,0,0,0,0,0,0,0,0,0,0,0,0
005.1,135618,14178137,Algoritmos : teoria e prática / 2012,0,0,0,0,0,0,0,0,0,0,0,0,0,0,0,0,0,0,0,0,0,0,0,0,0,0,0,0,0,0,0,0,0,0,0,0,0,0,0,0,0,0,0,0,1,0,2,1
005.1,135618,14178166,Algoritmos : teoria e prática / 2012,1,1,1,1,0,0,0,0,0,0,0,0,0,0,0,0,0,0,0,0,0,0,0,0,0,0,0,0,0,0,0,0,0,0,0,0,0,0,0,0,0,0,0,0,0,0,0,0
005.1,135618,14178144,Algoritmos : teoria e prática / 2012,0,0,0,0,0,0,0,0,0,0,0,0,0,0,0,0,0,0,0,0,0,0,0,0,0,0,0,0,0,0,0,0,0,0,0,0,0,0,0,0,0,0,0,0,1,0,2,0
005.1,135618,14178145,Algoritmos : teoria e prática / 2012,1,1,1,0,0,0,0,0,0,0,0,0,0,0,0,0,0,0,0,0,0,0,0,0,0,0,0,0,0,0,0,0,0,0,0,0,0,0,0,0,0,0,0,0,0,0,0,0
005.1,135618,14178175,Algoritmos : teoria e prática / 2012,0,0,0,0,0,0,0,0,0,0,0,0,0,0,0,0,0,0,0,0,0,0,0,0,0,0,0,0,0,0,0,0,0,0,0,0,0,0,0,0,0,0,0,0,1,1,1,0
005.1,135618,14178182,Algoritmos : teoria e prática / 2012,0,0,1,1,0,0,0,0,0,0,0,0,0,0,0,0,0,1,0,0,0,0,0,0,0,0,0,0,0,0,0,0,0,0,0,0,0,0,0,0,0,0,0,0,0,0,0,0
005.1,135618,14178183,Algoritmos : teoria e prática / 2012,0,0,0,2,1,0,0,0,0,0,0,0,0,0,0,0,0,0,0,0,0,0,0,0,0,0,0,0,0,0,0,0,0,0,0,0,0,0,0,0,0,0,0,0,0,0,0,0
005.1,135618,14364643,Algoritmos : teoria e prática / 2012,0,0,0,0,0,0,0,0,0,0,0,0,0,0,0,0,0,0,0,0,0,0,0,0,0,0,0,0,0,0,0,0,0,0,0,0,1,1,1,0,0,0,0,0,0,0,0,0
005.1,135618,14178133,Algoritmos : teoria e prática / 2012,0,0,0,0,0,0,0,0,0,0,0,0,0,0,0,0,0,0,0,0,0,0,0,0,0,0,1,0,0,0,1,0,0,0,0,0,0,0,0,0,0,0,0,0,0,0,0,0
005.1,135618,14178154,Algoritmos : teoria e prática / 2012,0,0,0,0,0,0,0,0,0,0,0,0,0,0,0,0,0,0,0,0,0,0,0,0,0,0,0,0,0,0,0,0,0,0,0,0,0,0,0,0,0,0,0,0,0,1,0,1
005.1,135618,14178163,Algoritmos : teoria e prática / 2012,0,0,0,0,0,0,0,0,0,0,0,0,0,0,0,0,0,0,0,0,0,0,0,0,0,0,0,0,0,0,0,0,0,0,0,0,0,0,0,0,0,0,0,0,0,0,1,1
005.1,135618,14178191,Algoritmos : teoria e prática / 2012,0,0,0,0,0,0,0,0,0,0,0,0,0,0,0,0,0,0,0,0,0,0,0,0,0,0,0,0,0,0,0,0,0,0,0,0,0,0,1,1,0,0,0,0,0,0,0,0
005.1,135618,14189883,Algoritmos : teoria e prática / 2012,0,0,0,0,0,0,0,0,0,0,0,0,0,0,0,0,0,0,0,0,0,0,0,0,0,0,0,0,0,0,0,0,0,0,0,0,0,0,0,0,0,0,0,0,1,1,0,0
005.1,135618,14178142,Algoritmos : teoria e prática / 2012,0,0,0,0,1,0,0,0,0,0,0,0,0,0,0,0,0,0,0,0,0,0,0,0,0,0,0,0,0,0,0,0,0,0,0,0,0,0,0,0,0,0,0,0,0,0,0,0
005.1,135618,14178162,Algoritmos : teoria e prática / 2012,0,0,0,0,0,0,0,0,0,0,0,0,0,0,0,0,0,0,0,0,0,0,0,0,0,0,0,0,0,0,0,0,0,0,0,0,0,0,0,1,0,0,0,0,0,0,0,0
005.1,135618,14189882,Algoritmos : teoria e prática / 2012,0,0,1,0,0,0,0,0,0,0,0,0,0,0,0,0,0,0,0,0,0,0,0,0,0,0,0,0,0,0,0,0,0,0,0,0,0,0,0,0,0,0,0,0,0,0,0,0
005.1,135959,14185817,UML : guia do usuário - 2. ed. rev. e atual. / 2012,0,0,0,1,1,0,0,2,2,2,2,1,0,0,0,0,0,0,0,0,0,0,0,0,0,0,0,0,0,0,0,1,0,0,0,0,0,0,0,0,0,0,0,0,0,0,0,0
005.1,135959,14185806,UML : guia do usuário - 2. ed. rev. e atual. / 2012,1,1,1,1,1,1,0,0,0,0,0,0,0,0,0,0,0,0,0,0,0,0,0,0,0,0,0,0,0,0,0,0,0,0,0,0,0,0,0,0,0,0,0,0,0,0,0,0
005.1,135959,14185813,UML : guia do usuário - 2. ed. rev. e atual. / 2012,0,0,0,0,0,0,0,0,0,0,0,0,0,0,0,0,1,1,0,1,1,1,0,0,0,0,0,0,0,0,0,0,0,0,0,0,0,0,0,0,0,0,0,0,0,0,0,0
005.1,135959,14185821,UML : guia do usuário - 2. ed. rev. e atual. / 2012,0,0,0,1,1,1,1,0,0,0,0,0,0,0,0,0,0,0,0,0,0,0,0,0,0,0,0,0,0,0,0,0,0,0,0,0,0,0,0,0,0,0,0,0,0,0,0,0
005.1,135959,14185838,UML : guia do usuário - 2. ed. rev. e atual. / 2012,0,0,0,0,0,0,0,0,0,0,0,0,0,0,0,0,0,2,0,1,0,0,0,0,0,0,0,0,0,0,0,0,0,0,0,0,0,0,0,0,0,0,0,0,0,0,0,0
005.1,135959,14185842,UML : guia do usuário - 2. ed. rev. e atual. / 2012,0,0,1,1,1,0,0,0,0,0,0,0,0,0,0,0,0,0,0,0,0,0,0,0,0,0,0,0,0,0,0,0,0,0,0,0,0,0,0,0,0,0,0,0,0,0,0,0
005.1,135959,14185830,UML : guia do usuário - 2. ed. rev. e atual. / 2012,1,1,0,0,0,0,0,0,0,0,0,0,0,0,0,0,0,0,0,0,0,0,0,0,0,0,0,0,0,0,0,0,0,0,0,0,0,0,0,0,0,0,0,0,0,0,0,0
005.1,135959,14185833,UML : guia do usuário - 2. ed. rev. e atual. / 2012,0,0,0,0,0,0,0,0,0,0,0,0,0,0,0,0,0,0,0,1,1,0,0,0,0,0,0,0,0,0,0,0,0,0,0,0,0,0,0,0,0,0,0,0,0,0,0,0
005.1,135959,14185837,UML : guia do usuário - 2. ed. rev. e atual. / 2012,1,1,0,0,0,0,0,0,0,0,0,0,0,0,0,0,0,0,0,0,0,0,0,0,0,0,0,0,0,0,0,0,0,0,0,0,0,0,0,0,0,0,0,0,0,0,0,0
005.1,136879,14181478,Domain-driven design : atacando as complexidades no coração do software - 2. ed. revisada / 2009,0,1,0,0,1,0,0,0,2,1,0,1,0,0,1,2,1,1,0,1,1,1,1,1,0,0,1,1,0,1,0,1,0,0,0,0,0,0,0,1,1,0,0,0,0,0,0,0
005.1,139872,14188537,Organização estruturada de computadores - 6. ed. / 2013,0,0,0,0,0,0,0,1,1,1,1,1,0,0,0,0,0,0,0,0,0,0,0,0,0,0,0,0,0,0,0,0,0,0,0,0,0,0,0,1,0,0,0,0,0,0,0,0
005.1,139872,14188549,Organização estruturada de computadores - 6. ed. / 2013,0,0,0,0,0,0,0,0,0,0,0,0,0,0,0,0,0,0,0,0,0,0,0,0,0,0,0,0,0,0,0,0,1,1,1,1,1,0,0,0,0,0,0,0,0,0,0,0
005.1,139872,14188530,Organização estruturada de computadores - 6. ed. / 2013,0,0,0,0,0,0,0,0,0,0,0,0,0,0,0,0,0,0,0,0,0,0,0,0,0,0,0,0,0,0,0,0,0,0,0,0,0,0,0,1,1,1,0,0,0,0,0,0
005.1,139872,14189823,Organização estruturada de computadores - 6. ed. / 2013,0,0,0,0,1,0,0,1,1,0,0,0,0,0,0,0,0,0,0,0,0,0,0,0,0,0,0,0,0,0,0,0,0,0,0,0,0,0,0,0,0,0,0,0,0,0,0,0
005.1,139872,14189826,Organização estruturada de computadores - 6. ed. / 2013,0,0,0,0,0,0,0,0,0,0,0,0,0,0,0,0,0,0,0,0,0,0,0,0,0,0,0,0,0,0,0,0,0,0,0,0,1,1,0,1,0,0,0,0,0,0,0,0
005.1,139872,14189836,Organização estruturada de computadores - 6. ed. / 2013,1,1,0,0,0,0,0,1,0,0,0,0,0,0,0,0,0,0,0,0,0,0,0,0,0,0,0,0,0,0,0,0,0,0,0,0,0,0,0,0,0,0,0,0,0,0,0,0
005.1,139872,14189821,Organização estruturada de computadores - 6. ed. / 2013,0,0,0,0,0,0,0,0,0,0,0,0,0,0,0,0,0,0,0,0,0,0,0,0,0,0,0,0,0,0,0,0,0,0,0,0,0,0,0,0,0,0,0,0,0,0,0,1
005.1,140108,14149112,Engenharia de software : uma abordagem profissional - 7. ed. / 2011,0,0,0,0,1,1,0,0,0,1,2,1,0,0,2,0,1,1,1,1,1,1,1,0,0,0,0,0,0,0,0,0,0,0,0,0,0,0,0,0,0,0,0,0,0,0,0,0
005.1,140108,14149114,Engenharia de software : uma abordagem profissional - 7. ed. / 2011,1,1,1,0,1,1,1,2,1,1,0,0,0,0,0,0,0,0,0,0,0,0,0,0,0,0,0,0,0,0,0,0,0,0,0,0,0,0,0,0,0,0,0,0,0,0,0,0
005.1,140108,14149113,Engenharia de software : uma abordagem profissional - 7. ed. / 2011,0,0,1,1,1,1,1,2,1,0,0,0,0,0,0,0,0,0,0,0,0,0,0,0,0,0,0,0,0,0,0,0,0,0,0,0,0,0,0,0,0,0,0,0,0,0,0,0
005.1,140108,14149121,Engenharia de software : uma abordagem profissional - 7. ed. / 2011,0,0,1,1,1,1,1,0,0,0,0,0,0,0,0,1,0,0,0,0,0,0,0,0,0,0,0,0,0,0,0,0,0,0,0,0,0,0,0,0,0,0,0,0,0,0,0,0
005.1,140108,14149131,Engenharia de software : uma abordagem profissional - 7. ed. / 2011,0,0,0,0,0,0,0,0,0,0,0,0,0,0,0,0,0,0,0,0,0,0,0,0,0,0,0,0,0,0,0,0,0,0,0,0,0,0,0,0,0,0,0,0,1,1,1,1
005.1,140108,14149132,Engenharia de software : uma abordagem profissional - 7. ed. / 2011,0,0,0,1,1,1,1,0,0,0,0,0,0,0,0,0,0,0,0,0,0,0,0,0,0,0,0,0,0,0,0,0,0,0,0,0,0,0,0,0,0,0,0,0,0,0,0,0
005.1,140108,14149141,Engenharia de software : uma abordagem profissional - 7. ed. / 2011,0,0,0,0,0,0,0,0,0,0,0,0,0,0,0,0,0,0,0,0,0,0,0,0,0,0,0,0,0,0,0,0,0,0,0,0,0,0,0,0,0,0,0,0,1,1,1,1
005.1,140108,14149085,Engenharia de software : uma abordagem profissional - 7. ed. / 2011,0,0,0,0,0,0,0,0,0,0,0,0,0,0,0,0,0,0,0,0,0,0,0,0,0,0,1,0,0,0,0,0,0,0,0,0,0,0,0,0,0,0,0,0,1,1,0,0
005.1,140108,14149095,Engenharia de software : uma abordagem profissional - 7. ed. / 2011,0,0,0,0,0,0,0,0,0,0,0,0,0,0,0,0,0,0,0,0,0,0,0,0,0,1,0,0,0,0,0,1,0,0,1,0,0,0,0,0,0,0,0,0,0,0,0,0
005.1,140108,14149117,Engenharia de software : uma abordagem profissional - 7. ed. / 2011,0,0,0,0,0,0,0,0,0,0,0,0,0,0,0,0,0,0,0,0,0,0,0,0,0,0,0,0,0,0,0,0,0,0,0,0,0,0,0,0,0,0,0,0,1,1,1,0
005.1,140108,14149118,Engenharia de software : uma abordagem profissional - 7. ed. / 2011,0,0,0,0,0,0,0,1,1,1,0,0,0,0,0,0,0,0,0,0,0,0,0,0,0,0,0,0,0,0,0,0,0,0,0,0,0,0,0,0,0,0,0,0,0,0,0,0
005.1,140108,14149123,Engenharia de software : uma abordagem profissional - 7. ed. / 2011,1,1,0,0,0,0,0,0,0,0,0,0,0,0,0,0,0,0,0,0,0,0,0,0,0,1,0,0,0,0,0,0,0,0,0,0,0,0,0,0,0,0,0,0,0,0,0,0
005.1,140108,14149090,Engenharia de software : uma abordagem profissional - 7. ed. / 2011,0,0,1,1,0,0,0,0,0,0,0,0,0,0,0,0,0,0,0,0,0,0,0,0,0,0,0,0,0,0,0,0,0,0,0,0,0,0,0,0,0,0,0,0,0,0,0,0
005.1,140108,14149136,Engenharia de software : uma abordagem profissional - 7. ed. / 2011,0,0,0,0,0,0,0,0,0,0,0,0,0,0,0,0,0,0,0,0,0,0,0,0,0,1,0,1,0,0,0,0,0,0,0,0,0,0,0,0,0,0,0,0,0,0,0,0
005.1,140108,14149138,Engenharia de software : uma abordagem profissional - 7. ed. / 2011,0,0,1,0,1,0,0,0,0,0,0,0,0,0,0,0,0,0,0,0,0,0,0,0,0,0,0,0,0,0,0,0,0,0,0,0,0,0,0,0,0,0,0,0,0,0,0,0
005.1,140108,14149108,Engenharia de software : uma abordagem profissional - 7. ed. / 2011,0,0,0,0,0,0,0,0,0,0,0,0,0,0,0,0,0,0,0,0,0,0,0,0,0,0,0,0,0,0,0,0,1,0,0,0,0,0,0,0,0,0,0,0,0,0,0,0
005.1,140108,14149116,Engenharia de software : uma abordagem profissional - 7. ed. / 2011,0,0,0,0,0,0,0,0,0,0,0,0,0,0,0,0,0,0,0,0,0,0,0,0,0,1,0,0,0,0,0,0,0,0,0,0,0,0,0,0,0,0,0,0,0,0,0,0
005.1,141332,14149939,"Complexidade de algoritmos : análise, projeto e métodos - 3. ed. / 2012",0,0,1,1,1,1,1,1,2,1,0,0,0,0,0,0,0,0,0,0,0,1,0,0,0,0,0,0,0,0,1,0,0,0,2,0,0,0,0,0,0,0,0,0,0,0,0,0
005.1,141332,14149940,"Complexidade de algoritmos : análise, projeto e métodos - 3. ed. / 2012",0,0,1,0,0,0,0,0,1,1,1,1,0,0,0,0,0,0,0,0,0,0,0,0,0,0,0,0,0,0,0,0,1,0,1,1,0,0,0,0,0,0,0,0,0,0,0,0
005.1,149580,14148353,Algoritmos : lógica para desenvolvimento de programação de computadores - 27. ed. rev. / 2014,0,0,1,0,0,0,0,0,0,0,0,0,0,0,0,0,0,0,0,0,0,0,0,0,0,0,1,1,0,0,0,1,1,2,1,1,1,1,0,1,0,0,0,0,1,0,0,0
005.1,149580,14148352,Algoritmos : lógica para desenvolvimento de programação de computadores - 27. ed. rev. / 2014,0,0,0,1,0,0,0,0,0,0,0,0,0,0,0,0,1,0,0,1,0,0,0,0,0,0,0,0,0,0,0,0,0,0,0,0,0,1,0,1,0,0,0,1,0,0,0,0
005.1,149583,14148657,Análise e gestão de requisitos de software : onde nascem os sistemas - 2. ed. rev. / 2011,1,1,1,1,1,1,1,1,1,1,1,1,0,0,2,0,1,1,0,1,1,1,0,0,0,0,0,0,0,0,0,0,0,0,0,0,0,0,0,0,0,0,0,0,0,0,0,0
005.1,149583,14148648,Análise e gestão de requisitos de software : onde nascem os sistemas - 2. ed. rev. / 2011,1,1,1,1,1,1,1,1,1,0,0,0,0,0,0,0,0,0,0,0,0,0,0,0,0,0,0,0,0,0,0,0,0,0,0,0,0,0,0,0,0,0,0,0,0,0,0,0
005.1,149583,14148652,Análise e gestão de requisitos de software : onde nascem os sistemas - 2. ed. rev. / 2011,0,0,0,2,1,0,0,0,0,0,0,0,0,0,1,1,0,0,0,0,0,0,0,0,0,0,0,0,0,0,0,0,0,0,0,0,0,0,0,1,1,0,0,0,0,0,0,0
005.1,149583,14148647,Análise e gestão de requisitos de software : onde nascem os sistemas - 2. ed. rev. / 2011,1,0,1,2,1,0,0,0,0,0,0,0,0,0,0,0,0,0,0,0,0,0,0,0,0,0,0,0,0,0,0,0,0,0,0,0,0,0,0,0,0,0,0,0,0,0,0,0
005.1,149583,14148660,Análise e gestão de requisitos de software : onde nascem os sistemas - 2. ed. rev. / 2011,0,0,0,0,0,0,0,1,1,1,1,1,0,0,0,0,0,0,0,0,0,0,0,0,0,0,0,0,0,0,0,0,0,0,0,0,0,0,0,0,0,0,0,0,0,0,0,0
005.1,149583,14148661,Análise e gestão de requisitos de software : onde nascem os sistemas - 2. ed. rev. / 2011,1,1,1,0,1,1,0,0,0,0,0,0,0,0,0,0,0,0,0,0,0,0,0,0,0,0,0,0,0,0,0,0,0,0,0,0,0,0,0,0,0,0,0,0,0,0,0,0
005.1,149583,14148665,Análise e gestão de requisitos de software : onde nascem os sistemas - 2. ed. rev. / 2011,0,0,0,1,1,1,2,0,0,0,0,0,0,0,0,0,0,0,0,0,0,0,0,0,0,0,0,0,0,0,0,0,0,0,0,0,0,0,0,0,0,0,0,0,0,0,0,0
005.1,149583,14148653,Análise e gestão de requisitos de software : onde nascem os sistemas - 2. ed. rev. / 2011,0,0,0,0,1,0,0,0,0,0,0,0,0,0,0,0,0,0,0,1,1,1,0,0,0,0,0,0,0,0,0,0,0,0,0,0,0,0,0,0,0,0,0,0,0,0,0,0
005.1,149583,14148656,Análise e gestão de requisitos de software : onde nascem os sistemas - 2. ed. rev. / 2011,0,0,1,1,1,0,0,0,0,0,0,0,0,0,0,0,0,0,0,0,0,0,0,0,0,0,0,0,0,0,0,0,0,0,0,0,0,0,0,0,0,0,0,0,0,0,0,0
005.1,149583,14148659,Análise e gestão de requisitos de software : onde nascem os sistemas - 2. ed. rev. / 2011,0,0,1,1,0,0,0,0,0,0,0,0,0,0,0,0,0,0,0,0,0,0,0,0,0,0,0,0,0,0,0,0,0,0,0,0,0,0,0,0,0,0,0,0,0,0,0,0
005.1,149583,14148662,Análise e gestão de requisitos de software : onde nascem os sistemas - 2. ed. rev. / 2011,0,0,1,1,0,0,0,0,0,0,0,0,0,0,0,0,0,0,0,0,0,0,0,0,0,0,0,0,0,0,0,0,0,0,0,0,0,0,0,0,0,0,0,0,0,0,0,0
005.1,149583,14148646,Análise e gestão de requisitos de software : onde nascem os sistemas - 2. ed. rev. / 2011,0,0,0,0,0,0,0,0,0,0,0,0,0,0,0,0,0,0,0,0,0,0,0,0,0,1,0,0,0,0,0,0,0,0,0,0,0,0,0,0,0,0,0,0,0,0,0,0
005.1,149583,14148654,Análise e gestão de requisitos de software : onde nascem os sistemas - 2. ed. rev. / 2011,0,0,0,0,0,0,0,0,0,0,0,0,0,0,0,0,0,0,0,0,0,0,0,0,0,0,0,0,0,0,0,0,0,0,0,0,0,0,0,1,0,0,0,0,0,0,0,0
005.1,151205,14363698,Linguagem C: completa e descomplicada / 2013,0,0,0,0,0,0,0,0,0,0,0,0,0,0,0,0,0,0,0,0,0,0,0,0,0,0,0,0,0,0,1,2,1,0,0,0,1,0,0,1,0,0,0,0,0,0,0,0
005.1,153823,14186974,Software requirements - 3rd ed. / 2013,0,0,0,0,0,0,0,0,0,0,0,0,0,0,0,0,0,0,0,1,0,0,0,0,0,0,0,0,0,0,0,0,0,0,0,0,0,0,0,0,0,0,0,0,0,0,0,0
005.1,154586,14174166,Software architecture in practice - 3rd ed. / 2013,0,1,0,1,1,1,2,0,0,0,0,0,0,0,0,0,0,0,0,1,0,0,0,0,0,0,0,0,0,0,0,0,0,0,1,0,0,0,0,0,0,0,0,0,0,0,0,0
005.1,154586,14174167,Software architecture in practice - 3rd ed. / 2013,0,0,0,0,0,0,0,0,0,0,0,0,0,0,0,0,0,0,0,1,1,1,1,0,0,0,1,0,1,1,0,0,0,0,0,0,0,0,0,0,0,0,0,0,0,0,0,0
005.1,154586,14174181,Software architecture in practice - 3rd ed. / 2013,0,0,1,0,0,0,0,0,0,0,0,0,0,0,0,0,0,0,0,1,1,0,0,0,0,0,0,0,0,0,0,0,0,0,0,0,0,0,0,0,0,0,0,0,0,0,0,0
005.1,154586,14174183,Software architecture in practice - 3rd ed. / 2013,0,0,1,0,0,0,0,0,0,0,0,0,0,0,0,0,0,0,0,1,1,0,0,0,0,0,0,0,0,0,0,0,0,0,0,0,0,0,0,0,0,0,0,0,0,0,0,0
005.1,154586,14174184,Software architecture in practice - 3rd ed. / 2013,0,0,0,0,0,0,0,0,0,0,0,0,0,0,0,0,0,0,0,1,1,1,0,0,0,0,0,0,0,0,0,0,0,0,0,0,0,0,0,0,0,0,0,0,0,0,0,0
005.1,154586,14174169,Software architecture in practice - 3rd ed. / 2013,0,0,0,0,0,0,0,0,0,0,0,0,0,0,0,0,0,0,0,0,0,0,0,0,0,0,0,0,0,0,0,0,0,0,1,0,0,0,0,0,0,0,0,0,0,0,0,0
005.1,154586,14174171,Software architecture in practice - 3rd ed. / 2013,0,0,0,0,0,0,0,0,0,0,0,0,0,0,0,0,0,0,0,0,0,0,0,0,0,0,0,0,0,0,0,0,0,0,0,1,0,0,0,0,0,0,0,0,0,0,0,0
005.1,155417,14174005,CMMI for development : guidelines for process integration and product improvement - 3rd. ed / 2012,0,0,0,0,0,0,0,1,1,1,0,0,0,0,0,1,0,0,0,0,0,0,0,0,0,0,0,0,0,0,0,0,0,0,0,0,0,0,0,0,0,0,0,0,0,0,0,0
005.1,155417,14174023,CMMI for development : guidelines for process integration and product improvement - 3rd. ed / 2012,0,0,0,0,0,0,0,0,1,0,0,0,0,0,0,0,0,0,0,0,0,0,0,0,0,0,0,0,0,0,0,0,0,0,0,0,0,0,0,0,0,0,0,0,0,0,0,0
005.1,156019,14175966,Algorithm design / 2014,0,0,0,0,0,0,0,0,0,0,0,0,0,0,0,0,0,0,0,0,0,0,0,0,0,0,0,0,0,0,0,0,0,0,0,0,0,0,0,0,0,0,0,0,1,1,1,0
005.1,156019,14175965,Algorithm design / 2014,0,0,0,0,0,0,0,0,0,0,0,0,0,0,0,0,0,0,0,0,0,0,0,0,0,0,0,0,0,0,0,0,0,0,0,0,0,1,0,1,0,0,0,0,0,0,0,0
005.1,156019,14175945,Algorithm design / 2014,0,0,0,0,0,0,0,0,0,0,0,0,0,0,0,0,0,0,0,0,0,0,0,1,0,0,0,0,0,0,0,0,0,0,0,0,0,0,0,0,0,0,0,0,0,0,0,0
005.1,156019,14175948,Algorithm design / 2014,0,0,0,0,0,0,0,0,0,0,0,0,0,0,0,0,0,0,0,0,0,0,0,0,0,0,0,0,0,0,0,0,0,0,0,0,0,0,0,1,0,0,0,0,0,0,0,0
005.1,156019,14175963,Algorithm design / 2014,0,0,0,0,0,0,0,0,0,0,0,0,0,0,0,0,0,0,0,0,0,0,0,1,0,0,0,0,0,0,0,0,0,0,0,0,0,0,0,0,0,0,0,0,0,0,0,0
005.1,157868,14187200,Essentials of software engineering - 3rd. ed. / 2014,0,0,0,0,0,0,0,0,0,0,0,0,0,0,0,0,0,0,0,0,0,0,0,0,0,0,0,0,0,0,0,0,0,0,0,0,1,1,0,0,1,0,0,0,0,0,0,0
005.1,219667,14372396,Engenharia de software : conceitos e práticas / 2019,0,0,0,0,0,0,0,0,0,0,0,0,0,0,0,0,0,0,0,0,0,0,0,0,0,0,0,0,0,0,0,0,0,0,0,2,2,0,0,0,0,0,0,0,0,0,0,0
005.1,219667,14372398,Engenharia de software : conceitos e práticas / 2019,0,0,0,0,0,0,0,0,0,0,0,0,0,0,0,0,0,0,0,0,0,0,0,0,0,0,0,0,0,0,0,0,0,0,0,1,1,1,0,0,0,0,0,0,0,0,0,0
005.1,219667,14372399,Engenharia de software : conceitos e práticas / 2019,0,0,0,0,0,0,0,0,0,0,0,0,0,0,0,0,0,0,0,0,0,0,0,0,0,0,0,0,0,0,0,0,0,0,0,0,0,0,0,0,1,0,0,0,0,0,0,0
005.1,219667,14372400,Engenharia de software : conceitos e práticas / 2019,0,0,0,0,0,0,0,0,0,0,0,0,0,0,0,0,0,0,0,0,0,0,0,0,0,0,0,0,0,0,0,0,0,0,0,0,1,0,0,0,0,0,0,0,0,0,0,0
005.1,219667,14372401,Engenharia de software : conceitos e práticas / 2019,0,0,0,0,0,0,0,0,0,0,0,0,0,0,0,0,0,0,0,0,0,0,0,0,0,0,0,0,0,0,0,0,0,0,0,0,0,0,0,1,0,0,0,0,0,0,0,0
005.1,219667,14372403,Engenharia de software : conceitos e práticas / 2019,0,0,0,0,0,0,0,0,0,0,0,0,0,0,0,0,0,0,0,0,0,0,0,0,0,0,0,0,0,0,0,0,0,0,1,0,0,0,0,0,0,0,0,0,0,0,0,0
5.106,105372,14179721,Qualidade de software: aprenda as metodologias e técnicas mais modernas para o desenvolvimento de software - 2. ed. / 2007,0,0,0,1,1,1,1,1,1,1,0,0,0,0,1,0,0,1,0,0,0,0,0,0,0,0,0,0,0,0,0,0,1,0,2,1,0,0,0,1,0,0,0,0,0,0,0,0
5.106,105372,14179741,Qualidade de software: aprenda as metodologias e técnicas mais modernas para o desenvolvimento de software - 2. ed. / 2007,0,0,1,1,0,0,0,0,1,1,1,1,0,0,1,1,2,1,0,1,1,0,0,0,0,0,0,0,0,0,0,0,0,0,0,0,0,0,0,0,0,0,0,0,0,0,0,0
5.106,105372,14179734,Qualidade de software: aprenda as metodologias e técnicas mais modernas para o desenvolvimento de software - 2. ed. / 2007,0,0,0,0,0,0,0,0,0,0,0,0,0,1,1,2,1,1,0,1,1,1,1,0,0,0,0,0,0,0,0,0,0,0,0,0,0,0,0,0,0,0,0,0,0,0,0,0
5.106,105372,14179756,Qualidade de software: aprenda as metodologias e técnicas mais modernas para o desenvolvimento de software - 2. ed. / 2007,0,0,0,2,1,1,0,0,0,0,0,0,0,0,0,0,0,1,1,1,1,1,0,0,0,0,0,0,0,0,0,0,0,0,0,0,0,0,0,0,0,0,0,0,0,0,0,0
5.106,105372,14179755,Qualidade de software: aprenda as metodologias e técnicas mais modernas para o desenvolvimento de software - 2. ed. / 2007,0,0,1,0,1,0,0,0,0,0,0,0,0,0,0,0,2,1,0,1,1,1,0,0,0,0,0,0,0,0,0,0,0,0,0,0,0,0,0,0,0,0,0,0,0,0,0,0
5.106,105372,14179720,Qualidade de software: aprenda as metodologias e técnicas mais modernas para o desenvolvimento de software - 2. ed. / 2007,0,0,0,0,1,1,1,1,1,2,0,0,0,0,0,0,0,0,0,0,0,0,0,0,0,0,0,0,0,0,0,0,0,0,0,0,0,0,0,0,0,0,0,0,0,0,0,0
5.106,105372,14179716,Qualidade de software: aprenda as metodologias e técnicas mais modernas para o desenvolvimento de software - 2. ed. / 2007,1,1,1,0,0,0,1,1,0,0,0,0,0,0,0,0,0,0,0,0,0,0,0,0,0,0,0,0,0,0,0,0,0,0,0,0,0,0,0,0,0,0,0,0,0,0,0,0
5.106,105372,14179735,Qualidade de software: aprenda as metodologias e técnicas mais modernas para o desenvolvimento de software - 2. ed. / 2007,0,0,0,0,1,1,1,0,0,0,0,0,0,0,0,0,0,0,0,0,0,0,0,0,0,0,0,0,0,0,0,0,0,0,0,0,0,0,0,0,0,0,0,0,0,0,0,0
5.106,105372,14179738,Qualidade de software: aprenda as metodologias e técnicas mais modernas para o desenvolvimento de software - 2. ed. / 2007,0,0,0,0,1,0,0,0,1,0,0,0,0,0,0,0,0,0,0,0,0,0,0,0,0,0,0,0,0,0,0,0,0,0,0,0,0,0,0,0,0,0,0,0,0,0,0,0
5.106,105372,14179719,Qualidade de software: aprenda as metodologias e técnicas mais modernas para o desenvolvimento de software - 2. ed. / 2007,0,0,0,0,0,0,0,0,0,0,0,0,0,0,0,0,0,0,0,0,0,0,0,0,0,0,0,0,0,0,0,0,1,0,0,0,0,0,0,0,0,0,0,0,0,0,0,0
5.106,105372,14179722,Qualidade de software: aprenda as metodologias e técnicas mais modernas para o desenvolvimento de software - 2. ed. / 2007,0,0,0,1,0,0,0,0,0,0,0,0,0,0,0,0,0,0,0,0,0,0,0,0,0,0,0,0,0,0,0,0,0,0,0,0,0,0,0,0,0,0,0,0,0,0,0,0
5.106,105372,14179726,Qualidade de software: aprenda as metodologias e técnicas mais modernas para o desenvolvimento de software - 2. ed. / 2007,0,0,0,0,0,0,0,0,0,0,0,0,0,0,0,0,0,1,0,0,0,0,0,0,0,0,0,0,0,0,0,0,0,0,0,0,0,0,0,0,0,0,0,0,0,0,0,0
5.106,105372,14179732,Qualidade de software: aprenda as metodologias e técnicas mais modernas para o desenvolvimento de software - 2. ed. / 2007,0,0,0,0,0,0,0,0,0,0,0,0,0,0,0,0,0,0,0,0,0,0,0,0,0,0,0,0,0,0,0,0,0,0,0,0,0,0,0,1,0,0,0,0,0,0,0,0
5.106,105372,14179739,Qualidade de software: aprenda as metodologias e técnicas mais modernas para o desenvolvimento de software - 2. ed. / 2007,0,0,0,0,1,0,0,0,0,0,0,0,0,0,0,0,0,0,0,0,0,0,0,0,0,0,0,0,0,0,0,0,0,0,0,0,0,0,0,0,0,0,0,0,0,0,0,0
5.106,105372,14179744,Qualidade de software: aprenda as metodologias e técnicas mais modernas para o desenvolvimento de software - 2. ed. / 2007,0,0,0,0,0,0,0,0,0,0,0,0,0,0,0,0,0,0,0,1,0,0,0,0,0,0,0,0,0,0,0,0,0,0,0,0,0,0,0,0,0,0,0,0,0,0,0,0
5.106,105372,14179752,Qualidade de software: aprenda as metodologias e técnicas mais modernas para o desenvolvimento de software - 2. ed. / 2007,0,0,0,0,0,0,0,0,0,0,0,0,0,0,0,0,0,0,0,0,0,0,0,0,0,0,0,0,0,0,0,0,0,0,0,0,0,0,0,1,0,0,0,0,0,0,0,0
5.106,105372,14179754,Qualidade de software: aprenda as metodologias e técnicas mais modernas para o desenvolvimento de software - 2. ed. / 2007,0,0,0,0,0,0,0,0,0,0,0,0,0,0,0,0,0,0,0,0,0,0,0,0,0,0,0,0,0,0,0,0,0,0,0,0,0,0,0,1,0,0,0,0,0,0,0,0
51.068,107599,14157422,Refatoração para padrões / 2008,0,0,1,1,1,1,1,2,1,1,1,1,0,0,1,1,1,1,0,0,0,0,0,0,0,0,0,0,0,0,0,0,0,0,0,0,0,0,0,0,0,0,0,0,0,0,0,0
51.068,107599,14157421,Refatoração para padrões / 2008,0,0,0,0,0,0,0,1,1,1,1,1,0,0,1,1,0,0,0,0,0,0,0,0,0,0,0,0,0,0,0,0,0,0,0,0,0,0,0,0,0,0,0,0,0,0,0,0
51.068,107599,14157416,Refatoração para padrões / 2008,0,0,0,0,0,0,0,1,1,1,1,1,0,0,0,0,0,0,0,0,0,0,1,0,0,0,0,0,0,0,0,0,0,0,0,0,0,0,0,0,0,0,0,0,0,0,0,0
51.068,107599,14157419,Refatoração para padrões / 2008,0,0,0,0,0,0,0,0,0,0,0,0,0,0,0,0,0,0,0,0,0,0,0,0,0,0,0,0,0,0,0,0,0,0,2,0,0,0,0,0,0,0,0,0,0,0,0,0
51.068,107599,14157420,Refatoração para padrões / 2008,0,0,0,0,0,0,0,0,2,0,0,0,0,0,0,0,0,0,0,0,0,0,0,0,0,0,0,0,0,0,0,0,0,0,0,0,0,0,0,0,0,0,0,0,0,0,0,0
51.068,107599,14157424,Refatoração para padrões / 2008,0,0,0,0,0,0,0,0,1,0,0,0,0,0,0,0,0,0,0,0,0,0,0,0,0,0,0,0,0,0,0,0,0,0,0,0,0,0,0,0,1,0,0,0,0,0,0,0
51.068,107599,14157430,Refatoração para padrões / 2008,0,0,0,0,0,0,0,0,0,0,0,0,0,0,0,0,0,0,0,0,0,0,0,0,0,0,0,0,0,0,1,1,0,0,0,0,0,0,0,0,0,0,0,0,0,0,0,0
51.068,107599,14157426,Refatoração para padrões / 2008,0,0,0,0,0,0,0,1,0,0,0,0,0,0,0,0,0,0,0,0,0,0,0,0,0,0,0,0,0,0,0,0,0,0,0,0,0,0,0,0,0,0,0,0,0,0,0,0
5.114,140937,14173207,The Functional Approach to Programming / 1998,0,0,1,0,0,0,0,0,0,0,0,0,0,0,0,0,0,0,0,0,0,0,0,0,0,0,0,0,0,0,0,0,0,0,0,0,0,0,0,0,0,0,0,0,0,0,0,0
5.114,141227,14186980,"Introduction to functional programming through lambda calculus, An / 2011",0,0,0,0,0,0,0,0,0,0,0,0,0,0,0,0,0,0,0,0,0,0,0,0,0,0,0,0,0,0,0,0,0,1,1,1,0,0,0,0,0,0,0,0,0,0,0,0
5.117,74740,14168663,UML essencial : um breve guia para a linguagem-padrão de modelagem de objetos - 3. ed. / 2005,0,0,0,0,0,0,0,0,0,0,0,0,0,0,0,0,1,1,0,1,1,1,0,0,0,0,0,0,0,0,0,0,0,0,0,0,1,1,0,0,0,0,0,0,0,0,0,0
5.117,74740,14168634,UML essencial : um breve guia para a linguagem-padrão de modelagem de objetos - 3. ed. / 2005,0,0,0,0,0,0,0,0,0,0,0,0,0,0,0,0,0,0,0,0,0,0,0,0,0,0,0,0,0,0,0,1,0,1,1,1,1,0,0,0,0,0,0,0,0,0,0,0
5.117,74740,14168642,UML essencial : um breve guia para a linguagem-padrão de modelagem de objetos - 3. ed. / 2005,0,0,0,0,0,0,0,0,0,0,0,0,0,0,0,0,0,0,0,1,0,0,0,0,0,0,0,0,0,0,0,0,0,0,0,0,0,0,0,0,0,0,0,0,0,0,0,0
5.117,74740,14168651,UML essencial : um breve guia para a linguagem-padrão de modelagem de objetos - 3. ed. / 2005,0,0,1,0,0,0,0,0,0,0,0,0,0,0,0,0,0,0,0,0,0,0,0,0,0,0,0,0,0,0,0,0,0,0,0,0,0,0,0,0,0,0,0,0,0,0,0,0
5.117,74740,14168665,UML essencial : um breve guia para a linguagem-padrão de modelagem de objetos - 3. ed. / 2005,0,0,0,0,0,0,0,0,0,0,0,0,0,0,0,0,0,0,0,0,0,0,0,0,0,0,1,0,0,0,0,0,0,0,0,0,0,0,0,0,0,0,0,0,0,0,0,0
5.117,99197,14157534,Utilizando UML e padrões : uma introdução à análise e ao projeto orientados a objetos e ao desenvolvimento iterativo - 3. ed. / 2007,1,1,0,0,0,0,0,0,0,0,0,0,0,0,0,0,0,0,0,0,0,0,0,0,0,1,0,0,0,0,0,0,0,0,0,0,0,0,0,0,0,0,0,0,0,0,0,0
5.117,99197,14157550,Utilizando UML e padrões : uma introdução à análise e ao projeto orientados a objetos e ao desenvolvimento iterativo - 3. ed. / 2007,0,0,0,0,0,0,0,0,0,0,0,0,0,0,0,0,0,2,0,1,0,0,0,0,0,0,0,0,0,0,0,0,0,0,0,0,0,0,0,0,0,0,0,0,0,0,0,0
5.117,99197,14157571,Utilizando UML e padrões : uma introdução à análise e ao projeto orientados a objetos e ao desenvolvimento iterativo - 3. ed. / 2007,0,0,0,0,0,0,0,0,0,0,0,0,0,0,0,0,0,0,0,0,0,0,0,0,0,0,0,0,0,0,0,0,0,0,0,0,0,0,0,1,0,0,0,0,0,0,0,0
5.117,124321,14155769,Programação orientada a objetos com java : uma introdução prática usando o BlueJ - 4. ed. / 2009,0,0,0,0,1,0,0,0,0,0,0,0,0,0,0,0,0,0,0,0,0,0,0,0,0,0,0,0,0,0,0,0,0,0,2,1,0,0,0,0,1,0,0,0,0,0,0,0
5.117,124321,14155768,Programação orientada a objetos com java : uma introdução prática usando o BlueJ - 4. ed. / 2009,0,0,0,0,0,0,0,0,0,0,0,0,0,0,0,0,0,0,0,0,0,0,0,0,0,0,1,0,0,0,0,0,0,0,1,1,0,0,0,0,1,0,0,0,0,0,0,0
5.117,124321,14155770,Programação orientada a objetos com java : uma introdução prática usando o BlueJ - 4. ed. / 2009,0,0,0,0,1,0,0,0,0,0,0,0,0,0,0,0,0,0,0,0,0,0,0,0,0,0,0,0,0,0,0,0,0,1,0,0,0,0,0,0,1,1,0,0,0,0,0,0
5.117,124321,14155771,Programação orientada a objetos com java : uma introdução prática usando o BlueJ - 4. ed. / 2009,0,0,0,1,1,0,0,0,0,0,0,0,0,0,0,0,0,0,0,0,0,0,0,0,0,0,0,0,0,0,0,0,0,0,0,0,0,0,0,0,0,0,0,0,0,0,0,0
5.117,129223,14154471,"Princípios, padrões e práticas ágeis em C# / 2011",0,0,1,1,1,1,1,2,0,0,0,0,0,0,0,0,0,0,0,0,0,0,0,0,0,0,0,0,0,0,1,1,1,1,1,1,1,1,0,0,0,0,1,0,2,1,2,1
5.117,129223,14154463,"Princípios, padrões e práticas ágeis em C# / 2011",0,0,0,0,1,0,0,0,2,1,1,1,0,0,1,1,1,1,0,0,0,0,0,0,0,0,0,0,0,0,0,0,0,0,0,0,0,0,0,0,0,0,0,0,0,0,0,0
5.117,129223,14154460,"Princípios, padrões e práticas ágeis em C# / 2011",0,0,0,0,0,0,0,0,0,0,0,1,1,0,1,0,1,1,0,1,1,0,0,0,0,0,0,0,0,0,0,0,0,0,0,0,0,0,0,0,0,0,0,0,0,0,0,0
5.117,129223,14154462,"Princípios, padrões e práticas ágeis em C# / 2011",0,0,0,1,2,1,0,1,1,1,0,0,0,0,0,0,0,0,0,0,0,0,0,0,0,0,0,0,0,0,0,0,0,0,0,0,0,0,0,0,0,0,0,0,0,0,0,0
5.117,129223,14154474,"Princípios, padrões e práticas ágeis em C# / 2011",0,0,0,0,1,2,1,1,1,1,0,0,0,0,0,0,0,0,0,0,0,0,0,0,0,0,0,0,0,0,0,0,0,0,0,0,0,0,0,0,0,0,0,0,0,0,0,0
5.117,129223,14154458,"Princípios, padrões e práticas ágeis em C# / 2011",0,0,1,0,1,1,1,0,0,0,0,0,0,0,0,0,0,0,0,0,0,1,1,0,0,0,0,0,0,0,0,0,0,0,0,0,0,0,0,0,0,0,0,0,0,0,0,0
5.117,129223,14154472,"Princípios, padrões e práticas ágeis em C# / 2011",0,0,1,1,0,0,0,0,0,0,0,0,0,0,0,0,0,0,0,0,0,0,0,0,0,0,0,0,0,0,0,0,0,0,0,0,0,0,0,0,0,0,1,0,0,0,0,0
5.117,129223,14154464,"Princípios, padrões e práticas ágeis em C# / 2011",0,0,0,0,0,0,0,0,0,0,0,0,0,0,0,0,0,0,0,0,0,0,1,0,0,0,0,0,0,0,0,0,0,0,0,0,0,0,0,0,0,0,0,0,0,0,0,0
5.117,129223,14154465,"Princípios, padrões e práticas ágeis em C# / 2011",0,0,0,0,1,0,0,0,0,0,0,0,0,0,0,0,0,0,0,0,0,0,0,0,0,0,0,0,0,0,0,0,0,0,0,0,0,0,0,0,0,0,0,0,0,0,0,0
5.117,129223,14154466,"Princípios, padrões e práticas ágeis em C# / 2011",0,0,0,0,1,0,0,0,0,0,0,0,0,0,0,0,0,0,0,0,0,0,0,0,0,0,0,0,0,0,0,0,0,0,0,0,0,0,0,0,0,0,0,0,0,0,0,0
5.117,136542,14181171,Modelagem e projetos baseados em objetos com UML 2 - 2. ed. rev. e atual. / 2006,0,0,0,0,0,0,0,0,1,1,0,0,0,0,0,0,0,0,0,0,0,0,0,0,0,0,0,0,0,0,0,0,0,0,0,0,0,0,0,0,0,0,1,0,1,0,0,0
5.117,136542,14181172,Modelagem e projetos baseados em objetos com UML 2 - 2. ed. rev. e atual. / 2006,0,0,0,0,0,1,0,0,0,0,0,0,0,0,0,0,0,0,0,0,0,0,0,0,0,0,0,0,0,0,0,0,0,0,0,0,0,0,0,0,0,0,0,0,0,0,0,0
5.117,137098,14168264,UML 2 : uma abordagem prática - 2. ed. / 2009,0,0,1,1,1,0,0,0,0,0,0,0,0,0,0,1,0,0,0,0,0,0,0,0,0,0,0,0,0,0,1,2,0,1,1,1,1,1,0,0,0,0,1,0,0,0,0,0
5.117,137098,14168263,UML 2 : uma abordagem prática - 2. ed. / 2009,0,0,0,0,2,1,1,1,1,0,0,0,0,0,0,0,0,0,0,0,0,0,0,0,0,0,0,0,0,0,0,1,1,0,0,0,0,0,0,1,0,0,0,0,0,0,0,0
5.117,152149,14160221,Extreme programming : aprenda como encantar seus usuários desenvolvendo software com agilidade e alta qualidade - 2. ed. / 2004,1,1,0,1,0,0,0,0,0,0,0,0,0,0,0,0,1,1,0,0,0,0,0,0,0,0,0,0,0,0,0,0,0,0,0,0,0,0,0,0,0,0,0,0,0,0,0,0
5.117,156386,14179921,Princípios de análise e projeto de sistemas com UML - 3. ed. rev. e atual. / 2015,0,0,1,1,1,2,0,0,0,0,0,0,0,0,0,0,0,0,0,1,1,1,1,0,0,0,0,0,0,0,0,0,0,0,0,0,0,0,0,0,0,0,0,0,0,0,0,0
5.117,156386,14179933,Princípios de análise e projeto de sistemas com UML - 3. ed. rev. e atual. / 2015,0,0,0,0,0,0,0,0,0,0,0,0,0,0,1,1,1,1,1,1,1,0,0,0,0,0,0,0,0,0,0,0,0,0,0,0,0,1,0,0,0,0,0,0,0,0,0,0
5.117,156386,14179928,Princípios de análise e projeto de sistemas com UML - 3. ed. rev. e atual. / 2015,0,0,0,0,0,0,0,0,0,0,0,0,0,0,0,0,1,1,0,1,1,1,0,0,0,0,0,0,0,0,0,0,0,0,0,0,0,0,0,0,0,0,0,0,0,0,0,0
5.117,156386,14179910,Princípios de análise e projeto de sistemas com UML - 3. ed. rev. e atual. / 2015,0,0,0,0,0,0,0,0,0,0,0,0,0,0,0,0,0,0,0,0,0,0,0,0,0,0,0,0,0,0,0,0,0,0,0,2,2,0,0,0,0,0,0,0,0,0,0,0
5.117,156386,14179938,Princípios de análise e projeto de sistemas com UML - 3. ed. rev. e atual. / 2015,0,0,0,0,0,0,0,0,1,2,0,0,0,0,0,0,0,0,0,0,0,0,0,0,0,0,0,0,0,0,0,0,0,0,0,0,0,0,0,0,0,0,0,0,0,0,0,0
5.117,156386,14179909,Princípios de análise e projeto de sistemas com UML - 3. ed. rev. e atual. / 2015,1,1,0,0,0,0,0,0,0,0,0,0,0,0,0,0,0,0,0,0,0,0,0,0,0,0,0,0,0,0,0,0,0,0,0,0,0,0,0,0,0,0,0,0,0,0,0,0
5.117,156386,14179941,Princípios de análise e projeto de sistemas com UML - 3. ed. rev. e atual. / 2015,1,1,0,0,0,0,0,0,0,0,0,0,0,0,0,0,0,0,0,0,0,0,0,0,0,0,0,0,0,0,0,0,0,0,0,0,0,0,0,0,0,0,0,0,0,0,0,0
5.117,156386,14179937,Princípios de análise e projeto de sistemas com UML - 3. ed. rev. e atual. / 2015,0,0,0,1,0,0,0,0,0,0,0,0,0,0,0,0,0,0,0,0,0,0,0,0,0,0,0,0,0,0,0,0,0,0,0,0,0,0,0,0,0,0,0,0,0,0,0,0
005.12,158144,14187646,"Software architecture : foundations, theory, and practice / 2010",0,0,1,0,1,0,0,1,0,0,0,0,0,0,0,0,0,0,0,1,0,0,0,0,0,0,0,0,0,0,0,0,0,0,0,0,0,0,0,0,0,0,0,0,0,0,0,0
005.12,158144,14187655,"Software architecture : foundations, theory, and practice / 2010",0,0,0,0,0,0,0,0,0,0,1,0,0,0,0,0,0,1,0,1,1,0,0,0,0,0,0,0,0,0,0,0,0,0,0,0,0,0,0,0,0,0,0,0,0,0,0,0
005.12,158144,14187664,"Software architecture : foundations, theory, and practice / 2010",0,0,0,0,0,0,0,1,1,1,0,0,0,0,0,1,0,0,0,0,0,0,0,0,0,0,0,0,0,0,0,0,0,0,0,0,0,0,0,0,0,0,0,0,0,0,0,0
005.12,158144,14187650,"Software architecture : foundations, theory, and practice / 2010",0,0,0,1,2,0,0,0,0,0,0,0,0,0,0,0,0,0,0,0,0,0,0,0,0,0,0,0,0,0,0,0,0,0,0,0,0,0,0,0,0,0,0,0,0,0,0,0
005.12,158144,14187647,"Software architecture : foundations, theory, and practice / 2010",0,0,0,0,0,0,0,0,0,0,0,0,0,0,0,0,0,0,0,0,0,0,0,0,0,0,0,0,0,0,0,0,0,1,1,0,0,0,0,0,0,0,0,0,0,0,0,0
005.13,49469,14174191,Object-oriented software construction - 2nd ed. / 1997,0,0,0,0,0,0,0,0,0,0,0,0,0,0,0,0,0,0,0,1,1,1,1,0,0,0,1,0,1,1,0,0,0,0,0,0,0,0,0,0,0,0,0,0,0,0,0,0
005.13,107572,14162565,Linguagens de programação : princípios e paradigmas - 2. ed / 2008,1,1,1,1,1,1,1,0,0,0,0,0,0,0,1,0,1,1,0,0,0,0,0,0,0,0,0,0,0,0,1,1,0,0,0,0,0,0,0,0,0,1,0,0,1,0,0,0
005.13,107572,14162574,Linguagens de programação : princípios e paradigmas - 2. ed / 2008,0,0,1,0,0,0,1,1,0,0,0,0,0,0,0,0,0,0,0,2,1,1,1,0,0,1,0,0,0,0,0,0,0,0,0,0,0,0,0,0,0,0,0,0,1,0,0,0
005.13,107572,14162595,Linguagens de programação : princípios e paradigmas - 2. ed / 2008,0,0,1,1,0,0,0,1,1,1,1,0,0,0,0,0,0,0,0,0,0,0,0,0,0,0,0,0,0,0,0,0,0,0,0,0,0,0,0,0,0,0,0,0,1,1,0,0
005.13,107572,14162597,Linguagens de programação : princípios e paradigmas - 2. ed / 2008,0,0,0,0,0,0,0,0,0,0,0,0,0,0,1,1,1,1,0,1,0,0,0,0,0,0,0,0,0,0,0,0,0,0,0,0,1,0,0,1,0,0,0,0,1,0,0,0
005.13,107572,14162599,Linguagens de programação : princípios e paradigmas - 2. ed / 2008,0,0,0,0,0,0,0,1,1,1,0,0,0,0,0,0,0,0,0,1,1,1,0,0,0,1,0,0,0,0,0,1,0,0,0,0,0,0,0,0,0,0,0,0,0,0,0,0
005.13,107572,14162603,Linguagens de programação : princípios e paradigmas - 2. ed / 2008,1,1,1,0,0,0,0,0,0,0,0,0,0,0,0,0,0,0,0,0,1,1,0,0,0,0,0,0,0,0,0,0,0,0,0,0,0,0,0,0,0,0,0,0,1,1,1,0
005.13,107572,14162572,Linguagens de programação : princípios e paradigmas - 2. ed / 2008,0,0,0,0,0,0,0,1,0,0,0,1,0,0,1,1,2,1,0,0,0,0,0,0,0,0,0,0,0,0,0,0,0,0,0,0,0,0,0,0,0,0,0,0,0,0,0,0
005.13,107572,14162600,Linguagens de programação : princípios e paradigmas - 2. ed / 2008,0,0,1,1,1,1,1,0,0,0,0,0,0,0,0,0,0,0,0,1,0,0,1,0,0,0,0,0,0,0,0,0,0,0,0,0,0,0,0,0,0,0,0,0,0,0,0,0
005.13,107572,14162598,Linguagens de programação : princípios e paradigmas - 2. ed / 2008,0,0,2,1,0,0,0,0,0,0,0,0,0,0,0,0,0,0,0,0,0,0,0,0,0,0,0,0,0,0,0,0,0,0,0,0,0,0,0,0,1,0,1,0,1,0,0,0
005.13,107572,14162564,Linguagens de programação : princípios e paradigmas - 2. ed / 2008,0,0,1,0,0,1,1,0,0,0,0,0,0,0,1,1,0,0,0,0,0,0,0,0,0,0,0,0,0,0,0,0,0,0,0,0,0,0,0,0,0,0,0,0,0,0,0,0
005.13,107572,14162577,Linguagens de programação : princípios e paradigmas - 2. ed / 2008,0,0,0,0,0,0,0,0,0,0,0,0,0,0,0,0,0,0,0,0,0,0,0,0,0,1,1,0,0,0,0,0,0,1,0,0,0,0,0,0,0,0,0,0,1,1,0,0
005.13,107572,14162590,Linguagens de programação : princípios e paradigmas - 2. ed / 2008,0,0,1,1,1,0,0,0,0,0,0,0,0,0,0,0,0,0,0,0,0,0,0,0,0,1,0,0,0,0,0,1,0,0,0,0,0,0,0,0,0,0,0,0,0,0,0,0
005.13,107572,14162563,Linguagens de programação : princípios e paradigmas - 2. ed / 2008,0,0,0,0,0,0,0,0,0,0,0,0,0,0,1,1,1,1,0,0,0,0,0,0,0,0,0,0,0,0,0,0,0,0,0,0,0,0,0,0,0,0,0,0,0,0,0,0
005.13,107572,14162571,Linguagens de programação : princípios e paradigmas - 2. ed / 2008,1,1,1,0,0,0,0,0,0,0,0,0,0,0,0,1,0,0,0,0,0,0,0,0,0,0,0,0,0,0,0,0,0,0,0,0,0,0,0,0,0,0,0,0,0,0,0,0
005.13,107572,14162580,Linguagens de programação : princípios e paradigmas - 2. ed / 2008,0,0,0,0,0,0,0,0,0,0,0,0,0,0,0,0,0,0,0,0,0,0,0,0,0,1,0,0,0,0,0,0,1,1,0,0,0,0,0,1,0,0,0,0,0,0,0,0
005.13,107572,14162585,Linguagens de programação : princípios e paradigmas - 2. ed / 2008,1,1,1,1,0,0,0,0,0,0,0,0,0,0,0,0,0,0,0,0,0,0,0,0,0,0,0,0,0,0,0,0,0,0,0,0,0,0,0,0,0,0,0,0,0,0,0,0
005.13,107572,14162587,Linguagens de programação : princípios e paradigmas - 2. ed / 2008,0,0,1,1,1,0,0,0,0,0,0,0,0,0,0,0,0,0,0,0,0,0,0,0,0,0,0,0,0,0,0,0,0,1,0,0,0,0,0,0,0,0,0,0,0,0,0,0
005.13,107572,14162594,Linguagens de programação : princípios e paradigmas - 2. ed / 2008,0,0,1,0,0,0,0,0,0,0,0,0,0,0,0,0,0,0,0,0,0,0,0,0,0,0,0,0,0,0,0,0,0,0,0,0,0,0,0,2,0,0,0,0,0,0,0,0
005.13,107572,14162578,Linguagens de programação : princípios e paradigmas - 2. ed / 2008,1,1,0,0,0,0,0,0,0,0,0,0,0,0,0,0,0,0,0,0,0,0,0,0,0,0,0,0,0,0,0,0,0,0,0,0,0,0,0,0,0,0,0,0,0,0,0,0
005.13,107572,14162579,Linguagens de programação : princípios e paradigmas - 2. ed / 2008,0,0,1,1,0,0,0,0,0,0,0,0,0,0,0,0,0,0,0,0,0,0,0,0,0,0,0,0,0,0,0,0,0,0,0,0,0,0,0,0,0,0,0,0,0,0,0,0
005.13,107572,14162589,Linguagens de programação : princípios e paradigmas - 2. ed / 2008,0,0,0,0,0,0,0,1,0,1,0,0,0,0,0,0,0,0,0,0,0,0,0,0,0,0,0,0,0,0,0,0,0,0,0,0,0,0,0,0,0,0,0,0,0,0,0,0
005.13,107572,14162596,Linguagens de programação : princípios e paradigmas - 2. ed / 2008,0,0,1,0,0,0,0,0,0,0,0,0,0,0,0,0,1,0,0,0,0,0,0,0,0,0,0,0,0,0,0,0,0,0,0,0,0,0,0,0,0,0,0,0,0,0,0,0
005.13,107572,14162566,Linguagens de programação : princípios e paradigmas - 2. ed / 2008,0,0,0,0,0,0,0,0,0,0,0,0,0,0,0,0,1,0,0,0,0,0,0,0,0,0,0,0,0,0,0,0,0,0,0,0,0,0,0,0,0,0,0,0,0,0,0,0
005.13,107572,14162569,Linguagens de programação : princípios e paradigmas - 2. ed / 2008,0,0,1,0,0,0,0,0,0,0,0,0,0,0,0,0,0,0,0,0,0,0,0,0,0,0,0,0,0,0,0,0,0,0,0,0,0,0,0,0,0,0,0,0,0,0,0,0
005.13,107572,14162586,Linguagens de programação : princípios e paradigmas - 2. ed / 2008,0,0,1,0,0,0,0,0,0,0,0,0,0,0,0,0,0,0,0,0,0,0,0,0,0,0,0,0,0,0,0,0,0,0,0,0,0,0,0,0,0,0,0,0,0,0,0,0
005.13,107572,14162591,Linguagens de programação : princípios e paradigmas - 2. ed / 2008,0,0,1,0,0,0,0,0,0,0,0,0,0,0,0,0,0,0,0,0,0,0,0,0,0,0,0,0,0,0,0,0,0,0,0,0,0,0,0,0,0,0,0,0,0,0,0,0
005.13,107572,14162601,Linguagens de programação : princípios e paradigmas - 2. ed / 2008,0,0,1,0,0,0,0,0,0,0,0,0,0,0,0,0,0,0,0,0,0,0,0,0,0,0,0,0,0,0,0,0,0,0,0,0,0,0,0,0,0,0,0,0,0,0,0,0
005.13,108123,14181083,Use a cabeça! : SQL / 2008,1,1,1,0,2,1,0,1,1,2,0,0,0,1,1,1,1,1,0,0,2,1,2,0,0,0,1,0,0,0,0,0,0,1,1,0,0,0,0,0,0,0,1,0,2,1,2,1
005.13,127955,14150446,Conceitos de linguagens de programação - 9. ed. / 2011,0,0,1,1,1,1,1,0,0,0,0,0,0,0,0,0,0,0,0,0,0,0,0,0,0,0,0,0,0,0,0,0,0,0,0,0,0,0,0,0,0,0,0,0,1,1,1,2
005.13,127955,14150421,Conceitos de linguagens de programação - 9. ed. / 2011,0,0,1,1,1,2,1,1,0,0,0,0,0,0,0,0,0,0,0,0,0,0,0,0,0,0,0,0,0,0,0,0,0,0,0,0,0,0,0,0,0,0,0,0,0,0,0,0
005.13,127955,14150449,Conceitos de linguagens de programação - 9. ed. / 2011,0,0,1,1,1,1,1,1,1,0,0,0,0,0,0,0,0,0,0,0,0,0,0,0,0,0,0,0,0,0,0,0,0,0,0,0,0,0,0,0,0,0,0,0,0,0,0,0
005.13,127955,14150415,Conceitos de linguagens de programação - 9. ed. / 2011,0,0,1,1,1,1,1,1,0,0,0,0,0,0,0,0,0,0,0,0,0,0,0,0,0,0,0,0,0,0,0,0,0,0,0,0,0,0,0,0,0,0,0,0,0,0,0,0
005.13,127955,14150423,Conceitos de linguagens de programação - 9. ed. / 2011,0,0,1,1,1,1,1,1,0,0,0,0,0,0,0,0,0,0,0,0,0,0,0,0,0,0,0,0,0,0,0,0,0,0,0,0,0,0,0,0,0,0,0,0,0,0,0,0
005.13,127955,14150443,Conceitos de linguagens de programação - 9. ed. / 2011,0,0,1,1,1,0,0,0,0,1,0,0,0,0,1,1,0,0,0,0,0,0,0,0,0,0,0,0,0,0,0,0,0,0,0,0,0,0,0,0,0,0,0,0,0,0,0,0
005.13,127955,14150419,Conceitos de linguagens de programação - 9. ed. / 2011,0,0,1,1,0,2,1,0,0,0,0,0,0,0,0,0,0,0,0,0,0,0,0,0,0,0,0,0,0,0,0,0,0,0,0,0,0,0,0,0,0,0,0,0,0,0,0,0
005.13,127955,14150433,Conceitos de linguagens de programação - 9. ed. / 2011,0,0,0,1,2,0,0,0,0,0,0,0,0,0,0,0,0,0,0,0,0,0,0,0,0,0,0,0,0,0,0,0,0,0,0,0,0,0,0,0,0,0,0,0,1,1,0,0
005.13,127955,14150441,Conceitos de linguagens de programação - 9. ed. / 2011,0,0,1,1,1,1,1,0,0,0,0,0,0,0,0,0,0,0,0,0,0,0,0,0,0,0,0,0,0,0,0,0,0,0,0,0,0,0,0,0,0,0,0,0,0,0,0,0
005.13,127955,14150444,Conceitos de linguagens de programação - 9. ed. / 2011,0,0,1,1,0,0,0,0,0,0,0,0,0,0,0,0,0,0,0,0,2,1,0,0,0,0,0,0,0,0,0,0,0,0,0,0,0,0,0,0,0,0,0,0,0,0,0,0
005.13,127955,14150455,Conceitos de linguagens de programação - 9. ed. / 2011,0,0,1,0,2,1,1,0,0,0,0,0,0,0,0,0,0,0,0,0,0,0,0,0,0,0,0,0,0,0,0,0,0,0,0,0,0,0,0,0,0,0,0,0,0,0,0,0
005.13,127955,14150439,Conceitos de linguagens de programação - 9. ed. / 2011,0,0,1,1,1,1,0,0,0,0,0,0,0,0,0,0,0,0,0,0,0,0,0,0,0,0,0,0,0,0,0,0,0,0,0,0,0,0,0,0,0,0,0,0,0,0,0,0
005.13,127955,14150450,Conceitos de linguagens de programação - 9. ed. / 2011,0,0,1,1,1,1,0,0,0,0,0,0,0,0,0,0,0,0,0,0,0,0,0,0,0,0,0,0,0,0,0,0,0,0,0,0,0,0,0,0,0,0,0,0,0,0,0,0
005.13,127955,14150456,Conceitos de linguagens de programação - 9. ed. / 2011,0,0,1,1,1,1,0,0,0,0,0,0,0,0,0,0,0,0,0,0,0,0,0,0,0,0,0,0,0,0,0,0,0,0,0,0,0,0,0,0,0,0,0,0,0,0,0,0
005.13,127955,14150425,Conceitos de linguagens de programação - 9. ed. / 2011,0,0,0,0,0,0,0,0,0,0,0,0,0,0,0,0,0,0,0,0,0,0,0,0,0,0,0,0,0,0,0,0,0,0,0,0,0,0,0,1,1,1,0,0,0,0,0,0
005.13,127955,14150428,Conceitos de linguagens de programação - 9. ed. / 2011,0,0,1,1,1,0,0,0,0,0,0,0,0,0,0,0,0,0,0,0,0,0,0,0,0,0,0,0,0,0,0,0,0,0,0,0,0,0,0,0,0,0,0,0,0,0,0,0
005.13,127955,14150458,Conceitos de linguagens de programação - 9. ed. / 2011,0,0,1,1,0,0,0,0,0,0,0,0,0,0,0,0,0,0,0,0,0,0,0,0,0,0,0,0,0,0,0,0,0,0,0,0,0,0,0,1,0,0,0,0,0,0,0,0
005.13,127955,14150424,Conceitos de linguagens de programação - 9. ed. / 2011,0,0,1,1,0,0,0,0,0,0,0,0,0,0,0,0,0,0,0,0,0,0,0,0,0,0,0,0,0,0,0,0,0,0,0,0,0,0,0,0,0,0,0,0,0,0,0,0
005.13,127955,14150426,Conceitos de linguagens de programação - 9. ed. / 2011,0,0,1,1,0,0,0,0,0,0,0,0,0,0,0,0,0,0,0,0,0,0,0,0,0,0,0,0,0,0,0,0,0,0,0,0,0,0,0,0,0,0,0,0,0,0,0,0
005.13,127955,14150434,Conceitos de linguagens de programação - 9. ed. / 2011,0,0,1,1,0,0,0,0,0,0,0,0,0,0,0,0,0,0,0,0,0,0,0,0,0,0,0,0,0,0,0,0,0,0,0,0,0,0,0,0,0,0,0,0,0,0,0,0
005.13,127955,14150445,Conceitos de linguagens de programação - 9. ed. / 2011,0,0,1,1,0,0,0,0,0,0,0,0,0,0,0,0,0,0,0,0,0,0,0,0,0,0,0,0,0,0,0,0,0,0,0,0,0,0,0,0,0,0,0,0,0,0,0,0
005.13,127955,14150427,Conceitos de linguagens de programação - 9. ed. / 2011,0,0,1,0,0,0,0,0,0,0,0,0,0,0,0,0,0,0,0,0,0,0,0,0,0,0,0,0,0,0,0,0,0,0,0,0,0,0,0,0,0,0,0,0,0,0,0,0
005.13,127955,14150448,Conceitos de linguagens de programação - 9. ed. / 2011,0,0,0,0,0,0,0,0,0,0,0,0,0,0,0,0,0,0,0,0,0,0,0,0,0,0,0,0,0,0,0,0,0,0,0,0,0,0,0,0,0,1,0,0,0,0,0,0
005.13,127955,14150451,Conceitos de linguagens de programação - 9. ed. / 2011,0,0,0,0,0,0,0,0,0,0,0,0,0,0,0,0,0,0,0,0,0,0,0,0,0,0,0,0,0,0,0,0,0,0,0,0,0,0,0,0,0,0,0,0,1,0,0,0
005.13,142238,14154841,"Java SE 7 : programação de computadores : guia prático de introdução, orientação e desenvolvimento - 1. ed. / 2011",0,0,1,1,1,2,1,1,0,0,0,0,0,0,1,1,1,0,0,0,0,0,0,0,0,0,0,0,0,0,0,0,0,0,0,0,0,0,0,0,0,0,0,0,0,0,0,0
005.13,142238,14154886,"Java SE 7 : programação de computadores : guia prático de introdução, orientação e desenvolvimento - 1. ed. / 2011",0,0,1,1,1,1,1,2,0,0,0,0,0,0,1,1,1,0,0,0,0,0,0,0,0,0,0,0,0,0,0,0,0,0,0,0,0,0,0,0,0,0,0,0,0,0,0,0
005.13,142238,14154880,"Java SE 7 : programação de computadores : guia prático de introdução, orientação e desenvolvimento - 1. ed. / 2011",0,0,1,1,1,0,0,0,0,0,0,0,0,0,0,1,1,0,0,0,0,0,0,0,0,0,0,0,0,0,0,0,0,0,0,0,0,0,0,0,0,0,0,0,1,0,0,0
005.13,142238,14154851,"Java SE 7 : programação de computadores : guia prático de introdução, orientação e desenvolvimento - 1. ed. / 2011",0,0,0,1,1,1,2,0,0,0,0,0,0,0,0,0,0,0,0,0,0,0,0,0,0,0,0,0,0,0,0,0,0,0,0,0,0,0,0,0,0,0,0,0,0,0,0,0
005.13,142238,14154898,"Java SE 7 : programação de computadores : guia prático de introdução, orientação e desenvolvimento - 1. ed. / 2011",0,0,0,1,2,1,0,1,0,0,0,0,0,0,0,0,0,0,0,0,0,0,0,0,0,0,0,0,0,0,0,0,0,0,0,0,0,0,0,0,0,0,0,0,0,0,0,0
005.13,142238,14154847,"Java SE 7 : programação de computadores : guia prático de introdução, orientação e desenvolvimento - 1. ed. / 2011",0,0,0,0,0,0,0,0,0,0,0,0,0,0,1,1,1,0,0,0,0,0,0,0,0,0,0,0,0,0,0,0,0,0,0,0,0,0,0,0,0,0,0,0,0,0,0,0
005.13,142238,14154848,"Java SE 7 : programação de computadores : guia prático de introdução, orientação e desenvolvimento - 1. ed. / 2011",0,0,0,0,0,0,0,0,0,0,0,0,0,0,0,0,0,0,0,0,0,0,0,0,0,0,0,0,0,0,0,1,0,0,0,0,0,0,0,1,0,0,0,0,0,0,0,0
005.13,142238,14154839,"Java SE 7 : programação de computadores : guia prático de introdução, orientação e desenvolvimento - 1. ed. / 2011",0,0,0,0,1,0,0,0,0,0,0,0,0,0,0,0,0,0,0,0,0,0,0,0,0,0,0,0,0,0,0,0,0,0,0,0,0,0,0,0,0,0,0,0,0,0,0,0
005.13,142238,14154843,"Java SE 7 : programação de computadores : guia prático de introdução, orientação e desenvolvimento - 1. ed. / 2011",0,0,0,0,0,0,0,0,0,0,0,0,0,0,0,0,0,0,0,0,0,0,0,0,0,0,0,0,0,0,0,0,0,0,0,0,0,0,0,0,0,0,0,0,1,0,0,0
005.13,154761,14171332,Use a cabeça! : SQL / 2010,1,1,2,1,1,1,1,0,0,0,0,0,0,0,1,1,1,1,1,1,1,1,0,0,0,1,0,0,0,0,1,0,1,1,1,1,1,1,0,2,1,0,0,0,0,0,0,0
005.13,158515,14188704,Learn you a Haskell for great good! : a beginner's guide / 2011,0,0,1,0,0,1,1,1,1,1,1,1,0,0,1,0,0,0,0,0,0,0,0,0,0,0,0,0,0,0,0,0,1,0,0,0,0,0,0,0,0,0,0,0,0,0,0,0
5.131,118760,14159930,Linguagens formais e autômatos - 6. ed. / 2011,0,0,0,0,0,0,0,0,0,0,0,0,0,0,0,0,0,0,0,0,0,0,0,0,0,1,0,0,0,0,0,2,1,1,1,1,1,0,0,1,1,0,0,0,0,0,0,0
5.131,118760,14159937,Linguagens formais e autômatos - 6. ed. / 2011,0,0,0,0,0,0,0,0,0,0,0,0,0,0,0,0,0,0,0,1,0,0,0,0,0,1,1,0,0,0,0,1,1,1,2,1,0,0,0,0,0,0,0,0,0,0,0,0
5.131,118760,14159922,Linguagens formais e autômatos - 6. ed. / 2011,0,0,1,1,0,0,0,0,0,0,0,0,0,0,0,0,0,0,0,0,0,0,0,0,0,1,0,0,0,0,1,0,1,1,1,0,0,0,0,1,0,0,0,0,0,0,0,0
5.131,118760,14159920,Linguagens formais e autômatos - 6. ed. / 2011,0,0,0,0,0,0,0,0,0,0,0,0,0,0,1,0,0,0,0,0,0,0,0,0,0,0,0,0,0,0,0,0,0,1,1,1,2,0,0,1,0,0,0,0,0,0,0,0
5.131,118760,14159936,Linguagens formais e autômatos - 6. ed. / 2011,0,0,0,0,0,0,0,0,0,0,0,0,0,0,0,0,0,0,0,0,0,0,0,0,0,0,0,0,0,0,0,0,0,1,0,2,1,1,0,0,0,0,0,0,0,0,0,0
5.131,118760,14159931,Linguagens formais e autômatos - 6. ed. / 2011,0,0,1,1,0,0,0,0,0,0,0,0,0,0,0,0,0,0,0,0,0,0,0,0,0,0,0,0,0,0,0,0,0,1,1,0,0,0,0,0,0,0,0,0,0,0,0,0
5.131,118760,14159933,Linguagens formais e autômatos - 6. ed. / 2011,0,0,0,0,0,0,0,0,0,0,0,0,0,0,0,0,0,0,0,0,0,0,0,0,0,0,0,0,0,0,0,0,0,1,0,2,0,0,0,0,1,0,0,0,0,0,0,0
5.131,118760,14159919,Linguagens formais e autômatos - 6. ed. / 2011,0,0,0,0,0,0,0,0,0,0,0,0,0,0,0,1,1,0,0,0,0,0,0,0,0,0,0,0,0,0,0,0,0,0,1,0,0,0,0,0,0,0,0,0,0,0,0,0
5.131,118760,14159921,Linguagens formais e autômatos - 6. ed. / 2011,0,0,0,0,0,0,0,0,0,0,0,0,0,0,0,0,0,0,0,0,0,0,0,0,0,0,0,0,0,0,0,0,0,1,1,1,0,0,0,0,0,0,0,0,0,0,0,0
5.131,118760,14159923,Linguagens formais e autômatos - 6. ed. / 2011,0,0,0,0,0,0,0,0,0,0,0,0,0,0,0,0,0,0,0,0,0,0,0,0,0,0,1,0,0,0,0,0,0,0,0,0,0,0,0,1,1,0,0,0,0,0,0,0
5.131,118760,14159927,Linguagens formais e autômatos - 6. ed. / 2011,0,0,0,0,0,0,0,0,0,0,0,0,0,0,0,0,0,0,0,0,0,0,0,0,0,0,0,0,0,0,0,0,0,0,0,0,0,0,0,0,0,1,1,0,1,0,0,0
5.131,118760,14159934,Linguagens formais e autômatos - 6. ed. / 2011,0,0,0,0,0,0,0,0,0,0,0,0,0,0,0,0,0,0,0,0,0,0,0,0,0,1,0,0,0,0,0,0,0,0,1,1,0,0,0,0,0,0,0,0,0,0,0,0
5.131,118760,14159926,Linguagens formais e autômatos - 6. ed. / 2011,0,0,0,0,0,0,0,0,0,0,0,0,0,0,0,0,0,0,0,0,0,0,0,0,0,0,0,0,0,0,0,0,0,0,1,1,0,0,0,0,0,0,0,0,0,0,0,0
5.131,118760,14159929,Linguagens formais e autômatos - 6. ed. / 2011,0,0,0,0,0,0,0,0,0,0,0,0,0,0,0,0,0,0,0,0,0,0,0,0,0,0,0,0,0,0,0,0,0,1,1,0,0,0,0,0,0,0,0,0,0,0,0,0
5.131,118760,14159924,Linguagens formais e autômatos - 6. ed. / 2011,0,0,0,0,0,0,0,0,0,0,0,0,0,0,0,0,0,0,0,0,0,0,0,0,0,0,0,0,0,0,0,0,0,0,0,1,0,0,0,0,0,0,0,0,0,0,0,0
5.131,118760,14159925,Linguagens formais e autômatos - 6. ed. / 2011,0,0,0,0,0,0,0,0,0,0,0,0,0,0,0,0,0,0,0,0,0,0,0,0,0,0,0,0,0,0,0,0,0,1,0,0,0,0,0,0,0,0,0,0,0,0,0,0
5.131,118760,14159935,Linguagens formais e autômatos - 6. ed. / 2011,0,0,0,0,0,0,0,0,0,0,0,0,0,0,0,0,0,0,0,0,0,0,0,0,0,0,0,0,0,0,0,0,0,1,0,0,0,0,0,0,0,0,0,0,0,0,0,0
5.131,118760,14159941,Linguagens formais e autômatos - 6. ed. / 2011,0,0,0,0,0,0,0,0,0,0,0,0,0,0,0,0,0,0,0,0,0,0,0,0,0,0,0,0,0,0,0,0,0,0,0,1,0,0,0,0,0,0,0,0,0,0,0,0
5.131,129021,14180503,"Linguagens formais : teoria, modelagem e implementação / 2009",0,0,1,1,1,1,1,1,1,0,0,0,0,0,0,0,0,0,0,0,0,0,0,0,0,0,0,0,0,0,0,1,0,0,0,0,0,0,0,1,0,0,0,0,0,0,0,0
5.131,129021,14165749,"Linguagens formais : teoria, modelagem e implementação / 2009",0,0,1,1,1,0,0,0,0,0,0,0,0,0,0,0,0,0,0,0,0,0,0,0,0,0,0,0,0,0,0,0,0,0,0,0,0,0,0,0,0,0,0,0,0,0,0,0
5.133,29898,14371247,"C completo e total - 3. ed., rev. atual . / 1997",0,0,0,0,0,0,0,0,0,0,0,0,0,0,0,0,0,0,0,0,0,0,0,0,0,0,0,0,0,0,0,0,1,1,1,1,1,0,0,0,1,1,0,0,1,1,1,1
5.133,29898,14371246,"C completo e total - 3. ed., rev. atual . / 1997",0,0,0,0,0,0,0,0,0,0,0,0,0,0,0,0,0,0,0,0,0,0,0,0,0,0,0,0,0,0,0,0,0,1,1,0,0,0,0,1,1,1,1,0,1,0,1,0
5.133,29898,14371249,"C completo e total - 3. ed., rev. atual . / 1997",0,0,0,0,0,0,0,0,0,0,0,0,0,0,0,0,0,0,0,0,0,0,0,0,0,0,0,0,0,0,0,0,0,0,0,0,0,0,0,0,0,0,0,0,1,1,2,1
5.133,29898,14371251,"C completo e total - 3. ed., rev. atual . / 1997",0,0,0,0,0,0,0,0,0,0,0,0,0,0,0,0,0,0,0,0,0,0,0,0,0,0,0,0,0,0,0,0,0,0,0,0,0,0,0,1,0,0,0,0,1,1,1,0
5.133,29898,14371252,"C completo e total - 3. ed., rev. atual . / 1997",0,0,0,0,0,0,0,0,0,0,0,0,0,0,0,0,0,0,0,0,0,0,0,0,0,0,0,0,0,0,0,0,1,0,0,1,1,0,0,0,0,0,0,0,1,0,0,0
5.133,29898,14371254,"C completo e total - 3. ed., rev. atual . / 1997",0,0,0,0,0,0,0,0,0,0,0,0,0,0,0,0,0,0,0,0,0,0,0,0,0,0,0,0,0,0,0,0,0,0,0,0,1,1,1,0,0,0,0,0,0,0,0,0
5.133,29898,14371248,"C completo e total - 3. ed., rev. atual . / 1997",0,0,0,0,0,0,0,0,0,0,0,0,0,0,0,0,0,0,0,0,0,0,0,0,0,0,0,0,0,0,0,0,0,0,0,0,0,0,0,0,0,0,0,0,1,0,0,0
5.133,29898,14371255,"C completo e total - 3. ed., rev. atual . / 1997",0,0,0,0,0,0,0,0,0,0,0,0,0,0,0,0,0,0,0,0,0,0,0,0,0,0,0,0,0,0,0,0,0,0,0,1,0,0,0,0,0,0,0,0,0,0,0,0
5.133,63364,14185362,C: a linguagem de programação padrão ANSI / 1989,0,0,1,1,1,1,1,1,1,0,0,0,0,0,1,0,0,0,0,1,1,2,1,0,0,0,0,0,0,0,0,0,0,0,0,0,0,0,0,1,0,1,1,0,0,0,0,0
5.133,63364,14185374,C: a linguagem de programação padrão ANSI / 1989,1,1,1,1,2,0,0,0,0,0,0,0,0,0,0,0,0,0,0,1,1,2,2,0,0,0,0,0,0,0,0,0,0,0,2,0,0,0,0,0,1,0,0,0,0,0,0,0
5.133,63364,14185378,C: a linguagem de programação padrão ANSI / 1989,0,0,1,0,0,0,0,1,1,1,1,0,0,0,1,0,1,2,0,0,1,0,0,0,0,1,0,0,0,0,1,1,0,1,0,0,0,0,0,0,0,0,0,0,0,0,0,0
5.133,63364,14185364,C: a linguagem de programação padrão ANSI / 1989,1,1,0,0,0,0,0,1,1,0,0,0,0,0,1,1,1,1,0,0,0,0,0,0,0,0,1,0,1,0,0,1,0,0,1,0,0,0,0,0,0,0,0,0,0,0,0,0
5.133,63364,14185361,C: a linguagem de programação padrão ANSI / 1989,0,0,1,1,1,1,1,1,0,0,0,0,0,0,0,0,0,0,0,1,1,2,1,0,0,0,0,0,0,0,0,0,0,0,0,0,0,0,0,0,0,0,0,0,0,0,0,0
5.133,63364,14185387,C: a linguagem de programação padrão ANSI / 1989,0,0,1,0,1,0,0,0,0,0,0,0,0,0,1,1,0,0,1,1,0,0,0,0,0,0,0,0,0,0,0,0,0,0,0,0,1,1,0,1,0,0,0,0,0,0,0,0
5.133,63364,14185373,C: a linguagem de programação padrão ANSI / 1989,0,0,1,1,1,1,0,0,0,0,1,1,0,0,1,1,0,0,0,0,0,0,0,0,0,0,0,0,0,0,0,0,0,0,0,0,0,0,0,0,0,0,0,0,0,0,0,0
5.133,63364,14185375,C: a linguagem de programação padrão ANSI / 1989,0,0,1,0,0,0,0,0,0,0,0,0,0,0,0,0,0,0,0,1,1,2,1,0,0,0,0,0,0,0,0,0,0,0,0,1,1,0,0,0,0,0,0,0,0,0,0,0
5.133,63364,14185386,C: a linguagem de programação padrão ANSI / 1989,1,1,1,1,0,1,1,0,0,0,0,0,0,0,1,0,0,0,0,0,0,0,0,0,0,0,0,0,0,0,0,0,0,0,0,0,0,0,0,0,0,0,0,0,0,0,0,0
5.133,63364,14185363,C: a linguagem de programação padrão ANSI / 1989,0,0,1,1,0,0,0,0,0,2,0,0,0,0,0,0,0,0,0,0,0,0,0,0,0,0,0,0,0,0,0,0,0,0,0,1,0,0,0,0,0,0,0,0,0,0,0,0
5.133,63364,14185365,C: a linguagem de programação padrão ANSI / 1989,0,0,0,0,0,0,0,0,0,0,0,0,0,0,1,0,1,1,0,0,0,0,0,0,0,0,0,0,0,0,1,0,0,1,0,0,0,0,0,0,0,0,0,0,0,0,0,0
5.133,63364,14185366,C: a linguagem de programação padrão ANSI / 1989,0,0,1,0,0,2,0,1,0,0,0,0,0,0,0,0,0,0,0,0,0,0,0,0,0,0,0,0,0,0,0,0,0,0,0,0,0,0,0,0,0,0,1,0,0,0,0,0
5.133,63364,14185371,C: a linguagem de programação padrão ANSI / 1989,0,0,0,0,0,0,0,0,0,0,0,0,0,0,0,0,0,0,0,0,0,0,0,0,0,0,0,0,0,0,0,0,1,1,1,1,1,0,0,0,0,0,0,0,0,0,0,0
5.133,63364,14185385,C: a linguagem de programação padrão ANSI / 1989,0,0,1,0,0,0,0,0,0,0,0,0,0,0,1,1,0,0,0,0,0,0,0,0,0,0,0,0,0,0,0,0,0,0,0,0,0,0,0,0,0,0,1,0,1,0,0,0
5.133,63364,14185359,C: a linguagem de programação padrão ANSI / 1989,1,1,1,0,0,0,0,0,0,0,0,0,0,0,1,0,0,0,0,0,0,0,0,0,0,0,0,0,0,0,0,0,0,0,0,0,0,0,0,0,0,0,0,0,0,0,0,0
5.133,63364,14185370,C: a linguagem de programação padrão ANSI / 1989,1,2,1,0,0,0,0,0,0,0,0,0,0,0,0,0,0,0,0,0,0,0,0,0,0,0,0,0,0,0,0,0,0,0,0,0,0,0,0,0,0,0,0,0,0,0,0,0
5.133,63364,14185383,C: a linguagem de programação padrão ANSI / 1989,0,0,1,1,0,0,0,0,0,0,0,0,0,0,0,0,0,0,0,0,1,0,0,0,0,0,1,0,0,0,0,0,0,0,0,0,0,0,0,0,0,0,0,0,0,0,0,0
5.133,63364,14185382,C: a linguagem de programação padrão ANSI / 1989,1,0,1,0,0,0,0,0,0,0,0,0,0,0,1,0,0,0,0,0,0,0,0,0,0,0,0,0,0,0,0,0,0,0,0,0,0,0,0,0,0,0,0,0,0,0,0,0
5.133,63364,14185367,C: a linguagem de programação padrão ANSI / 1989,0,0,0,0,0,0,0,0,0,0,0,0,0,0,0,0,0,0,0,0,0,0,0,0,0,0,0,0,0,0,0,0,0,0,0,0,0,0,0,0,1,1,0,0,0,0,0,0
5.133,63364,14185369,C: a linguagem de programação padrão ANSI / 1989,0,0,1,0,1,0,0,0,0,0,0,0,0,0,0,0,0,0,0,0,0,0,0,0,0,0,0,0,0,0,0,0,0,0,0,0,0,0,0,0,0,0,0,0,0,0,0,0
5.133,63364,14185377,C: a linguagem de programação padrão ANSI / 1989,0,0,1,1,0,0,0,0,0,0,0,0,0,0,0,0,0,0,0,0,0,0,0,0,0,0,0,0,0,0,0,0,0,0,0,0,0,0,0,0,0,0,0,0,0,0,0,0
5.133,63364,14185379,C: a linguagem de programação padrão ANSI / 1989,0,0,0,1,1,0,0,0,0,0,0,0,0,0,0,0,0,0,0,0,0,0,0,0,0,0,0,0,0,0,0,0,0,0,0,0,0,0,0,0,0,0,0,0,0,0,0,0
5.133,63364,14185380,C: a linguagem de programação padrão ANSI / 1989,1,1,0,0,0,0,0,0,0,0,0,0,0,0,0,0,0,0,0,0,0,0,0,0,0,0,0,0,0,0,0,0,0,0,0,0,0,0,0,0,0,0,0,0,0,0,0,0
5.133,63364,14185381,C: a linguagem de programação padrão ANSI / 1989,1,1,0,0,0,0,0,0,0,0,0,0,0,0,0,0,0,0,0,0,0,0,0,0,0,0,0,0,0,0,0,0,0,0,0,0,0,0,0,0,0,0,0,0,0,0,0,0
5.133,63364,14185384,C: a linguagem de programação padrão ANSI / 1989,0,0,1,1,0,0,0,0,0,0,0,0,0,0,0,0,0,0,0,0,0,0,0,0,0,0,0,0,0,0,0,0,0,0,0,0,0,0,0,0,0,0,0,0,0,0,0,0
5.133,63364,14185360,C: a linguagem de programação padrão ANSI / 1989,0,0,1,0,0,0,0,0,0,0,0,0,0,0,0,0,0,0,0,0,0,0,0,0,0,0,0,0,0,0,0,0,0,0,0,0,0,0,0,0,0,0,0,0,0,0,0,0
5.133,84703,14149146,C++ : como programar - 5. ed. / 2006,0,0,0,1,0,1,0,2,0,1,0,0,0,0,0,0,0,0,0,0,0,0,0,0,0,0,1,0,1,0,0,1,0,0,0,0,0,0,0,0,0,0,0,0,0,0,0,0
5.133,84703,14149147,C++ : como programar - 5. ed. / 2006,0,0,1,1,0,0,0,1,2,1,0,0,0,0,0,0,0,0,0,0,0,0,0,0,0,0,0,0,0,0,0,0,0,0,0,0,0,0,0,0,0,0,0,0,0,0,0,0
5.133,84703,14149148,C++ : como programar - 5. ed. / 2006,0,0,0,0,1,0,0,0,0,0,0,0,0,0,1,0,0,0,0,0,0,0,1,0,0,0,0,0,0,0,0,0,0,0,0,1,0,0,0,0,0,0,0,0,1,0,0,0
5.133,84703,14149145,C++ : como programar - 5. ed. / 2006,0,0,0,0,1,0,0,1,0,1,0,0,0,0,0,0,0,0,0,0,0,0,0,0,0,0,0,0,0,0,0,0,0,0,0,0,0,0,0,0,0,0,0,0,0,0,0,0
5.133,107654,14181012,Sistemas operacionais com Java - 7. ed. rev. atual. / 2008,0,0,0,0,0,0,1,0,0,0,0,0,0,0,0,0,0,0,0,0,0,0,0,0,0,0,0,0,0,0,0,1,0,0,0,0,0,0,0,0,0,0,0,0,0,0,0,0
5.133,107915,14150887,Core Java : volume I : fundamentos - 8. ed. / 2009,0,0,0,0,0,0,0,0,0,0,0,0,0,0,0,0,0,0,0,1,0,0,0,0,0,0,1,2,0,1,0,0,0,0,0,0,0,0,0,0,0,0,0,0,0,0,0,0
5.133,107915,14150890,Core Java : volume I : fundamentos - 8. ed. / 2009,0,0,0,0,0,0,0,1,1,2,0,0,0,0,0,0,0,0,0,0,0,0,0,0,0,0,0,0,0,0,0,0,0,0,0,0,0,0,0,0,0,0,0,0,0,0,0,0
5.133,107915,14151951,Core Java : volume I : fundamentos - 8. ed. / 2009,0,0,0,0,0,0,0,0,0,0,0,0,0,0,0,0,0,0,0,0,0,0,0,0,0,1,1,0,0,0,0,0,0,0,0,0,0,0,0,0,0,0,0,0,1,0,0,0
5.133,107915,14151963,Core Java : volume I : fundamentos - 8. ed. / 2009,0,0,0,1,0,0,0,0,0,0,0,0,0,0,0,0,0,0,0,0,0,0,0,0,0,0,1,1,0,0,0,0,0,0,0,0,0,0,0,0,0,0,0,0,0,0,0,0
5.133,107915,14150885,Core Java : volume I : fundamentos - 8. ed. / 2009,0,0,1,0,0,0,0,0,0,0,0,0,0,0,0,0,0,0,0,1,0,0,0,0,0,0,0,0,0,0,0,0,0,0,0,0,0,0,0,0,0,0,0,0,0,0,0,0
5.133,107915,14150888,Core Java : volume I : fundamentos - 8. ed. / 2009,0,0,0,0,0,0,0,0,1,1,0,0,0,0,0,0,0,0,0,0,0,0,0,0,0,0,0,0,0,0,0,0,0,0,0,0,0,0,0,0,0,0,0,0,0,0,0,0
5.133,107915,14151950,Core Java : volume I : fundamentos - 8. ed. / 2009,0,0,0,0,0,0,0,0,0,0,0,0,0,0,0,0,0,0,0,0,1,1,0,0,0,0,0,0,0,0,0,0,0,0,0,0,0,0,0,0,0,0,0,0,0,0,0,0
5.133,107915,14151954,Core Java : volume I : fundamentos - 8. ed. / 2009,0,0,1,1,0,0,0,0,0,0,0,0,0,0,0,0,0,0,0,0,0,0,0,0,0,0,0,0,0,0,0,0,0,0,0,0,0,0,0,0,0,0,0,0,0,0,0,0
5.133,107915,14151960,Core Java : volume I : fundamentos - 8. ed. / 2009,0,0,0,0,0,0,0,0,0,0,0,0,0,0,0,0,0,0,0,0,0,0,0,0,0,0,1,0,0,0,0,0,0,0,0,0,0,0,0,0,0,0,0,0,0,0,0,0
5.133,108138,14180839,Use a cabeça! : Java / 2009,0,0,1,0,1,1,0,0,0,1,0,0,0,1,1,1,1,1,0,1,0,1,1,0,0,0,0,0,0,0,0,0,0,0,1,1,0,1,1,0,0,0,0,0,0,0,0,0
5.133,108138,14180840,Use a cabeça! : Java / 2009,0,0,1,0,0,0,1,0,0,0,0,0,0,0,0,1,1,0,0,2,0,0,1,1,0,0,1,0,0,0,0,0,1,0,1,0,0,0,0,0,0,1,0,0,0,0,0,0
5.133,114350,14152314,Java: como programar - 8. ed. / 2010,0,0,1,1,1,1,1,0,0,0,0,0,0,1,1,1,1,1,0,1,0,0,0,0,0,0,0,0,0,0,0,0,0,1,0,1,0,0,0,0,0,0,0,0,0,0,0,0
5.133,114350,14152277,Java: como programar - 8. ed. / 2010,0,0,0,0,0,0,1,1,1,0,0,1,0,0,1,0,2,1,0,0,0,0,0,0,0,0,0,0,0,0,0,0,0,0,0,0,0,0,0,0,0,0,0,0,0,0,0,0
5.133,114350,14152309,Java: como programar - 8. ed. / 2010,0,0,1,2,1,2,0,0,0,0,0,0,0,0,0,0,0,0,0,0,0,0,0,0,0,1,1,0,0,0,0,0,0,0,0,0,0,0,0,0,0,0,0,0,0,0,0,0
5.133,114350,14152303,Java: como programar - 8. ed. / 2010,0,0,1,0,1,1,1,0,0,0,0,0,0,0,0,0,1,0,0,0,0,0,0,0,0,0,0,0,0,0,0,0,0,0,0,0,0,0,0,0,0,0,0,0,0,0,0,0
5.133,114350,14152307,Java: como programar - 8. ed. / 2010,0,0,0,0,0,0,0,0,0,0,0,0,0,0,1,0,0,0,0,0,1,1,1,1,0,0,0,0,0,0,0,0,0,0,0,0,0,0,0,0,0,0,0,0,0,0,0,0
5.133,114350,14152295,Java: como programar - 8. ed. / 2010,0,0,1,0,0,0,0,0,0,0,0,0,0,0,0,0,0,0,0,0,0,0,0,0,0,0,0,0,0,0,0,0,0,0,0,0,0,0,0,2,1,0,0,0,0,0,0,0
5.133,114350,14152293,Java: como programar - 8. ed. / 2010,0,0,1,1,1,0,0,0,0,0,0,0,0,0,0,0,0,0,0,0,0,0,0,0,0,0,0,0,0,0,0,0,0,0,0,0,0,0,0,0,0,0,0,0,0,0,0,0
5.133,114350,14152282,Java: como programar - 8. ed. / 2010,0,0,0,0,0,0,0,0,0,0,0,0,0,0,0,0,0,0,0,0,0,0,0,0,0,0,0,0,0,0,0,0,0,0,0,0,0,0,0,0,0,0,0,0,1,1,0,0
5.133,114350,14152297,Java: como programar - 8. ed. / 2010,0,0,0,0,0,0,0,0,0,0,0,0,0,0,1,0,0,0,0,0,0,0,0,0,0,0,0,0,0,0,0,1,0,0,0,0,0,0,0,0,0,0,0,0,0,0,0,0
5.133,114350,14152283,Java: como programar - 8. ed. / 2010,0,0,0,0,0,0,0,0,0,0,0,0,0,0,0,0,0,0,0,0,0,0,0,0,0,0,0,0,0,0,0,0,0,0,0,0,0,0,0,0,0,0,0,0,1,0,0,0
5.133,114350,14152287,Java: como programar - 8. ed. / 2010,0,0,0,0,0,0,0,0,0,0,0,0,0,0,0,0,0,0,0,0,0,0,0,0,0,0,0,0,0,0,0,0,0,0,0,0,0,0,0,0,0,0,0,0,0,1,0,0
5.133,114350,14152289,Java: como programar - 8. ed. / 2010,0,0,0,0,0,0,0,0,0,0,0,0,0,0,0,0,0,0,0,0,0,0,0,0,0,0,0,0,0,0,0,0,0,1,0,0,0,0,0,0,0,0,0,0,0,0,0,0
5.133,114350,14152291,Java: como programar - 8. ed. / 2010,0,0,0,0,0,0,0,0,0,0,0,0,0,0,0,0,0,1,0,0,0,0,0,0,0,0,0,0,0,0,0,0,0,0,0,0,0,0,0,0,0,0,0,0,0,0,0,0
5.133,114350,14152294,Java: como programar - 8. ed. / 2010,0,0,1,0,0,0,0,0,0,0,0,0,0,0,0,0,0,0,0,0,0,0,0,0,0,0,0,0,0,0,0,0,0,0,0,0,0,0,0,0,0,0,0,0,0,0,0,0
5.133,114350,14152296,Java: como programar - 8. ed. / 2010,0,0,0,0,0,0,0,0,0,0,0,0,0,0,1,0,0,0,0,0,0,0,0,0,0,0,0,0,0,0,0,0,0,0,0,0,0,0,0,0,0,0,0,0,0,0,0,0
5.133,114350,14152300,Java: como programar - 8. ed. / 2010,0,0,0,1,0,0,0,0,0,0,0,0,0,0,0,0,0,0,0,0,0,0,0,0,0,0,0,0,0,0,0,0,0,0,0,0,0,0,0,0,0,0,0,0,0,0,0,0
5.133,114350,14152313,Java: como programar - 8. ed. / 2010,0,0,0,0,0,0,0,0,0,0,0,0,0,0,0,0,0,0,0,0,0,0,0,0,0,0,0,0,0,0,0,0,0,0,0,0,0,0,0,0,0,0,0,0,1,0,0,0
5.133,126727,14154589,Programação Java para a Web / 2010,0,0,0,0,1,2,0,0,0,0,0,0,0,0,0,0,0,0,0,0,0,0,0,0,0,0,0,0,0,0,0,0,0,0,0,0,0,0,0,0,0,0,0,0,0,0,0,0
5.133,126727,14154592,Programação Java para a Web / 2010,0,0,0,0,0,0,0,0,0,0,0,0,0,0,0,0,0,0,0,0,0,0,0,0,0,0,0,0,0,0,0,0,0,0,0,0,0,2,0,0,0,0,0,0,0,0,0,1
5.133,126727,14154599,Programação Java para a Web / 2010,0,0,0,0,0,0,0,0,0,0,0,0,0,0,0,0,0,0,0,0,0,0,0,0,0,0,0,0,0,0,0,0,0,0,0,0,0,0,0,0,0,0,0,0,0,0,1,0
5.133,126737,14166862,SQL : curso prático / 2002,1,1,1,0,0,1,0,0,0,0,0,0,0,0,0,0,0,1,0,1,1,2,1,0,0,0,0,0,0,0,1,1,1,0,1,1,1,0,0,0,0,0,0,0,0,1,0,0
5.133,126737,14181624,SQL : curso prático / 2002,0,0,0,0,2,1,1,0,0,0,0,0,0,0,1,0,0,1,0,1,1,0,0,0,0,0,0,0,0,0,0,1,1,0,0,0,0,0,0,0,0,0,0,0,1,1,0,0
5.133,136205,14148732,Desenvolvendo websites com PHP : aprenda a criar websites dinâmicos e interativos com PHP e banco de dados - 2. ed. rev. e atual. / 2011,0,0,1,0,0,0,0,0,0,0,0,1,0,0,0,0,0,0,0,0,0,0,0,0,0,1,1,0,0,0,0,0,0,0,0,0,0,0,0,1,0,0,0,0,0,0,0,0
5.133,137346,14157525,Ruby on rails : desenvolvimento fácil e rápido de aplicações Web - 2. ed. rev. ampl. / 2012,0,0,1,1,1,1,0,0,0,1,1,1,0,0,1,0,0,0,0,0,0,0,0,0,0,0,0,0,0,0,0,0,0,0,1,0,0,0,0,0,0,0,0,0,0,0,0,0
5.133,137346,14157524,Ruby on rails : desenvolvimento fácil e rápido de aplicações Web - 2. ed. rev. ampl. / 2012,0,0,0,0,2,1,0,0,0,0,0,0,0,0,0,0,0,0,0,0,0,0,0,0,0,0,1,0,0,0,1,0,0,0,0,0,0,0,0,0,0,0,0,0,0,0,0,0
5.133,137346,14157526,Ruby on rails : desenvolvimento fácil e rápido de aplicações Web - 2. ed. rev. ampl. / 2012,0,0,0,0,0,0,0,0,0,0,0,0,0,0,0,0,0,0,0,0,0,1,1,0,0,0,1,0,0,0,0,0,0,0,0,0,0,0,0,0,0,0,0,0,0,0,0,0
5.133,140292,14154829,Programação funcional para desenvolvedores Java / 2012,0,0,1,1,1,1,0,0,0,0,0,0,0,0,0,0,0,0,0,0,0,0,0,0,0,0,0,0,0,0,0,0,0,0,0,0,0,0,0,0,0,0,0,0,0,0,1,0
5.133,140292,14154811,Programação funcional para desenvolvedores Java / 2012,0,0,0,0,0,0,0,0,0,0,0,0,0,0,0,0,0,0,0,0,0,0,0,0,0,0,0,0,0,0,0,1,0,0,2,1,0,0,0,0,0,0,0,0,0,0,0,0
5.133,140292,14154816,Programação funcional para desenvolvedores Java / 2012,0,0,0,0,0,0,0,0,0,0,0,0,0,0,0,0,0,0,0,0,0,0,0,0,0,0,0,0,0,0,0,2,0,0,0,0,0,0,0,0,0,0,0,0,0,0,0,0
5.133,140292,14154820,Programação funcional para desenvolvedores Java / 2012,0,0,0,0,0,0,0,0,0,0,0,0,0,0,0,0,0,0,0,0,0,0,0,0,0,0,0,0,0,0,0,0,0,0,1,1,0,0,0,0,0,0,0,0,0,0,0,0
5.133,140292,14154815,Programação funcional para desenvolvedores Java / 2012,0,0,0,0,0,0,0,0,0,0,0,0,0,0,0,0,0,0,0,1,0,0,0,0,0,0,0,0,0,0,0,0,0,0,0,0,0,0,0,0,0,0,0,0,0,0,0,0
5.133,140292,14154817,Programação funcional para desenvolvedores Java / 2012,0,0,1,0,0,0,0,0,0,0,0,0,0,0,0,0,0,0,0,0,0,0,0,0,0,0,0,0,0,0,0,0,0,0,0,0,0,0,0,0,0,0,0,0,0,0,0,0
5.133,140292,14154827,Programação funcional para desenvolvedores Java / 2012,0,0,1,0,0,0,0,0,0,0,0,0,0,0,0,0,0,0,0,0,0,0,0,0,0,0,0,0,0,0,0,0,0,0,0,0,0,0,0,0,0,0,0,0,0,0,0,0
5.133,153322,14185849,Core JavaServer Faces / 2012,0,0,0,0,1,1,1,1,2,1,0,0,0,0,0,0,0,0,0,0,0,0,0,0,0,0,0,0,0,0,0,0,0,0,0,0,0,0,0,0,0,0,0,0,0,0,0,0
5.133,153322,14185854,Core JavaServer Faces / 2012,0,0,0,0,1,0,0,1,0,0,0,0,0,0,0,0,0,0,0,0,0,0,0,0,0,0,0,0,0,0,0,0,0,0,0,0,0,0,0,0,0,0,0,0,0,0,0,0
5.133,153322,14185850,Core JavaServer Faces / 2012,0,0,0,0,0,0,0,0,0,0,0,0,0,0,0,0,0,0,0,0,0,0,0,0,0,0,0,0,0,0,0,0,0,0,0,0,0,0,0,0,0,0,0,0,1,0,0,0
5.133,153322,14185852,Core JavaServer Faces / 2012,0,0,0,0,0,0,0,0,0,0,0,0,0,0,0,0,0,0,0,1,0,0,0,0,0,0,0,0,0,0,0,0,0,0,0,0,0,0,0,0,0,0,0,0,0,0,0,0
5.133,157928,14187247,Clojure programming / 2012,0,0,0,0,0,0,0,0,1,0,0,0,0,0,0,0,0,0,0,0,0,0,0,0,0,0,0,0,0,0,0,0,0,0,0,0,0,0,0,0,0,0,0,0,0,0,0,0
005.14,114719,14180852,Introdução ao teste de software / 2007,0,0,1,0,0,0,0,0,0,0,0,0,0,1,1,2,1,1,0,1,1,1,1,0,0,0,1,1,0,0,0,2,1,0,0,0,0,0,0,0,0,0,0,0,0,0,0,0
005.14,114719,14180851,Introdução ao teste de software / 2007,0,0,1,1,1,1,1,1,1,1,1,1,0,0,0,0,0,0,0,0,0,0,0,0,0,0,0,0,0,0,0,0,0,0,0,0,0,0,0,0,0,0,0,0,0,0,0,0
005.14,114719,14180850,Introdução ao teste de software / 2007,0,0,1,0,0,0,0,1,2,1,0,0,0,0,0,1,1,0,0,0,0,0,0,0,0,0,0,0,0,0,0,0,0,0,0,0,0,0,0,0,0,0,0,0,0,0,0,1
005.14,157935,14187941,"Actitioner's guide to software test design Lee Copeland, Pr / 2004",0,0,0,0,0,0,0,0,0,0,0,0,0,1,1,2,1,1,0,1,1,1,1,0,0,0,0,0,0,0,0,0,0,0,0,0,0,0,0,0,0,0,0,0,0,0,0,0
005.14,157935,14187933,"Actitioner's guide to software test design Lee Copeland, Pr / 2004",0,0,0,0,0,0,0,0,2,0,0,0,0,0,0,0,0,0,0,0,0,0,0,0,0,0,0,0,0,0,0,0,0,0,0,0,0,0,0,0,0,0,0,0,0,0,0,0
005.15,155327,14173764,Documenting software architectures : views and beyond - 2nd ed. / 2011,0,0,0,0,0,0,0,1,0,0,0,0,0,0,0,0,0,0,0,0,0,0,0,0,0,0,0,0,0,0,0,0,0,0,0,0,0,0,0,0,0,0,0,0,0,0,0,0
005.15,155327,14173766,Documenting software architectures : views and beyond - 2nd ed. / 2011,0,0,0,0,0,0,0,0,0,0,0,0,0,0,0,0,0,0,0,1,0,0,0,0,0,0,0,0,0,0,0,0,0,0,0,0,0,0,0,0,0,0,0,0,0,0,0,0
005.15,155327,14173767,Documenting software architectures : views and beyond - 2nd ed. / 2011,0,0,0,0,0,0,0,0,0,0,0,0,0,0,1,0,0,0,0,0,0,0,0,0,0,0,0,0,0,0,0,0,0,0,0,0,0,0,0,0,0,0,0,0,0,0,0,0
005.16,108658,14175150,Software maintenance management : evaluation and continuous improvement / 2008,0,0,0,0,0,0,0,0,0,0,0,0,0,0,0,0,0,0,0,0,1,1,0,0,0,0,0,0,0,0,0,0,0,0,0,0,0,0,0,0,0,0,0,0,0,0,0,0
005.16,108658,14175149,Software maintenance management : evaluation and continuous improvement / 2008,0,0,0,0,0,0,0,1,0,0,0,0,0,0,0,0,0,0,0,0,0,0,0,0,0,0,0,0,0,0,0,0,0,0,0,0,0,0,0,0,0,0,0,0,0,0,0,0
005.16,108658,14175158,Software maintenance management : evaluation and continuous improvement / 2008,0,0,0,0,0,0,0,0,0,0,0,0,0,0,0,0,0,0,0,0,0,0,0,0,0,0,0,0,0,0,0,0,0,0,0,0,0,0,0,1,0,0,0,0,0,0,0,0
005.16,129806,14187201,Software maintenance : concepts and practice - 2nd ed. / 2003,0,0,0,0,0,0,0,1,0,0,0,0,0,0,0,0,0,0,0,0,0,0,0,0,0,0,0,0,0,0,0,0,0,0,0,0,0,0,0,1,0,0,0,0,0,0,0,0
005.16,158214,14187964,Practical software maintenance : Best practices for managing your software investment / 1997,0,0,0,0,0,0,0,1,0,0,0,0,0,0,0,0,0,0,0,0,0,0,0,0,0,0,0,0,0,0,0,0,0,0,0,0,0,0,0,0,0,0,0,0,0,0,0,0
005.26,153708,14166324,Fundamentos de programação usando C - 4. ed. / 2004,0,0,1,1,0,0,0,0,0,0,0,0,0,0,0,1,0,0,0,0,0,0,0,0,0,0,0,0,0,0,0,0,0,0,0,0,0,0,0,0,0,0,0,0,0,0,0,0
005.26,153708,14166325,Fundamentos de programação usando C - 4. ed. / 2004,0,0,1,1,0,0,0,1,0,0,0,0,0,0,0,0,0,0,0,0,0,0,0,0,0,0,0,0,0,0,0,0,0,0,0,0,0,0,0,0,0,0,0,0,0,0,0,0
005.3,98099,14150894,Desenvolvendo aplicações Web com NetBeans IDE 6 / 2008,0,0,1,0,0,0,0,0,0,0,0,0,0,0,0,0,0,0,0,0,0,0,0,0,0,0,0,0,0,0,0,0,0,0,0,0,0,0,0,0,0,0,0,0,0,0,0,0
005.3,99729,14181153,Use a cabeça! : Servlets & JSP - 2. ed. / 2008,0,0,1,0,0,0,0,0,0,0,0,0,0,0,0,0,0,0,0,0,0,0,0,0,0,0,0,0,0,0,0,0,0,0,0,0,0,0,0,0,0,0,0,0,0,0,0,0
530.287,134892,14149534,Base de conhecimento em teste de software - 3. ed. / 2012,0,0,0,1,1,1,1,1,1,1,1,1,0,0,0,0,0,1,1,1,1,1,0,0,0,0,0,0,0,0,0,0,0,0,0,0,0,0,0,0,0,0,0,0,1,0,0,0
5.369,107651,14182170,Gerência de configuração : técnicas e práticas no desenvolvimento do software / 2007,0,0,0,0,0,0,0,0,2,0,0,0,0,0,0,0,0,0,0,0,0,0,0,0,0,0,0,0,0,0,0,0,0,0,0,0,0,0,0,0,0,0,0,0,0,0,0,0
005.4,108450,14186042,User interface design for mere mortals : a hands-on guide to user interface design software-independent approach / 2007,0,0,0,0,1,1,1,1,1,1,0,0,0,0,1,1,1,1,0,0,0,0,0,0,0,0,0,0,0,0,0,0,0,0,0,0,0,0,0,0,0,0,0,0,0,0,0,0
005.43,98016,14160542,Linux : guia do administrador do sistema - 2. ed. rev. e ampl. / 2008,0,0,1,0,2,1,1,1,1,1,1,1,0,0,0,1,0,0,0,1,1,1,1,0,0,0,0,0,0,0,0,0,0,0,0,0,0,0,0,0,0,0,0,0,0,0,0,0
005.43,98016,14160551,Linux : guia do administrador do sistema - 2. ed. rev. e ampl. / 2008,0,0,1,0,1,1,1,1,1,0,0,0,0,0,1,1,1,1,0,0,0,1,1,0,0,0,0,0,0,0,0,0,0,0,0,0,0,0,0,0,0,0,0,0,0,0,0,0
005.43,98016,14160543,Linux : guia do administrador do sistema - 2. ed. rev. e ampl. / 2008,0,0,0,1,1,1,2,1,1,1,0,1,0,0,0,0,0,0,0,0,0,0,0,0,0,0,0,0,0,0,0,0,0,0,0,0,0,0,0,0,0,0,0,0,0,0,0,0
005.43,98016,14160539,Linux : guia do administrador do sistema - 2. ed. rev. e ampl. / 2008,0,0,0,0,2,1,0,1,1,0,0,0,0,0,0,0,0,0,0,0,0,0,0,0,0,0,0,0,0,0,0,0,0,0,0,0,0,0,0,0,0,0,0,0,0,0,0,0
005.43,98016,14160561,Linux : guia do administrador do sistema - 2. ed. rev. e ampl. / 2008,0,0,1,1,0,1,1,1,0,0,0,0,0,0,0,0,0,0,0,0,0,0,0,0,0,0,0,0,0,0,0,0,0,0,0,0,0,0,0,0,0,0,0,0,0,0,0,0
005.43,98016,14160532,Linux : guia do administrador do sistema - 2. ed. rev. e ampl. / 2008,0,0,1,1,1,1,0,0,0,0,0,0,0,0,0,0,0,0,0,0,0,0,0,0,0,0,0,0,0,0,0,0,0,0,0,0,0,0,0,0,0,0,0,0,0,0,0,0
005.43,98016,14160540,Linux : guia do administrador do sistema - 2. ed. rev. e ampl. / 2008,0,0,1,0,0,1,1,0,0,0,0,0,0,0,0,0,0,0,0,0,0,0,1,0,0,0,0,0,0,0,0,0,0,0,0,0,0,0,0,0,0,0,0,0,0,0,0,0
005.43,98016,14160545,Linux : guia do administrador do sistema - 2. ed. rev. e ampl. / 2008,0,0,0,0,0,0,0,0,0,0,0,0,0,0,1,1,1,1,0,0,0,0,0,0,0,0,0,0,0,0,0,0,0,0,0,0,0,0,0,0,0,0,0,0,0,0,0,0
005.43,98016,14160553,Linux : guia do administrador do sistema - 2. ed. rev. e ampl. / 2008,0,0,1,1,0,2,0,0,0,0,0,0,0,0,0,0,0,0,0,0,0,0,0,0,0,0,0,0,0,0,0,0,0,0,0,0,0,0,0,0,0,0,0,0,0,0,0,0
005.43,98016,14160562,Linux : guia do administrador do sistema - 2. ed. rev. e ampl. / 2008,0,0,1,1,1,0,0,0,0,0,0,0,0,0,0,1,0,0,0,0,0,0,0,0,0,0,0,0,0,0,0,0,0,0,0,0,0,0,0,0,0,0,0,0,0,0,0,0
005.43,98016,14160563,Linux : guia do administrador do sistema - 2. ed. rev. e ampl. / 2008,0,0,0,0,0,0,0,0,0,0,0,0,0,0,0,0,0,0,0,0,2,0,0,0,0,0,0,0,0,0,0,0,1,0,0,0,0,0,0,0,0,0,0,0,0,0,0,0
005.43,98016,14160534,Linux : guia do administrador do sistema - 2. ed. rev. e ampl. / 2008,0,0,0,0,1,0,0,0,0,0,0,0,0,0,0,0,0,0,0,0,0,0,0,0,0,0,0,0,0,0,0,0,0,0,0,0,0,0,0,0,0,0,0,0,0,0,0,0
005.43,98016,14160536,Linux : guia do administrador do sistema - 2. ed. rev. e ampl. / 2008,0,0,0,0,1,0,0,0,0,0,0,0,0,0,0,0,0,0,0,0,0,0,0,0,0,0,0,0,0,0,0,0,0,0,0,0,0,0,0,0,0,0,0,0,0,0,0,0
005.43,98016,14160544,Linux : guia do administrador do sistema - 2. ed. rev. e ampl. / 2008,0,0,0,0,0,0,0,0,1,0,0,0,0,0,0,0,0,0,0,0,0,0,0,0,0,0,0,0,0,0,0,0,0,0,0,0,0,0,0,0,0,0,0,0,0,0,0,0
005.43,98016,14160555,Linux : guia do administrador do sistema - 2. ed. rev. e ampl. / 2008,0,0,0,0,0,0,0,0,1,0,0,0,0,0,0,0,0,0,0,0,0,0,0,0,0,0,0,0,0,0,0,0,0,0,0,0,0,0,0,0,0,0,0,0,0,0,0,0
005.43,98016,14160560,Linux : guia do administrador do sistema - 2. ed. rev. e ampl. / 2008,0,0,0,0,0,0,0,0,0,0,0,0,0,0,0,0,0,0,0,0,0,0,0,0,0,0,0,0,0,0,0,0,0,0,0,0,0,0,1,0,0,0,0,0,0,0,0,0
005.43,98016,14160565,Linux : guia do administrador do sistema - 2. ed. rev. e ampl. / 2008,0,0,0,0,0,0,0,1,0,0,0,0,0,0,0,0,0,0,0,0,0,0,0,0,0,0,0,0,0,0,0,0,0,0,0,0,0,0,0,0,0,0,0,0,0,0,0,0
005.43,98016,14160567,Linux : guia do administrador do sistema - 2. ed. rev. e ampl. / 2008,0,0,1,0,0,0,0,0,0,0,0,0,0,0,0,0,0,0,0,0,0,0,0,0,0,0,0,0,0,0,0,0,0,0,0,0,0,0,0,0,0,0,0,0,0,0,0,0
005.43,101063,14156645,Sistemas operacionais : projeto e implementação - 3. ed. / 2008,0,0,0,0,1,0,0,1,2,0,0,0,0,0,0,0,0,0,0,0,0,0,0,0,0,0,0,0,0,0,0,0,0,0,0,0,0,0,0,0,0,0,0,0,0,0,0,0
005.43,108162,14158232,Sistemas operacionais modernos - 3. ed. / 2010,0,0,1,0,0,0,0,1,1,0,0,0,0,0,0,0,1,0,0,0,0,0,0,0,0,0,0,0,0,0,0,0,0,0,0,0,0,0,0,0,0,0,0,0,1,1,1,0
005.43,108162,14158243,Sistemas operacionais modernos - 3. ed. / 2010,0,0,0,0,0,0,0,0,0,0,0,0,0,0,0,0,0,0,0,0,0,0,0,0,0,0,0,0,0,0,0,1,1,0,1,0,2,0,0,1,1,0,0,0,0,0,0,0
005.43,108162,14158260,Sistemas operacionais modernos - 3. ed. / 2010,0,0,0,0,0,0,0,0,0,0,0,0,0,0,0,0,0,0,0,0,0,0,0,0,0,0,0,0,0,0,0,0,0,0,1,1,1,0,0,1,0,1,0,0,1,1,0,0
005.43,108162,14158236,Sistemas operacionais modernos - 3. ed. / 2010,0,0,0,0,2,0,0,1,0,0,0,0,0,0,0,0,0,0,0,1,2,0,0,0,0,0,0,0,0,0,0,0,0,0,0,0,0,0,0,0,0,0,0,0,0,0,0,0
005.43,108162,14158244,Sistemas operacionais modernos - 3. ed. / 2010,0,0,0,0,0,0,0,0,0,0,0,0,0,0,0,0,0,0,0,0,0,0,0,0,0,0,0,0,0,0,1,0,0,0,1,2,0,1,1,0,0,0,0,0,0,0,0,0
005.43,108162,14158263,Sistemas operacionais modernos - 3. ed. / 2010,0,0,0,0,0,0,0,1,2,0,0,0,0,0,0,0,0,0,0,0,0,0,0,0,0,0,0,0,0,0,0,0,0,0,0,0,0,0,0,1,1,1,0,0,0,0,0,0
005.43,108162,14158229,Sistemas operacionais modernos - 3. ed. / 2010,1,1,0,0,0,0,0,0,0,0,0,0,0,0,0,0,0,0,0,0,0,0,0,0,0,0,1,1,0,0,0,1,0,0,0,0,0,0,0,0,0,0,0,0,0,0,0,0
005.43,108162,14158230,Sistemas operacionais modernos - 3. ed. / 2010,0,0,0,0,0,0,0,0,0,0,0,0,0,0,0,0,0,0,0,0,0,0,0,0,0,1,1,0,1,1,0,1,0,0,0,0,0,0,0,0,0,0,0,0,0,0,0,0
005.43,108162,14158253,Sistemas operacionais modernos - 3. ed. / 2010,0,0,0,0,0,0,0,1,1,1,1,1,0,0,0,0,0,0,0,0,0,0,0,0,0,0,0,0,0,0,0,0,0,0,0,0,0,0,0,0,0,0,0,0,0,0,0,0
005.43,108162,14158254,Sistemas operacionais modernos - 3. ed. / 2010,2,0,1,0,0,0,0,1,0,0,0,0,0,0,0,0,0,0,0,0,1,0,0,0,0,0,0,0,0,0,0,0,0,0,0,0,0,0,0,0,0,0,0,0,0,0,0,0
005.43,108162,14158255,Sistemas operacionais modernos - 3. ed. / 2010,0,0,0,0,0,0,0,1,1,0,0,0,0,0,0,0,0,0,0,0,0,0,0,0,0,0,0,0,0,0,0,0,0,0,0,0,0,0,0,2,1,0,0,0,0,0,0,0
005.43,108162,14158262,Sistemas operacionais modernos - 3. ed. / 2010,0,0,1,1,0,0,0,1,2,0,0,0,0,0,0,0,0,0,0,0,0,0,0,0,0,0,0,0,0,0,0,0,0,0,0,0,0,0,0,0,0,0,0,0,0,0,0,0
005.43,108162,14158234,Sistemas operacionais modernos - 3. ed. / 2010,0,0,0,0,1,1,1,1,0,0,0,0,0,0,0,0,0,0,0,0,0,0,0,0,0,0,0,0,0,0,0,0,0,0,0,0,0,0,0,0,0,0,0,0,0,0,0,0
005.43,108162,14158235,Sistemas operacionais modernos - 3. ed. / 2010,0,0,1,1,1,1,0,0,0,0,0,0,0,0,0,0,0,0,0,0,0,0,0,0,0,0,0,0,0,0,0,0,0,0,0,0,0,0,0,0,0,0,0,0,0,0,0,0
005.43,108162,14158239,Sistemas operacionais modernos - 3. ed. / 2010,0,0,0,0,0,0,0,0,0,0,0,0,0,0,0,0,0,0,0,0,0,0,0,0,0,0,1,0,0,0,0,1,1,0,0,0,0,0,0,0,1,0,0,0,0,0,0,0
005.43,108162,14158242,Sistemas operacionais modernos - 3. ed. / 2010,0,0,0,0,0,0,0,0,0,0,0,0,0,0,0,0,0,0,0,0,0,0,0,0,0,1,1,0,0,0,0,1,1,0,0,0,0,0,0,0,0,0,0,0,0,0,0,0
005.43,108162,14158245,Sistemas operacionais modernos - 3. ed. / 2010,0,0,0,0,0,0,0,0,0,0,0,0,0,0,0,0,0,0,0,0,0,0,0,0,0,0,0,0,0,0,0,0,0,0,1,0,1,1,1,0,0,0,0,0,0,0,0,0
005.43,108162,14158249,Sistemas operacionais modernos - 3. ed. / 2010,0,0,0,0,0,0,0,1,1,1,1,0,0,0,0,0,0,0,0,0,0,0,0,0,0,0,0,0,0,0,0,0,0,0,0,0,0,0,0,0,0,0,0,0,0,0,0,0
005.43,108162,14158225,Sistemas operacionais modernos - 3. ed. / 2010,0,0,0,0,0,0,0,1,0,1,0,0,0,0,0,0,1,0,0,0,0,0,0,0,0,0,0,0,0,0,0,0,0,0,0,0,0,0,0,0,0,0,0,0,0,0,0,0
005.43,108162,14158251,Sistemas operacionais modernos - 3. ed. / 2010,0,0,0,0,0,0,0,1,1,1,0,0,0,0,0,0,0,0,0,0,0,0,0,0,0,0,0,0,0,0,0,0,0,0,0,0,0,0,0,0,0,0,0,0,0,0,0,0
005.43,108162,14158261,Sistemas operacionais modernos - 3. ed. / 2010,0,0,0,0,0,0,0,0,0,0,0,0,0,0,0,0,0,0,0,0,0,0,0,0,0,0,1,0,0,0,0,1,0,0,0,0,0,0,0,0,0,0,0,0,1,0,0,0
005.43,108162,14158231,Sistemas operacionais modernos - 3. ed. / 2010,0,0,0,0,0,0,0,0,0,1,0,0,0,0,0,0,0,0,0,0,0,0,0,0,0,0,0,0,0,0,0,0,0,0,0,0,0,0,0,1,0,0,0,0,0,0,0,0
005.43,108162,14158247,Sistemas operacionais modernos - 3. ed. / 2010,0,0,0,0,1,1,0,0,0,0,0,0,0,0,0,0,0,0,0,0,0,0,0,0,0,0,0,0,0,0,0,0,0,0,0,0,0,0,0,0,0,0,0,0,0,0,0,0
005.43,108162,14158257,Sistemas operacionais modernos - 3. ed. / 2010,0,0,0,0,0,0,0,0,0,0,0,0,0,0,0,0,0,0,0,0,0,0,0,0,0,1,0,0,0,0,0,0,0,0,0,0,0,0,0,0,0,0,0,0,1,0,0,0
005.43,108162,14158224,Sistemas operacionais modernos - 3. ed. / 2010,0,0,0,0,0,0,0,0,0,0,0,0,0,0,0,0,0,0,0,0,0,0,0,0,0,0,0,0,0,0,0,0,0,0,1,0,0,0,0,0,0,0,0,0,0,0,0,0
005.43,108162,14158238,Sistemas operacionais modernos - 3. ed. / 2010,0,0,0,0,0,0,0,1,0,0,0,0,0,0,0,0,0,0,0,0,0,0,0,0,0,0,0,0,0,0,0,0,0,0,0,0,0,0,0,0,0,0,0,0,0,0,0,0
005.43,108162,14158241,Sistemas operacionais modernos - 3. ed. / 2010,0,0,0,0,0,0,0,0,0,0,0,0,0,0,0,0,0,0,0,0,0,0,0,0,0,0,0,0,0,0,0,0,0,0,0,0,0,0,0,1,0,0,0,0,0,0,0,0
005.43,108162,14158246,Sistemas operacionais modernos - 3. ed. / 2010,0,0,0,0,0,0,0,0,0,0,0,0,0,0,0,0,0,0,0,0,0,0,0,0,0,0,0,0,0,0,0,0,0,0,0,0,0,0,0,1,0,0,0,0,0,0,0,0
005.43,108162,14158248,Sistemas operacionais modernos - 3. ed. / 2010,0,0,0,0,0,0,0,0,0,0,0,0,0,0,0,0,0,0,0,0,0,0,0,0,0,1,0,0,0,0,0,0,0,0,0,0,0,0,0,0,0,0,0,0,0,0,0,0
005.43,108162,14158252,Sistemas operacionais modernos - 3. ed. / 2010,0,0,0,0,0,0,0,0,0,0,0,0,0,0,0,0,0,0,0,0,0,0,0,0,0,0,0,0,0,0,0,0,0,0,1,0,0,0,0,0,0,0,0,0,0,0,0,0
005.43,108162,14158258,Sistemas operacionais modernos - 3. ed. / 2010,0,0,0,0,0,0,0,0,0,0,0,0,0,0,0,0,0,0,0,0,0,0,0,0,0,0,1,0,0,0,0,0,0,0,0,0,0,0,0,0,0,0,0,0,0,0,0,0
005.43,117481,14160958,Sistemas operacionais - 4. ed. / 2010,0,0,0,0,0,0,0,0,0,0,0,0,0,0,0,0,0,0,0,0,0,0,0,0,0,0,0,0,0,0,0,0,0,0,2,0,0,0,0,1,0,0,0,0,1,0,0,0
005.43,117481,14160959,Sistemas operacionais - 4. ed. / 2010,0,0,0,0,0,0,0,0,0,0,0,0,0,0,0,0,0,0,0,0,0,0,0,0,0,0,0,0,0,0,0,0,0,0,2,1,0,0,0,1,0,0,0,0,0,0,0,0
005.43,127106,14161080,Fundamentos de sistemas operacionais - 8. ed. / 2010,0,0,0,0,1,1,0,1,1,1,0,0,0,0,0,0,0,0,0,0,0,0,0,0,0,1,1,0,0,0,0,1,0,0,0,0,0,0,0,0,0,0,0,0,0,0,0,0
005.43,127106,14161071,Fundamentos de sistemas operacionais - 8. ed. / 2010,1,1,1,1,1,0,0,0,0,0,0,0,0,0,0,0,0,0,0,0,0,0,0,0,0,0,0,0,0,0,0,0,0,0,0,0,0,0,0,0,0,0,0,0,0,0,0,0
005.43,127106,14161078,Fundamentos de sistemas operacionais - 8. ed. / 2010,0,0,0,0,1,1,1,1,1,0,0,0,0,0,0,0,0,0,0,0,0,0,0,0,0,0,0,0,0,0,0,0,0,0,0,0,0,0,0,0,0,0,0,0,0,0,0,0
005.43,127106,14161127,Fundamentos de sistemas operacionais - 8. ed. / 2010,0,0,0,0,0,0,0,0,0,0,0,0,0,0,0,0,0,0,0,0,0,0,0,0,0,0,0,0,0,0,0,0,0,0,0,0,0,0,0,0,0,0,0,0,2,1,1,1
005.43,127106,14161112,Fundamentos de sistemas operacionais - 8. ed. / 2010,0,0,0,0,0,0,0,1,1,0,0,0,0,0,0,0,0,0,0,0,0,0,0,0,0,0,0,0,0,0,0,0,0,0,0,0,0,0,0,0,0,0,0,0,1,0,0,0
005.43,127106,14161123,Fundamentos de sistemas operacionais - 8. ed. / 2010,0,0,1,1,1,0,0,0,0,0,0,0,0,0,0,0,0,0,0,0,0,0,0,0,0,0,0,0,0,0,0,0,0,0,0,0,0,0,0,0,0,0,0,0,0,0,0,0
005.43,127106,14161125,Fundamentos de sistemas operacionais - 8. ed. / 2010,0,0,0,0,0,0,0,0,0,0,0,0,0,0,0,0,0,0,0,0,0,0,0,0,0,0,0,0,0,0,0,0,0,0,1,1,1,0,0,0,0,0,0,0,0,0,0,0
005.43,127106,14161085,Fundamentos de sistemas operacionais - 8. ed. / 2010,0,0,0,0,0,0,0,0,0,0,0,0,0,0,0,0,0,1,0,0,0,0,0,0,0,1,0,0,0,0,0,0,0,0,0,0,0,0,0,0,0,0,0,0,0,0,0,0
005.43,127106,14161124,Fundamentos de sistemas operacionais - 8. ed. / 2010,0,0,0,0,0,0,0,0,0,0,0,0,0,0,0,0,0,0,0,0,0,0,0,0,0,0,0,0,0,0,0,0,0,0,0,1,1,0,0,0,0,0,0,0,0,0,0,0
005.43,127106,14161131,Fundamentos de sistemas operacionais - 8. ed. / 2010,0,0,0,0,2,0,0,0,0,0,0,0,0,0,0,0,0,0,0,0,0,0,0,0,0,0,0,0,0,0,0,0,0,0,0,0,0,0,0,0,0,0,0,0,0,0,0,0
005.43,127106,14161077,Fundamentos de sistemas operacionais - 8. ed. / 2010,0,0,0,0,0,0,0,0,0,0,0,0,0,0,0,0,0,0,0,0,0,0,0,0,0,0,0,0,0,0,0,0,0,0,0,0,0,1,0,0,0,0,0,0,0,0,0,0
005.43,127106,14161090,Fundamentos de sistemas operacionais - 8. ed. / 2010,0,0,0,0,1,0,0,0,0,0,0,0,0,0,0,0,0,0,0,0,0,0,0,0,0,0,0,0,0,0,0,0,0,0,0,0,0,0,0,0,0,0,0,0,0,0,0,0
005.43,127106,14161128,Fundamentos de sistemas operacionais - 8. ed. / 2010,0,0,0,0,0,0,0,0,0,0,0,0,0,0,0,0,0,0,0,0,0,0,0,0,0,0,0,0,0,0,0,0,0,0,0,0,0,0,0,0,0,0,0,0,1,0,0,0
005.43,149776,14149441,Arquitetura de sistemas operacionais - 5. ed. / 2013,1,1,0,0,0,0,0,0,0,0,0,0,0,0,0,0,0,0,0,0,0,0,0,0,0,0,0,0,0,0,0,0,0,0,1,0,0,0,0,0,0,0,0,0,0,0,0,0
54.476,89372,14155639,Sistemas distribuídos : princípios e paradigmas - 2. ed. / 2007,0,0,0,0,0,0,0,1,1,1,1,1,0,0,1,1,1,1,0,0,0,0,0,0,0,0,0,0,0,0,0,0,0,1,1,1,0,0,0,0,0,0,0,0,0,0,0,0
54.476,89372,14155616,Sistemas distribuídos : princípios e paradigmas - 2. ed. / 2007,0,0,0,0,0,0,0,1,2,0,0,0,0,0,0,0,0,0,0,0,0,0,0,0,0,1,0,1,0,0,0,1,0,0,0,0,0,0,0,0,0,0,0,0,1,1,1,0
54.476,89372,14155618,Sistemas distribuídos : princípios e paradigmas - 2. ed. / 2007,0,0,0,0,0,0,0,0,0,0,0,0,0,0,0,0,0,0,0,1,1,1,1,0,0,0,0,0,0,0,0,0,0,1,1,1,1,1,0,0,0,0,0,0,0,0,0,0
54.476,89372,14155636,Sistemas distribuídos : princípios e paradigmas - 2. ed. / 2007,0,0,0,0,0,0,0,1,1,1,0,0,0,0,0,0,0,0,0,0,0,0,0,0,0,0,0,0,0,0,1,1,1,1,0,0,0,0,0,0,0,0,0,0,0,0,0,0
54.476,89372,14155620,Sistemas distribuídos : princípios e paradigmas - 2. ed. / 2007,0,0,1,1,1,1,1,0,1,0,0,0,0,0,0,0,0,0,0,0,0,0,0,0,0,0,0,0,0,0,0,0,0,0,0,0,0,0,0,0,0,0,0,0,0,0,0,0
54.476,89372,14155617,Sistemas distribuídos : princípios e paradigmas - 2. ed. / 2007,0,0,0,0,0,0,0,0,0,0,0,0,0,0,1,1,1,0,0,1,1,0,0,0,0,0,0,0,0,0,0,0,0,0,0,0,0,0,0,0,0,0,0,0,0,0,0,0
54.476,89372,14155640,Sistemas distribuídos : princípios e paradigmas - 2. ed. / 2007,0,0,0,0,0,0,0,0,0,0,1,0,0,0,0,0,1,1,0,1,0,0,0,0,0,0,0,0,0,0,1,0,0,0,0,0,0,0,0,0,0,0,0,0,0,0,0,0
54.476,89372,14155606,Sistemas distribuídos : princípios e paradigmas - 2. ed. / 2007,0,0,0,0,0,0,0,0,0,0,0,0,0,0,0,0,1,0,0,1,1,1,0,0,0,0,0,0,0,0,0,0,0,0,0,0,0,0,0,0,0,0,0,0,0,0,0,0
54.476,89372,14155610,Sistemas distribuídos : princípios e paradigmas - 2. ed. / 2007,0,0,0,0,0,0,0,0,0,0,1,0,0,0,1,1,1,0,0,0,0,0,0,0,0,0,0,0,0,0,0,0,0,0,0,0,0,0,0,0,0,0,0,0,0,0,0,0
54.476,89372,14155604,Sistemas distribuídos : princípios e paradigmas - 2. ed. / 2007,0,0,0,0,0,0,0,0,0,0,0,0,0,0,1,1,1,0,0,0,0,0,0,0,0,0,0,0,0,0,0,0,0,0,0,0,0,0,0,0,0,0,0,0,0,0,0,0
54.476,89372,14155613,Sistemas distribuídos : princípios e paradigmas - 2. ed. / 2007,0,0,1,1,0,0,0,1,0,0,0,0,0,0,0,0,0,0,0,0,0,0,0,0,0,0,0,0,0,0,0,0,0,0,0,0,0,0,0,0,0,0,0,0,0,0,0,0
54.476,89372,14155631,Sistemas distribuídos : princípios e paradigmas - 2. ed. / 2007,0,0,0,0,0,0,0,1,1,1,0,0,0,0,0,0,0,0,0,0,0,0,0,0,0,0,0,0,0,0,0,0,0,0,0,0,0,0,0,0,0,0,0,0,0,0,0,0
54.476,89372,14155643,Sistemas distribuídos : princípios e paradigmas - 2. ed. / 2007,0,0,0,0,0,0,0,1,1,1,0,0,0,0,0,0,0,0,0,0,0,0,0,0,0,0,0,0,0,0,0,0,0,0,0,0,0,0,0,0,0,0,0,0,0,0,0,0
54.476,89372,14155644,Sistemas distribuídos : princípios e paradigmas - 2. ed. / 2007,0,0,0,0,0,0,0,0,0,0,0,0,0,0,0,0,0,0,0,0,2,1,0,0,0,0,0,0,0,0,0,0,0,0,0,0,0,0,0,0,0,0,0,0,0,0,0,0
54.476,89372,14155649,Sistemas distribuídos : princípios e paradigmas - 2. ed. / 2007,0,0,0,0,0,0,0,1,1,1,0,0,0,0,0,0,0,0,0,0,0,0,0,0,0,0,0,0,0,0,0,0,0,0,0,0,0,0,0,0,0,0,0,0,0,0,0,0
54.476,89372,14155608,Sistemas distribuídos : princípios e paradigmas - 2. ed. / 2007,0,0,0,0,0,0,0,0,0,0,0,0,0,0,0,0,0,0,0,0,0,0,0,0,0,0,0,0,0,0,0,0,0,1,1,0,0,0,0,0,0,0,0,0,0,0,0,0
54.476,89372,14155614,Sistemas distribuídos : princípios e paradigmas - 2. ed. / 2007,0,0,0,0,0,0,0,0,0,0,0,0,0,0,0,0,0,0,0,0,0,0,0,0,0,1,0,0,0,0,0,0,0,0,0,0,0,0,0,0,0,0,0,0,0,0,0,0
54.476,89372,14155630,Sistemas distribuídos : princípios e paradigmas - 2. ed. / 2007,0,0,0,0,0,0,0,0,0,0,0,0,0,0,0,0,0,0,0,0,0,0,1,0,0,0,0,0,0,0,0,0,0,0,0,0,0,0,0,0,0,0,0,0,0,0,0,0
54.476,89372,14155634,Sistemas distribuídos : princípios e paradigmas - 2. ed. / 2007,0,0,0,0,0,0,0,0,0,0,0,0,0,0,0,0,0,0,0,1,0,0,0,0,0,0,0,0,0,0,0,0,0,0,0,0,0,0,0,0,0,0,0,0,0,0,0,0
54.476,89372,14155648,Sistemas distribuídos : princípios e paradigmas - 2. ed. / 2007,0,0,0,0,0,0,0,0,0,0,0,0,0,0,0,0,0,0,0,0,0,0,0,0,0,0,0,0,0,0,0,0,0,0,0,0,0,0,0,0,0,0,0,0,0,1,0,0
5.453,98698,14158639,"Compiladores : príncípios, técnicas e ferramentas - 2. ed. / 2007",0,0,0,2,1,1,1,1,1,1,1,0,0,0,1,1,1,1,0,1,1,0,0,0,0,0,0,0,0,0,0,0,0,0,0,0,0,0,0,0,0,0,0,0,2,1,1,1
5.453,98698,14158622,"Compiladores : príncípios, técnicas e ferramentas - 2. ed. / 2007",0,0,0,0,0,0,2,1,1,1,0,0,0,0,1,1,0,0,0,1,1,1,1,0,0,0,0,0,0,0,0,0,0,0,0,0,2,2,0,0,0,0,0,0,0,0,0,0
5.453,98698,14158637,"Compiladores : príncípios, técnicas e ferramentas - 2. ed. / 2007",0,0,0,1,0,0,0,1,1,1,1,1,0,0,1,1,1,1,0,1,1,1,0,0,0,0,0,0,0,0,0,1,0,0,0,0,0,0,0,0,0,0,0,0,0,0,0,0
5.453,98698,14158629,"Compiladores : príncípios, técnicas e ferramentas - 2. ed. / 2007",0,0,0,0,0,0,0,1,1,1,0,0,0,0,1,0,0,0,0,1,1,1,1,1,0,0,1,0,0,0,0,1,1,0,0,0,0,0,0,0,0,0,0,0,0,0,0,0
5.453,98698,14158625,"Compiladores : príncípios, técnicas e ferramentas - 2. ed. / 2007",0,0,1,1,1,1,1,2,1,1,0,0,0,0,1,0,0,0,0,1,0,0,0,0,0,0,0,0,0,0,0,0,0,0,0,0,0,0,0,0,0,0,0,0,0,0,0,0
5.453,98698,14158623,"Compiladores : príncípios, técnicas e ferramentas - 2. ed. / 2007",0,0,0,0,0,0,0,1,1,1,1,0,0,0,1,0,0,0,0,1,1,1,1,0,0,0,0,0,0,0,0,0,0,0,0,0,0,0,0,0,0,0,0,0,0,0,0,0
5.453,98698,14158632,"Compiladores : príncípios, técnicas e ferramentas - 2. ed. / 2007",0,0,0,1,1,1,1,1,1,1,0,0,0,0,0,0,0,0,0,1,0,0,0,0,0,0,0,0,0,0,0,0,0,0,0,0,0,0,0,0,0,0,0,0,0,0,0,0
5.453,98698,14188551,"Compiladores : príncípios, técnicas e ferramentas - 2. ed. / 2007",0,0,0,0,0,0,0,1,1,0,0,0,0,0,0,0,0,0,0,1,1,1,0,0,0,0,0,0,0,0,0,0,0,0,0,0,0,0,0,0,0,0,0,0,1,0,1,1
5.453,98698,14188553,"Compiladores : príncípios, técnicas e ferramentas - 2. ed. / 2007",0,0,0,0,0,0,0,0,1,0,0,0,0,0,0,0,0,0,0,0,0,0,0,0,0,1,0,1,0,0,0,1,1,1,0,1,1,0,0,0,0,0,0,0,0,0,0,0
5.453,98698,14158636,"Compiladores : príncípios, técnicas e ferramentas - 2. ed. / 2007",0,0,0,0,0,0,0,1,1,1,1,1,0,1,1,0,0,0,0,0,0,0,0,0,0,0,0,0,0,0,0,0,0,0,0,0,0,0,0,0,0,0,0,0,0,0,0,0
5.453,98698,14158638,"Compiladores : príncípios, técnicas e ferramentas - 2. ed. / 2007",0,0,1,1,1,1,1,1,1,0,0,0,0,0,0,0,0,0,0,0,0,0,0,0,0,0,0,0,0,0,0,0,0,0,0,0,0,0,0,0,0,0,0,0,0,0,0,0
5.453,98698,14158624,"Compiladores : príncípios, técnicas e ferramentas - 2. ed. / 2007",0,0,0,0,0,0,0,0,1,1,0,0,0,0,1,1,1,0,0,1,0,0,0,0,0,0,0,0,0,0,0,0,0,0,0,0,0,0,0,0,0,0,0,0,0,0,0,0
5.453,98698,14188554,"Compiladores : príncípios, técnicas e ferramentas - 2. ed. / 2007",0,0,0,0,0,0,0,0,0,0,0,0,0,0,0,0,1,1,0,1,1,1,0,0,0,0,0,0,0,0,0,0,0,0,0,0,0,0,0,0,0,0,0,0,0,0,0,0
5.453,98698,14188555,"Compiladores : príncípios, técnicas e ferramentas - 2. ed. / 2007",0,0,0,0,0,0,0,1,1,1,1,0,0,0,1,0,0,0,0,0,0,0,0,0,0,0,0,0,0,0,0,0,0,0,0,0,0,0,0,0,0,0,0,0,0,0,0,0
5.453,98698,14158635,"Compiladores : príncípios, técnicas e ferramentas - 2. ed. / 2007",0,0,0,0,0,0,0,0,0,0,0,0,0,0,0,0,1,0,0,1,1,1,0,0,0,0,0,0,0,0,0,0,0,0,0,0,0,0,0,0,0,0,0,0,0,0,0,0
5.453,98698,14188552,"Compiladores : príncípios, técnicas e ferramentas - 2. ed. / 2007",0,0,0,0,0,0,0,0,0,0,0,0,0,0,0,0,0,0,0,1,1,1,0,0,0,0,0,0,0,0,0,0,0,0,0,0,0,0,0,0,0,0,0,0,0,0,0,0
5.453,98698,14158631,"Compiladores : príncípios, técnicas e ferramentas - 2. ed. / 2007",0,0,0,0,0,0,0,0,0,0,0,0,0,0,0,0,0,0,0,1,1,0,0,0,0,0,0,0,0,0,0,0,0,0,0,0,0,0,0,0,0,0,0,0,0,0,0,0
005.72,107668,14181026,Usabilidade na web / 2007,0,0,0,0,0,0,0,0,1,1,1,1,0,1,1,0,0,0,0,0,0,0,0,0,0,0,0,0,0,0,1,1,0,0,0,0,0,0,0,0,0,0,0,0,0,0,0,0
005.72,107668,14181027,Usabilidade na web / 2007,0,0,0,0,0,0,0,1,1,1,0,0,0,0,0,0,0,0,0,0,0,0,0,0,0,0,0,0,0,0,0,0,0,0,0,0,0,0,0,0,0,0,0,0,0,0,0,0
005.73,87872,14180538,Introdução a estruturas de dados : com técnicas de programação em C / 2004,0,0,1,1,1,1,2,1,1,1,1,1,0,0,1,0,1,0,1,0,0,0,0,0,0,1,0,0,0,0,0,0,1,1,0,0,0,0,0,0,0,0,0,0,0,0,0,0
005.73,87872,14180546,Introdução a estruturas de dados : com técnicas de programação em C / 2004,0,0,0,0,0,0,0,0,0,0,0,0,0,0,1,1,1,1,1,1,1,1,1,1,0,0,1,0,0,0,0,1,1,1,1,0,0,0,0,0,0,0,0,0,0,0,0,0
005.73,87872,14180560,Introdução a estruturas de dados : com técnicas de programação em C / 2004,1,1,0,1,0,0,0,0,0,0,0,0,0,0,0,0,0,0,0,0,0,0,0,0,0,0,0,0,0,0,0,0,1,0,0,2,2,0,0,0,1,2,0,0,0,0,0,0
005.73,87872,14180563,Introdução a estruturas de dados : com técnicas de programação em C / 2004,0,0,0,2,1,1,0,0,0,0,0,0,0,0,0,0,0,0,0,0,0,0,0,0,0,1,0,0,0,0,0,2,0,1,1,1,0,0,0,0,0,0,0,0,0,0,0,0
005.73,87872,14180549,Introdução a estruturas de dados : com técnicas de programação em C / 2004,0,0,0,0,0,0,0,0,0,0,0,0,0,0,0,0,1,2,0,0,0,0,0,1,0,0,1,0,0,0,0,0,0,0,0,0,0,0,0,0,1,1,1,0,0,0,1,0
005.73,87872,14180534,Introdução a estruturas de dados : com técnicas de programação em C / 2004,1,1,1,1,1,1,0,0,0,1,0,0,0,0,0,0,0,0,0,0,0,0,0,0,0,0,0,0,0,0,0,0,0,0,0,0,0,0,0,0,1,0,0,0,0,0,0,0
005.73,87872,14180559,Introdução a estruturas de dados : com técnicas de programação em C / 2004,0,0,0,1,0,2,1,1,0,0,0,0,0,0,1,0,1,1,0,0,0,0,0,0,0,0,0,0,0,0,0,0,0,0,0,0,0,0,0,0,0,0,0,0,0,0,0,0
005.73,87872,14180564,Introdução a estruturas de dados : com técnicas de programação em C / 2004,0,0,0,1,0,0,0,0,0,0,0,0,0,0,0,0,0,0,0,0,0,0,0,0,0,0,0,0,0,0,0,0,0,2,1,1,1,1,0,1,0,0,0,0,0,0,0,0
005.73,87872,14180539,Introdução a estruturas de dados : com técnicas de programação em C / 2004,0,0,0,0,0,0,0,1,1,1,1,1,0,0,1,0,0,0,0,0,0,0,0,0,0,0,0,0,0,0,0,0,0,0,0,0,0,0,0,0,0,0,0,0,1,0,0,0
005.73,87872,14180541,Introdução a estruturas de dados : com técnicas de programação em C / 2004,0,0,0,0,0,0,0,0,0,0,0,0,0,0,0,0,0,0,0,0,0,1,2,0,0,0,0,0,0,0,0,0,0,0,0,0,0,0,0,0,0,0,0,0,1,1,0,1
005.73,87872,14180555,Introdução a estruturas de dados : com técnicas de programação em C / 2004,0,0,0,0,0,0,0,0,0,0,1,0,0,0,0,0,0,0,0,0,0,0,1,1,0,0,1,0,0,0,0,1,0,0,0,0,0,0,0,0,1,0,0,0,0,0,0,0
005.73,87872,14180561,Introdução a estruturas de dados : com técnicas de programação em C / 2004,1,1,1,0,0,0,0,0,0,0,0,0,0,0,0,0,0,0,0,0,1,1,1,0,0,0,0,0,0,0,0,0,0,0,0,0,0,0,0,0,0,0,0,0,0,0,0,0
005.73,87872,14180531,Introdução a estruturas de dados : com técnicas de programação em C / 2004,1,1,1,1,1,0,0,0,0,0,0,0,0,0,0,0,0,0,0,0,0,0,0,0,0,0,0,0,0,0,0,0,0,0,0,0,0,0,0,0,0,0,0,0,0,0,0,0
005.73,87872,14180535,Introdução a estruturas de dados : com técnicas de programação em C / 2004,2,0,1,1,1,0,0,0,0,0,0,0,0,0,0,0,0,0,0,0,0,0,0,0,0,0,0,0,0,0,0,0,0,0,0,0,0,0,0,0,0,0,0,0,0,0,0,0
005.73,87872,14180543,Introdução a estruturas de dados : com técnicas de programação em C / 2004,0,0,0,0,0,0,0,1,2,0,0,0,0,0,0,0,0,0,0,0,0,1,1,0,0,0,0,0,0,0,0,0,0,0,0,0,0,0,0,0,0,0,0,0,0,0,0,0
005.73,87872,14180553,Introdução a estruturas de dados : com técnicas de programação em C / 2004,0,0,0,1,0,0,0,1,1,2,0,0,0,0,0,0,0,0,0,0,0,0,0,0,0,0,0,0,0,0,0,0,0,0,0,0,0,0,0,0,0,0,0,0,0,0,0,0
005.73,87872,14180556,Introdução a estruturas de dados : com técnicas de programação em C / 2004,0,0,0,0,0,0,0,0,0,0,0,1,0,0,2,1,1,0,0,0,0,0,0,0,0,0,0,0,0,0,0,0,0,0,0,0,0,0,0,0,0,0,0,0,0,0,0,0
005.73,87872,14180571,Introdução a estruturas de dados : com técnicas de programação em C / 2004,0,0,0,0,0,0,0,1,1,0,0,0,0,0,1,1,0,0,1,0,0,0,0,0,0,0,0,0,0,0,0,0,0,0,0,0,0,0,0,0,0,0,0,0,0,0,0,0
005.73,87872,14180530,Introdução a estruturas de dados : com técnicas de programação em C / 2004,1,1,0,1,0,0,0,0,0,0,0,0,0,0,0,0,0,0,0,0,0,0,0,0,0,1,0,0,0,0,0,0,0,0,0,0,0,0,0,0,0,0,0,0,0,0,0,0
005.73,87872,14180532,Introdução a estruturas de dados : com técnicas de programação em C / 2004,0,0,1,1,1,1,0,0,0,0,0,0,0,0,0,0,0,0,0,0,0,0,0,0,0,0,0,0,0,0,0,0,0,0,0,0,0,0,0,0,0,0,0,0,0,0,0,0
005.73,87872,14180537,Introdução a estruturas de dados : com técnicas de programação em C / 2004,0,0,1,0,1,0,0,0,1,1,0,0,0,0,0,0,0,0,0,0,0,0,0,0,0,0,0,0,0,0,0,0,0,0,0,0,0,0,0,0,0,0,0,0,0,0,0,0
005.73,87872,14180547,Introdução a estruturas de dados : com técnicas de programação em C / 2004,0,0,0,0,0,0,0,0,0,0,0,0,0,0,1,0,0,0,0,0,0,0,0,0,0,0,0,0,0,0,0,0,0,0,0,0,0,0,0,0,0,0,0,0,1,0,1,1
005.73,87872,14180551,Introdução a estruturas de dados : com técnicas de programação em C / 2004,0,0,1,1,0,0,0,0,0,0,0,0,0,0,0,0,0,0,0,0,0,0,0,0,0,0,0,0,0,0,0,0,0,0,0,0,0,0,0,0,1,0,0,0,0,0,1,0
005.73,87872,14180554,Introdução a estruturas de dados : com técnicas de programação em C / 2004,0,0,0,0,0,0,0,0,0,0,0,0,0,0,0,0,0,0,0,0,0,0,0,0,0,0,0,0,0,0,0,0,0,0,0,0,0,0,0,0,0,0,0,0,2,1,1,0
005.73,87872,14180558,Introdução a estruturas de dados : com técnicas de programação em C / 2004,0,0,0,0,0,0,0,0,0,1,1,1,0,0,0,0,1,0,0,0,0,0,0,0,0,0,0,0,0,0,0,0,0,0,0,0,0,0,0,0,0,0,0,0,0,0,0,0
005.73,87872,14180567,Introdução a estruturas de dados : com técnicas de programação em C / 2004,1,1,1,1,0,0,0,0,0,0,0,0,0,0,0,0,0,0,0,0,0,0,0,0,0,0,0,0,0,0,0,0,0,0,0,0,0,0,0,0,0,0,0,0,0,0,0,0
005.73,87872,14180542,Introdução a estruturas de dados : com técnicas de programação em C / 2004,0,0,0,0,0,0,0,0,0,0,0,0,0,0,0,0,0,0,0,0,0,0,0,0,0,0,0,0,0,0,0,0,0,0,0,0,0,0,0,1,0,2,0,0,0,0,0,0
005.73,87872,14180562,Introdução a estruturas de dados : com técnicas de programação em C / 2004,0,0,0,0,0,0,0,0,0,0,0,0,0,0,0,0,0,0,0,0,0,0,0,0,0,0,0,0,0,0,0,0,0,0,0,0,0,1,0,0,1,0,0,0,0,0,0,0
005.73,87872,14180544,Introdução a estruturas de dados : com técnicas de programação em C / 2004,0,0,0,0,0,0,0,0,0,0,0,0,0,0,1,0,0,0,0,0,0,0,0,0,0,0,0,0,0,0,0,0,0,0,0,0,0,0,0,0,0,0,0,0,0,0,0,0
005.73,87872,14180545,Introdução a estruturas de dados : com técnicas de programação em C / 2004,0,0,0,1,0,0,0,0,0,0,0,0,0,0,0,0,0,0,0,0,0,0,0,0,0,0,0,0,0,0,0,0,0,0,0,0,0,0,0,0,0,0,0,0,0,0,0,0
005.73,87872,14180548,Introdução a estruturas de dados : com técnicas de programação em C / 2004,0,0,1,0,0,0,0,0,0,0,0,0,0,0,0,0,0,0,0,0,0,0,0,0,0,0,0,0,0,0,0,0,0,0,0,0,0,0,0,0,0,0,0,0,0,0,0,0
005.73,87872,14180557,Introdução a estruturas de dados : com técnicas de programação em C / 2004,0,0,0,0,0,1,0,0,0,0,0,0,0,0,0,0,0,0,0,0,0,0,0,0,0,0,0,0,0,0,0,0,0,0,0,0,0,0,0,0,0,0,0,0,0,0,0,0
005.73,87872,14180569,Introdução a estruturas de dados : com técnicas de programação em C / 2004,0,0,0,0,0,0,0,0,0,1,0,0,0,0,0,0,0,0,0,0,0,0,0,0,0,0,0,0,0,0,0,0,0,0,0,0,0,0,0,0,0,0,0,0,0,0,0,0
005.73,127881,14148759,Estruturas de dados e seus algoritmos - 3. ed. / 2010,1,1,1,0,0,0,0,1,1,1,1,1,0,0,1,1,1,0,0,1,1,1,1,1,0,0,1,0,0,0,0,1,1,0,0,0,0,0,0,1,1,0,1,0,1,0,2,2
005.73,127881,14148775,Estruturas de dados e seus algoritmos - 3. ed. / 2010,0,0,1,1,1,1,1,1,1,1,1,1,0,0,1,1,1,1,1,1,0,0,0,0,0,0,0,0,0,0,0,0,0,0,0,0,1,0,0,0,0,0,1,0,0,0,0,2
005.73,127881,14148767,Estruturas de dados e seus algoritmos - 3. ed. / 2010,1,1,1,1,1,1,2,1,1,1,0,0,0,0,0,0,1,1,0,1,1,0,0,0,0,0,0,0,0,0,0,0,0,0,0,0,0,0,0,1,0,0,1,0,1,0,0,0
005.73,127881,14148785,Estruturas de dados e seus algoritmos - 3. ed. / 2010,0,0,1,1,2,1,1,1,1,1,1,0,0,0,1,0,2,1,0,1,1,0,0,0,0,0,0,0,0,0,0,0,0,0,0,0,0,0,0,0,0,0,0,0,0,0,1,0
005.73,127881,14148762,Estruturas de dados e seus algoritmos - 3. ed. / 2010,0,0,0,0,1,0,0,0,0,0,0,0,0,0,0,0,0,0,0,1,1,0,0,0,0,1,0,0,0,0,0,1,1,0,1,1,1,0,0,0,2,1,1,0,1,1,1,0
005.73,127881,14148770,Estruturas de dados e seus algoritmos - 3. ed. / 2010,0,0,1,1,1,1,1,1,0,1,1,0,0,0,0,1,1,2,0,0,1,2,1,0,0,0,0,0,0,0,0,0,0,0,0,0,0,0,0,0,0,0,0,0,0,0,0,0
005.73,127881,14148803,Estruturas de dados e seus algoritmos - 3. ed. / 2010,0,0,1,1,1,1,1,1,1,1,0,0,0,0,1,1,1,1,0,1,0,0,0,0,0,0,0,0,0,0,0,0,0,0,0,0,0,0,0,0,0,0,0,0,0,0,0,0
005.73,127881,14148763,Estruturas de dados e seus algoritmos - 3. ed. / 2010,0,0,0,0,0,0,0,1,1,1,1,1,0,0,0,0,0,0,0,0,0,0,0,0,0,1,0,1,0,1,0,1,1,1,1,0,0,0,0,0,0,0,0,0,0,0,0,0
005.73,127881,14148805,Estruturas de dados e seus algoritmos - 3. ed. / 2010,0,0,0,0,0,0,0,0,0,0,0,1,0,0,1,1,1,1,0,0,1,1,1,0,0,1,0,1,0,0,0,1,1,0,0,0,0,0,0,0,0,0,0,0,0,0,0,0
005.73,127881,14148764,Estruturas de dados e seus algoritmos - 3. ed. / 2010,0,0,0,0,1,1,1,0,0,2,0,0,0,0,0,0,0,0,0,0,0,0,0,0,0,0,0,0,0,0,1,0,1,1,1,1,1,0,0,0,0,0,0,0,0,0,0,0
005.73,127881,14148799,Estruturas de dados e seus algoritmos - 3. ed. / 2010,0,0,1,1,1,2,1,2,1,1,0,0,0,0,0,0,0,0,0,1,0,0,0,0,0,0,0,0,0,0,0,0,0,0,0,0,0,0,0,0,0,0,0,0,0,0,0,0
005.73,127881,14148808,Estruturas de dados e seus algoritmos - 3. ed. / 2010,0,0,0,0,1,0,0,0,0,0,0,0,0,0,0,0,0,1,0,1,1,2,1,0,0,1,0,1,0,0,0,0,2,0,0,0,0,0,0,0,0,0,0,0,0,0,0,0
005.73,127881,14148777,Estruturas de dados e seus algoritmos - 3. ed. / 2010,0,0,1,0,1,0,0,0,0,2,1,1,0,0,1,1,1,1,0,0,0,0,0,0,0,0,0,0,0,0,0,0,0,0,0,0,0,0,0,0,0,0,0,0,0,0,0,0
005.73,127881,14148757,Estruturas de dados e seus algoritmos - 3. ed. / 2010,0,0,0,0,0,0,0,0,0,1,0,0,0,0,0,0,0,0,1,1,1,1,1,1,0,0,1,0,1,0,0,0,0,0,0,0,0,0,0,0,0,0,0,0,0,0,0,0
005.73,127881,14148800,Estruturas de dados e seus algoritmos - 3. ed. / 2010,1,1,2,0,0,0,0,0,0,0,0,0,0,0,1,1,0,0,0,1,2,0,0,0,0,0,0,0,0,0,0,0,0,0,0,0,0,0,0,0,0,0,0,0,0,0,0,0
005.73,127881,14148806,Estruturas de dados e seus algoritmos - 3. ed. / 2010,0,0,1,0,0,2,1,0,0,0,0,0,0,0,0,0,0,0,0,0,0,0,0,0,0,0,0,0,0,0,0,0,0,0,0,0,0,0,0,0,0,0,0,0,1,1,1,1
005.73,127881,14148774,Estruturas de dados e seus algoritmos - 3. ed. / 2010,0,0,0,0,0,0,0,0,0,2,0,0,0,0,0,0,0,0,0,0,0,0,0,0,0,0,0,0,0,0,0,0,0,1,0,0,0,0,0,0,0,0,0,0,1,1,1,1
005.73,127881,14148787,Estruturas de dados e seus algoritmos - 3. ed. / 2010,0,0,0,0,0,0,0,1,1,2,0,0,0,0,1,0,0,0,0,1,1,0,0,0,0,0,0,0,0,0,0,0,0,0,0,0,0,0,0,0,0,0,0,0,0,0,0,0
005.73,127881,14148791,Estruturas de dados e seus algoritmos - 3. ed. / 2010,0,0,0,1,2,0,0,0,0,0,0,0,0,0,0,0,0,1,0,0,1,1,0,0,0,0,0,0,0,0,0,0,0,0,0,1,0,0,0,0,0,0,0,0,0,0,0,0
005.73,127881,14148802,Estruturas de dados e seus algoritmos - 3. ed. / 2010,0,0,1,0,1,0,1,1,1,1,0,0,0,0,0,0,0,0,0,0,0,0,0,0,0,0,0,0,0,0,0,0,0,0,0,0,0,0,0,0,0,0,0,0,0,0,1,0
005.73,127881,14148781,Estruturas de dados e seus algoritmos - 3. ed. / 2010,0,0,0,0,0,0,0,0,0,0,0,0,0,0,0,0,0,0,0,1,1,1,1,0,0,0,1,0,0,0,1,0,0,0,0,0,0,0,0,0,0,0,0,0,0,0,0,0
005.73,127881,14148782,Estruturas de dados e seus algoritmos - 3. ed. / 2010,0,0,0,0,0,0,0,1,1,1,1,1,0,0,1,0,0,0,0,0,0,0,0,0,0,0,0,0,0,0,0,0,0,0,0,0,0,0,0,0,0,0,0,0,0,0,0,0
005.73,127881,14148783,Estruturas de dados e seus algoritmos - 3. ed. / 2010,2,0,2,1,1,0,0,0,0,0,0,0,0,0,0,0,0,0,0,0,0,0,0,0,0,0,0,0,0,0,0,0,0,0,0,0,0,0,0,0,0,0,0,0,0,0,0,0
005.73,127881,14148784,Estruturas de dados e seus algoritmos - 3. ed. / 2010,0,0,1,0,0,0,1,2,0,1,0,0,0,0,0,0,0,0,0,0,0,0,0,0,0,1,0,0,0,0,0,0,0,0,0,0,0,0,0,0,0,0,0,0,0,0,0,0
005.73,127881,14148797,Estruturas de dados e seus algoritmos - 3. ed. / 2010,0,0,1,0,0,0,0,0,0,0,0,0,0,0,0,0,0,0,0,0,0,0,0,0,0,0,0,0,0,0,0,0,0,0,0,0,0,0,0,0,0,0,0,0,2,1,1,1
005.73,127881,14148798,Estruturas de dados e seus algoritmos - 3. ed. / 2010,0,0,0,0,0,0,0,0,0,1,1,1,0,0,2,0,1,0,0,0,0,0,0,0,0,0,0,0,0,0,0,0,0,0,0,0,0,0,0,0,0,0,0,0,0,0,0,0
005.73,127881,14148758,Estruturas de dados e seus algoritmos - 3. ed. / 2010,0,0,0,0,0,0,0,0,0,1,0,0,0,0,1,1,0,1,0,0,0,0,0,0,0,0,0,0,0,0,0,0,0,0,0,0,0,0,0,0,0,1,0,0,0,0,0,0
005.73,127881,14148761,Estruturas de dados e seus algoritmos - 3. ed. / 2010,0,0,1,0,0,0,0,0,0,0,0,0,0,0,0,0,1,1,0,1,1,0,0,0,0,0,0,0,0,0,0,0,0,0,0,0,0,0,0,0,0,0,0,0,0,0,0,0
005.73,127881,14148776,Estruturas de dados e seus algoritmos - 3. ed. / 2010,0,0,0,0,0,0,0,0,0,0,0,0,0,0,0,0,0,0,0,1,1,2,1,0,0,0,0,0,0,0,0,0,0,0,0,0,0,0,0,0,0,0,0,0,0,0,0,0
005.73,127881,14148786,Estruturas de dados e seus algoritmos - 3. ed. / 2010,0,0,0,0,0,0,0,0,0,0,0,0,0,0,0,0,0,1,0,1,1,1,1,0,0,0,0,0,0,0,0,0,0,0,0,0,0,0,0,0,0,0,0,0,0,0,0,0
005.73,127881,14148790,Estruturas de dados e seus algoritmos - 3. ed. / 2010,0,0,0,1,0,0,0,0,0,0,0,0,0,0,1,1,0,0,0,1,1,0,0,0,0,0,0,0,0,0,0,0,0,0,0,0,0,0,0,0,0,0,0,0,0,0,0,0
005.73,127881,14148795,Estruturas de dados e seus algoritmos - 3. ed. / 2010,0,0,0,0,1,0,0,0,0,0,0,0,0,0,0,0,0,0,0,0,0,0,0,0,0,0,0,0,0,0,0,0,0,0,0,0,0,0,0,0,1,0,1,0,1,1,0,0
005.73,127881,14148760,Estruturas de dados e seus algoritmos - 3. ed. / 2010,0,0,0,1,0,0,0,0,0,0,0,0,0,0,0,0,0,0,0,0,0,0,0,0,0,0,1,0,0,0,1,1,0,0,0,0,0,0,0,0,0,0,0,0,0,0,0,0
005.73,127881,14148772,Estruturas de dados e seus algoritmos - 3. ed. / 2010,1,1,1,0,0,0,0,0,0,0,0,0,0,0,0,0,0,0,0,0,1,0,0,0,0,0,0,0,0,0,0,0,0,0,0,0,0,0,0,0,0,0,0,0,0,0,0,0
005.73,127881,14148789,Estruturas de dados e seus algoritmos - 3. ed. / 2010,0,0,0,0,0,0,0,0,0,0,0,0,0,0,0,0,0,0,0,0,0,0,0,0,0,1,1,0,0,0,0,1,1,0,0,0,0,0,0,0,0,0,0,0,0,0,0,0
005.73,127881,14148766,Estruturas de dados e seus algoritmos - 3. ed. / 2010,0,0,1,0,0,0,0,0,0,0,0,0,0,0,0,0,0,0,0,0,0,0,0,0,0,1,0,0,0,0,1,0,0,0,0,0,0,0,0,0,0,0,0,0,0,0,0,0
005.73,127881,14148779,Estruturas de dados e seus algoritmos - 3. ed. / 2010,0,0,0,0,0,0,0,0,0,0,0,0,0,0,0,0,0,1,0,1,1,0,0,0,0,0,0,0,0,0,0,0,0,0,0,0,0,0,0,0,0,0,0,0,0,0,0,0
005.73,127881,14148792,Estruturas de dados e seus algoritmos - 3. ed. / 2010,1,0,1,1,0,0,0,0,0,0,0,0,0,0,0,0,0,0,0,0,0,0,0,0,0,0,0,0,0,0,0,0,0,0,0,0,0,0,0,0,0,0,0,0,0,0,0,0
005.73,127881,14148794,Estruturas de dados e seus algoritmos - 3. ed. / 2010,0,0,0,0,0,0,0,1,1,0,0,0,0,0,1,0,0,0,0,0,0,0,0,0,0,0,0,0,0,0,0,0,0,0,0,0,0,0,0,0,0,0,0,0,0,0,0,0
005.73,127881,14148801,Estruturas de dados e seus algoritmos - 3. ed. / 2010,0,0,0,0,0,0,0,1,1,1,0,0,0,0,0,0,0,0,0,0,0,0,0,0,0,0,0,0,0,0,0,0,0,0,0,0,0,0,0,0,0,0,0,0,0,0,0,0
005.73,127881,14148769,Estruturas de dados e seus algoritmos - 3. ed. / 2010,0,0,0,0,0,0,0,0,0,0,0,0,0,0,0,0,0,0,0,0,0,0,0,0,0,0,1,0,0,0,0,1,0,0,0,0,0,0,0,0,0,0,0,0,0,0,0,0
005.73,127881,14148771,Estruturas de dados e seus algoritmos - 3. ed. / 2010,0,0,0,0,0,0,0,0,0,0,0,0,0,0,0,0,0,0,0,1,1,0,0,0,0,0,0,0,0,0,0,0,0,0,0,0,0,0,0,0,0,0,0,0,0,0,0,0
005.73,127881,14148793,Estruturas de dados e seus algoritmos - 3. ed. / 2010,0,0,1,0,1,0,0,0,0,0,0,0,0,0,0,0,0,0,0,0,0,0,0,0,0,0,0,0,0,0,0,0,0,0,0,0,0,0,0,0,0,0,0,0,0,0,0,0
005.73,127881,14148768,Estruturas de dados e seus algoritmos - 3. ed. / 2010,0,0,0,0,0,0,0,0,0,0,0,0,0,0,0,0,0,0,0,0,0,0,0,0,0,1,0,0,0,0,0,0,0,0,0,0,0,0,0,0,0,0,0,0,0,0,0,0
005.73,127881,14148773,Estruturas de dados e seus algoritmos - 3. ed. / 2010,0,0,0,0,1,0,0,0,0,0,0,0,0,0,0,0,0,0,0,0,0,0,0,0,0,0,0,0,0,0,0,0,0,0,0,0,0,0,0,0,0,0,0,0,0,0,0,0
005.73,127881,14148796,Estruturas de dados e seus algoritmos - 3. ed. / 2010,0,0,0,0,0,0,0,0,0,0,0,0,0,0,0,0,0,0,0,0,0,0,0,0,0,0,0,0,0,0,0,0,0,0,0,1,0,0,0,0,0,0,0,0,0,0,0,0
005.73,156032,14185931,Data structures and algorithms in Java - 6th ed. / 2014,0,0,1,1,2,1,1,1,0,0,0,1,1,0,1,0,0,0,0,0,0,0,0,0,0,1,0,0,0,0,0,0,0,0,0,0,0,0,0,0,0,0,1,0,1,0,0,0
005.73,157918,14187238,Data Structures and Algorithms Made Easy : Data Structure and Algorithmic Puzzles / 2015,0,0,1,0,0,0,0,0,0,1,1,0,0,0,0,0,0,0,0,0,0,1,1,0,0,0,0,0,0,0,0,0,0,0,1,0,0,0,0,0,0,0,0,0,0,0,0,0
005.74,84355,14181007,Introdução a sistemas de bancos de dados / 2004,0,0,0,1,0,0,0,0,0,0,0,0,0,0,0,0,1,1,0,1,1,1,0,0,0,0,0,0,0,0,0,0,0,0,0,0,0,0,0,1,1,0,0,0,0,0,0,0
005.74,84355,14181006,Introdução a sistemas de bancos de dados / 2004,0,0,0,1,0,0,0,0,0,0,0,0,0,0,1,0,0,0,0,0,0,0,0,0,0,0,0,0,0,0,0,0,0,0,0,0,0,0,0,0,0,0,0,0,0,0,0,0
005.74,135866,14185149,Sistema de banco de dados / 2012,0,0,0,1,0,0,0,1,1,2,0,0,0,0,0,0,2,1,1,0,0,0,0,0,0,0,0,0,0,0,0,0,0,0,0,0,0,0,0,0,0,0,0,0,0,0,0,0
005.74,135866,14185156,Sistema de banco de dados / 2012,0,0,1,1,0,1,1,1,1,0,0,0,0,0,0,0,0,0,0,0,0,0,0,0,0,0,0,0,0,0,0,0,0,0,0,0,0,0,0,0,0,0,0,0,0,0,0,0
005.74,135866,14185144,Sistema de banco de dados / 2012,0,0,1,1,1,0,0,0,0,0,0,0,0,0,0,0,0,0,0,0,0,0,0,0,0,0,0,0,0,0,0,0,0,0,0,0,0,0,0,0,0,0,0,0,1,1,0,0
005.74,135866,14185629,Sistema de banco de dados / 2012,0,0,0,0,0,0,1,1,1,1,1,0,0,0,0,0,0,0,0,0,0,0,0,0,0,0,0,0,0,0,0,0,0,0,0,0,0,0,0,0,0,0,0,0,0,0,0,0
005.74,135866,14185159,Sistema de banco de dados / 2012,0,0,0,0,0,0,0,0,0,0,0,0,0,0,0,0,0,0,0,0,0,0,0,0,0,0,0,0,0,0,1,1,1,0,0,0,0,0,0,0,0,0,0,0,0,0,0,0
005.74,135866,14185632,Sistema de banco de dados / 2012,0,0,0,0,1,1,1,0,0,0,0,0,0,0,0,0,0,0,0,0,0,0,0,0,0,0,0,0,0,0,0,0,0,0,0,0,0,0,0,0,0,0,0,0,0,0,0,0
005.74,135866,14185141,Sistema de banco de dados / 2012,0,0,0,0,0,0,0,0,0,0,0,0,0,0,0,0,0,0,0,0,0,0,0,0,0,0,0,0,0,0,0,0,0,0,0,0,0,0,0,1,1,0,0,0,0,0,0,0
005.74,135866,14185147,Sistema de banco de dados / 2012,0,0,0,0,0,0,0,0,0,0,0,0,0,0,0,0,0,0,0,0,0,0,0,0,0,0,0,0,0,0,0,0,0,0,0,0,0,0,0,0,0,0,0,0,1,1,0,0
005.74,135866,14185150,Sistema de banco de dados / 2012,0,0,0,0,0,0,0,0,0,0,0,0,0,0,0,0,0,0,0,0,0,0,0,0,0,0,0,0,0,0,0,0,0,0,0,0,0,0,1,0,0,0,0,0,0,0,0,0
005.74,142990,14173757,"Database processing : fundamentals, design & implementation - 13. ed. / 2014",0,0,0,1,0,0,0,0,0,0,0,0,0,0,0,0,0,0,0,0,0,0,0,0,0,0,0,0,0,0,0,0,0,0,0,0,0,0,0,0,0,0,0,0,0,0,0,0
005.74,217525,14364707,Sistema de banco de dados - 7. ed. / 2020,0,0,0,0,0,0,0,0,0,0,0,0,0,0,0,0,0,0,0,0,0,0,0,0,0,0,0,0,0,0,1,2,1,0,0,0,0,0,1,0,0,0,0,0,0,0,0,0
574.068,126486,14155434,Projeto de banco de dados - 6. ed. / 2009,0,0,0,1,1,2,0,1,1,1,1,1,0,0,0,0,1,0,0,1,0,0,0,0,0,0,0,0,0,0,0,0,0,1,0,1,2,0,0,1,0,0,0,0,2,1,1,0
574.068,126486,14155443,Projeto de banco de dados - 6. ed. / 2009,0,0,0,1,1,1,0,0,1,1,1,1,0,0,1,1,1,1,1,1,0,0,0,0,0,1,0,0,0,0,2,1,0,1,1,0,0,0,0,0,0,0,0,0,0,0,0,0
574.068,126486,14155449,Projeto de banco de dados - 6. ed. / 2009,0,0,1,0,2,1,1,0,1,1,1,1,0,1,1,0,1,1,0,1,0,0,0,0,0,0,0,0,0,0,0,0,0,0,2,1,0,0,0,0,0,0,0,0,0,0,0,0
574.068,126486,14155444,Projeto de banco de dados - 6. ed. / 2009,0,0,1,1,1,1,1,0,2,1,1,0,0,0,0,1,2,1,0,2,1,0,0,0,0,0,0,0,0,0,0,0,0,0,0,0,0,0,0,0,0,0,0,0,0,0,0,0
574.068,126486,14155475,Projeto de banco de dados - 6. ed. / 2009,0,0,0,2,1,0,1,1,1,0,0,0,0,0,0,0,0,0,0,1,0,0,0,0,0,1,0,0,0,0,0,2,1,1,1,1,1,0,0,0,0,0,0,0,0,0,0,0
574.068,126486,14155453,Projeto de banco de dados - 6. ed. / 2009,0,0,0,0,0,0,0,1,1,2,0,1,0,0,1,1,1,0,0,2,1,0,0,0,0,0,0,0,0,0,0,0,0,1,1,1,0,0,0,0,0,0,0,0,0,0,0,0
574.068,126486,14155438,Projeto de banco de dados - 6. ed. / 2009,0,0,0,1,1,1,1,1,1,1,1,1,0,0,1,1,1,1,0,0,0,0,0,0,0,0,0,0,0,0,0,0,0,0,0,0,0,0,0,0,0,0,0,0,0,0,0,0
574.068,126486,14155446,Projeto de banco de dados - 6. ed. / 2009,1,0,1,1,1,1,0,0,0,0,0,0,0,0,0,0,0,0,0,0,0,0,0,0,0,0,0,0,0,0,0,0,0,1,1,1,1,0,0,1,1,0,1,0,0,0,1,0
574.068,126486,14155442,Projeto de banco de dados - 6. ed. / 2009,1,1,1,1,1,1,0,0,0,1,0,0,0,0,0,0,0,1,0,1,1,1,0,1,0,0,0,0,0,0,0,0,0,0,0,0,0,0,0,0,0,0,0,0,0,0,0,0
574.068,126486,14155447,Projeto de banco de dados - 6. ed. / 2009,0,0,0,0,0,0,0,1,1,1,0,1,0,0,1,1,2,0,0,1,1,1,1,0,0,0,0,0,0,0,0,0,0,0,0,0,0,0,0,0,0,0,0,0,0,0,0,0
574.068,126486,14155439,Projeto de banco de dados - 6. ed. / 2009,0,0,0,0,0,0,0,1,1,2,0,0,0,1,1,1,1,1,0,0,2,0,0,0,0,0,0,0,0,0,0,0,0,0,0,0,0,0,0,0,0,0,0,0,0,0,0,0
574.068,126486,14155440,Projeto de banco de dados - 6. ed. / 2009,0,0,0,0,0,0,0,0,0,0,0,0,0,0,1,1,1,1,1,1,1,0,0,0,0,0,0,0,0,0,0,0,0,1,1,0,0,0,0,1,1,0,0,0,0,0,0,0
574.068,126486,14155437,Projeto de banco de dados - 6. ed. / 2009,1,1,1,0,1,1,0,0,0,0,0,0,0,0,0,0,0,0,0,0,1,1,0,0,0,0,0,0,0,0,0,0,0,0,0,0,0,0,0,0,0,0,0,0,0,0,0,0
574.068,126486,14155441,Projeto de banco de dados - 6. ed. / 2009,0,0,0,0,0,0,1,0,1,0,0,0,0,0,0,0,1,1,0,0,1,1,1,0,0,0,0,0,0,0,0,0,0,0,0,0,0,0,0,0,0,0,0,0,0,0,0,0
574.068,126486,14155452,Projeto de banco de dados - 6. ed. / 2009,0,0,0,0,0,0,0,0,0,0,0,0,0,0,0,0,0,0,0,0,0,0,0,0,0,0,0,0,0,0,1,1,1,0,1,1,1,0,0,0,0,0,0,0,0,0,1,0
574.068,126486,14155465,Projeto de banco de dados - 6. ed. / 2009,0,0,1,0,2,0,0,0,0,0,0,0,0,0,0,0,0,0,0,1,1,1,1,0,0,0,0,0,0,0,0,0,0,0,0,0,0,0,0,0,0,0,0,0,0,0,0,0
574.068,126486,14155458,Projeto de banco de dados - 6. ed. / 2009,1,1,1,1,1,0,0,0,0,0,0,0,0,0,0,0,0,0,0,0,0,0,0,0,0,0,0,0,0,0,0,0,0,1,0,0,0,0,0,0,0,0,0,0,0,0,0,0
574.068,126486,14155462,Projeto de banco de dados - 6. ed. / 2009,1,1,1,1,0,0,0,0,0,0,0,0,0,0,0,0,0,0,0,0,0,0,0,0,0,0,0,0,0,0,0,0,0,1,1,0,0,0,0,0,0,0,0,0,0,0,0,0
574.068,126486,14155467,Projeto de banco de dados - 6. ed. / 2009,1,1,1,0,1,1,1,0,0,0,0,0,0,0,0,0,0,0,0,0,0,0,0,0,0,0,0,0,0,0,0,0,0,0,0,0,0,0,0,0,0,0,0,0,0,0,0,0
574.068,126486,14155472,Projeto de banco de dados - 6. ed. / 2009,0,0,0,2,0,0,0,0,0,0,0,0,0,0,0,0,0,0,0,0,0,0,0,0,0,1,0,0,0,0,0,0,0,1,1,1,0,0,0,0,0,0,0,0,0,0,0,0
574.068,126486,14155477,Projeto de banco de dados - 6. ed. / 2009,0,0,0,0,0,0,0,0,0,0,0,0,0,0,0,0,0,0,0,0,1,0,1,0,0,0,0,0,0,0,0,0,0,1,1,1,1,0,0,0,0,0,0,0,0,0,0,0
574.068,126486,14155436,Projeto de banco de dados - 6. ed. / 2009,1,1,1,1,0,1,0,0,0,0,0,0,0,0,0,0,0,0,0,0,0,0,0,0,0,0,0,0,0,0,0,0,0,0,0,0,0,0,0,0,0,0,0,0,0,0,0,0
574.068,126486,14155461,Projeto de banco de dados - 6. ed. / 2009,1,0,0,0,0,0,0,0,0,0,0,0,0,0,0,0,0,0,0,1,1,1,1,0,0,0,0,0,0,0,0,0,0,0,0,0,0,0,0,0,0,0,0,0,0,0,0,0
574.068,126486,14155470,Projeto de banco de dados - 6. ed. / 2009,0,0,0,0,2,0,0,0,0,0,0,0,0,0,0,0,0,0,0,1,1,1,0,0,0,0,0,0,0,0,0,0,0,0,0,0,0,0,0,0,0,0,0,0,0,0,0,0
574.068,126486,14155471,Projeto de banco de dados - 6. ed. / 2009,0,0,0,1,2,1,0,0,0,1,0,0,0,0,0,0,0,0,0,0,0,0,0,0,0,0,0,0,0,0,0,0,0,0,0,0,0,0,0,0,0,0,0,0,0,0,0,0
574.068,126486,14155435,Projeto de banco de dados - 6. ed. / 2009,0,0,0,0,0,0,0,0,0,0,0,0,0,0,0,0,0,0,0,0,0,0,0,0,0,0,0,0,0,0,1,1,0,1,1,0,0,0,0,0,0,0,0,0,0,0,0,0
574.068,126486,14155464,Projeto de banco de dados - 6. ed. / 2009,0,0,0,0,0,0,0,0,0,0,0,0,0,0,0,0,0,0,0,1,1,1,1,0,0,0,0,0,0,0,0,0,0,0,0,0,0,0,0,0,0,0,0,0,0,0,0,0
574.068,126486,14155466,Projeto de banco de dados - 6. ed. / 2009,0,0,0,1,1,1,1,0,0,0,0,0,0,0,0,0,0,0,0,0,0,0,0,0,0,0,0,0,0,0,0,0,0,0,0,0,0,0,0,0,0,0,0,0,0,0,0,0
574.068,126486,14155468,Projeto de banco de dados - 6. ed. / 2009,0,0,0,1,1,0,0,0,0,0,0,0,0,0,0,0,0,0,0,0,0,0,0,0,0,0,0,0,0,0,0,0,0,1,1,0,0,0,0,0,0,0,0,0,0,0,0,0
574.068,126486,14155448,Projeto de banco de dados - 6. ed. / 2009,2,0,1,0,0,0,0,0,0,0,0,0,0,0,0,0,0,0,0,0,0,0,0,0,0,0,0,0,0,0,0,0,0,0,0,0,0,0,0,0,0,0,0,0,0,0,0,0
574.068,126486,14155460,Projeto de banco de dados - 6. ed. / 2009,0,0,0,0,0,0,0,0,0,0,0,0,0,0,0,0,0,0,0,0,0,0,0,0,0,0,0,0,0,0,0,0,0,1,1,1,0,0,0,0,0,0,0,0,0,0,0,0
574.068,126486,14155463,Projeto de banco de dados - 6. ed. / 2009,0,0,0,0,0,0,0,0,0,0,0,0,0,0,0,0,0,0,0,0,0,0,0,0,0,0,0,0,0,0,1,0,0,1,1,0,0,0,0,0,0,0,0,0,0,0,0,0
574.068,126486,14155469,Projeto de banco de dados - 6. ed. / 2009,0,0,0,0,0,0,0,0,0,0,0,0,0,0,0,0,0,0,0,1,0,0,0,0,0,0,0,0,0,0,0,0,0,0,0,0,1,1,0,0,0,0,0,0,0,0,0,0
574.068,126486,14155474,Projeto de banco de dados - 6. ed. / 2009,0,0,0,0,0,0,0,0,0,0,0,0,0,0,0,0,0,0,0,0,0,0,0,0,0,0,0,0,0,0,0,0,0,1,1,1,0,0,0,0,0,0,0,0,0,0,0,0
574.068,126486,14155451,Projeto de banco de dados - 6. ed. / 2009,0,0,0,0,0,0,0,0,0,0,0,0,0,0,0,0,0,0,0,0,0,0,0,0,0,0,0,0,0,0,0,0,0,1,1,0,0,0,0,0,0,0,0,0,0,0,0,0
574.068,126486,14155459,Projeto de banco de dados - 6. ed. / 2009,0,0,0,0,0,0,0,0,0,0,0,0,0,0,0,0,0,0,0,0,0,0,0,0,0,0,0,0,0,0,0,0,0,1,1,0,0,0,0,0,0,0,0,0,0,0,0,0
574.068,126486,14155476,Projeto de banco de dados - 6. ed. / 2009,0,0,0,0,0,0,0,0,0,0,0,0,0,0,0,0,0,0,0,1,0,0,0,0,0,0,0,0,0,0,0,0,0,0,0,0,0,0,0,0,0,0,0,0,0,0,0,0
005.75,127188,14185681,Sistemas de banco de dados - 6. ed. / 2011,1,1,1,2,1,1,1,1,1,1,1,1,0,0,1,1,1,0,0,0,0,0,0,0,0,0,0,0,0,0,0,0,0,0,0,0,0,0,0,0,0,0,0,0,0,0,0,0
005.75,127188,14185676,Sistemas de banco de dados - 6. ed. / 2011,0,0,0,1,1,1,0,1,1,1,1,0,0,0,0,0,1,1,1,1,1,1,0,0,0,1,0,0,0,0,1,0,0,0,0,0,0,0,0,0,0,0,0,0,0,0,0,0
005.75,127188,14185103,Sistemas de banco de dados - 6. ed. / 2011,0,0,1,1,0,1,1,1,2,1,0,0,0,0,0,0,1,1,0,1,1,1,1,0,0,0,0,0,0,0,0,0,0,0,0,0,0,0,0,0,0,0,0,0,0,0,0,0
005.75,127188,14185104,Sistemas de banco de dados - 6. ed. / 2011,1,0,0,0,1,1,1,0,1,1,1,1,0,0,1,1,1,1,1,0,0,0,0,0,0,0,0,0,0,0,0,0,0,0,0,0,0,0,0,0,0,0,0,0,0,0,0,0
005.75,127188,14185699,Sistemas de banco de dados - 6. ed. / 2011,0,0,1,2,1,1,1,1,1,1,1,0,0,0,0,0,1,0,0,0,0,0,0,0,0,0,0,0,0,0,0,0,0,0,0,0,0,0,0,0,0,0,0,0,0,0,0,0
005.75,127188,14185677,Sistemas de banco de dados - 6. ed. / 2011,0,0,1,1,0,0,0,1,1,1,0,0,0,0,0,0,1,1,0,0,1,1,1,0,0,0,0,0,0,0,0,0,0,0,0,0,0,0,0,0,0,0,0,0,0,0,0,0
005.75,127188,14185702,Sistemas de banco de dados - 6. ed. / 2011,0,0,0,0,0,0,0,0,1,1,1,1,0,1,1,1,1,1,0,0,0,0,0,0,0,0,0,0,0,0,0,0,0,0,0,0,0,0,0,0,0,0,0,0,0,0,0,0
005.75,127188,14185109,Sistemas de banco de dados - 6. ed. / 2011,0,0,0,0,0,0,1,1,1,1,0,0,0,0,0,0,2,1,0,0,0,0,0,0,0,0,0,0,0,0,0,0,0,0,0,0,0,0,0,0,0,0,0,0,0,0,0,0
005.75,127188,14185101,Sistemas de banco de dados - 6. ed. / 2011,0,0,1,1,1,1,0,0,1,0,0,0,0,0,0,0,0,0,0,0,0,0,0,0,0,0,0,0,0,0,0,0,0,0,0,0,0,0,0,0,0,0,0,0,0,0,0,0
005.75,127188,14185105,Sistemas de banco de dados - 6. ed. / 2011,0,0,1,0,2,1,0,0,0,0,0,0,0,0,0,0,0,0,0,0,0,0,0,0,0,0,0,0,0,0,0,0,0,0,0,0,0,0,0,0,0,0,0,0,1,0,0,0
005.75,127188,14185107,Sistemas de banco de dados - 6. ed. / 2011,0,0,1,1,1,2,0,0,0,0,0,0,0,0,0,0,0,0,0,0,0,0,0,0,0,0,0,0,0,0,0,0,0,0,0,0,0,0,0,0,0,0,0,0,0,0,0,0
005.75,127188,14185683,Sistemas de banco de dados - 6. ed. / 2011,0,0,0,0,0,0,0,0,0,0,0,0,0,0,0,0,0,0,0,0,1,0,0,0,0,0,0,0,0,0,1,2,1,0,0,0,0,0,0,0,0,0,0,0,0,0,0,0
005.75,127188,14185108,Sistemas de banco de dados - 6. ed. / 2011,0,0,0,0,0,0,0,0,0,0,0,0,0,0,0,0,0,0,0,1,0,0,0,0,0,0,0,0,0,0,1,1,1,0,0,0,0,0,0,0,0,0,0,0,0,0,0,0
005.75,127188,14185685,Sistemas de banco de dados - 6. ed. / 2011,0,0,0,0,2,0,0,0,0,0,0,0,0,0,0,0,0,0,0,0,0,0,0,0,0,0,0,0,0,0,1,1,0,0,0,0,0,0,0,0,0,0,0,0,0,0,0,0
005.75,127188,14185690,Sistemas de banco de dados - 6. ed. / 2011,0,0,0,0,0,0,0,0,0,0,0,0,0,0,0,0,0,0,0,0,1,0,1,0,0,0,0,0,0,0,0,0,0,0,0,0,0,0,0,1,1,0,0,0,0,0,0,0
005.75,127188,14185701,Sistemas de banco de dados - 6. ed. / 2011,1,1,1,1,0,0,0,0,0,0,0,0,0,0,0,0,0,0,0,0,0,0,0,0,0,0,0,0,0,0,0,0,0,0,0,0,0,0,0,0,0,0,0,0,0,0,0,0
005.75,127188,14185674,Sistemas de banco de dados - 6. ed. / 2011,0,0,0,0,0,0,0,0,0,0,0,0,0,0,0,0,0,0,0,1,1,1,0,0,0,0,0,0,0,0,0,0,0,0,0,0,0,0,0,0,0,0,0,0,0,0,0,0
005.75,127188,14185675,Sistemas de banco de dados - 6. ed. / 2011,0,0,0,0,0,2,0,0,1,0,0,0,0,0,0,0,0,0,0,0,0,0,0,0,0,0,0,0,0,0,0,0,0,0,0,0,0,0,0,0,0,0,0,0,0,0,0,0
005.75,127188,14185680,Sistemas de banco de dados - 6. ed. / 2011,0,0,0,0,1,1,1,0,0,0,0,0,0,0,0,0,0,0,0,0,0,0,0,0,0,0,0,0,0,0,0,0,0,0,0,0,0,0,0,0,0,0,0,0,0,0,0,0
005.75,127188,14185688,Sistemas de banco de dados - 6. ed. / 2011,0,0,0,1,0,0,0,0,1,1,0,0,0,0,0,0,0,0,0,0,0,0,0,0,0,0,0,0,0,0,0,0,0,0,0,0,0,0,0,0,0,0,0,0,0,0,0,0
005.75,127188,14185689,Sistemas de banco de dados - 6. ed. / 2011,2,0,1,0,0,0,0,0,0,0,0,0,0,0,0,0,0,0,0,0,0,0,0,0,0,0,0,0,0,0,0,0,0,0,0,0,0,0,0,0,0,0,0,0,0,0,0,0
005.75,127188,14185697,Sistemas de banco de dados - 6. ed. / 2011,1,1,1,0,0,0,0,0,0,0,0,0,0,0,0,0,0,0,0,0,0,0,0,0,0,0,0,0,0,0,0,0,0,0,0,0,0,0,0,0,0,0,0,0,0,0,0,0
005.75,127188,14185694,Sistemas de banco de dados - 6. ed. / 2011,0,0,0,0,0,0,0,0,0,0,0,0,0,0,0,0,1,1,0,0,0,0,0,0,0,0,0,0,0,0,0,0,0,0,0,0,0,0,0,0,0,0,0,0,0,0,0,0
005.75,127188,14185696,Sistemas de banco de dados - 6. ed. / 2011,0,0,0,0,2,0,0,0,0,0,0,0,0,0,0,0,0,0,0,0,0,0,0,0,0,0,0,0,0,0,0,0,0,0,0,0,0,0,0,0,0,0,0,0,0,0,0,0
005.75,127188,14185698,Sistemas de banco de dados - 6. ed. / 2011,1,0,0,0,0,0,0,0,0,0,0,0,0,0,0,0,0,0,0,0,0,0,0,0,0,0,0,0,0,0,1,0,0,0,0,0,0,0,0,0,0,0,0,0,0,0,0,0
57.585,107820,14179945,Sistemas de gerenciamento de banco de dados / 2008,0,0,0,1,0,0,0,0,0,0,0,0,0,0,0,0,0,0,0,0,0,0,0,0,0,0,0,0,0,0,1,1,0,0,0,0,0,0,0,0,0,0,0,0,0,0,0,2
005.8,97286,14157198,Segurança de redes em ambientes cooperativos / 2007,0,0,0,0,0,0,0,1,0,0,0,0,0,0,1,0,0,0,0,0,0,0,0,0,0,0,0,0,0,0,0,1,1,0,0,0,0,0,0,0,0,0,0,0,0,0,0,0
006.3,108516,14173188,"Multiagent systems : algorithmic, game-theoretic, and logical foundations / 2009",1,0,0,0,0,0,0,0,0,0,0,0,0,0,0,0,0,0,0,0,0,0,0,0,0,0,0,0,0,0,0,0,0,0,0,0,0,0,0,0,0,0,0,0,0,0,0,0
006.3,122695,14187182,"Introduction to multiagent systems, An - 2nd ed. / 2009",0,0,0,0,0,0,0,0,0,0,0,0,0,0,0,0,0,0,0,1,1,1,0,0,0,0,0,0,0,0,0,0,0,0,0,0,0,0,0,0,0,0,0,0,0,0,0,0
006.3,128750,14167026,"Tecnologias da inteligência : o futuro do pensamento na era da informática, As - 2. ed. / 1993",0,0,0,0,0,0,0,0,0,0,0,0,0,0,0,0,0,0,0,1,0,0,0,0,0,0,0,0,0,0,0,0,0,0,0,0,0,0,0,0,0,0,0,0,0,0,0,0
006.3,128750,14167027,"Tecnologias da inteligência : o futuro do pensamento na era da informática, As - 2. ed. / 1993",0,0,0,0,0,0,0,0,0,0,1,0,0,0,0,0,0,0,0,0,0,0,0,0,0,0,0,0,0,0,0,0,0,0,0,0,0,0,0,0,0,0,0,0,0,0,0,0
006.3,129209,14165533,Inteligência artificial / 2010,0,0,0,0,0,0,0,0,0,0,0,0,0,0,0,0,0,0,0,0,0,0,0,0,0,0,0,0,0,0,0,0,1,1,1,1,1,1,0,1,0,0,0,0,0,0,0,0
006.3,129209,14165544,Inteligência artificial / 2010,0,0,0,1,1,1,1,1,0,0,0,0,0,0,0,0,0,0,0,0,0,1,0,0,0,0,0,0,0,0,0,0,0,0,0,0,0,0,0,0,0,0,0,0,0,0,0,0
006.3,129209,14165528,Inteligência artificial / 2010,0,0,0,0,1,0,0,0,0,0,0,0,0,0,0,0,0,0,0,0,0,0,0,0,0,0,0,0,0,0,0,0,1,0,1,0,1,0,0,0,0,0,0,0,0,0,0,0
006.3,129209,14165525,Inteligência artificial / 2010,0,0,0,0,0,0,0,0,0,0,0,0,0,0,0,0,0,0,0,0,0,0,0,0,0,0,0,0,0,0,0,0,0,0,0,0,0,0,0,0,0,0,0,0,1,1,0,0
006.3,129209,14165526,Inteligência artificial / 2010,0,0,0,0,0,1,0,0,1,0,0,0,0,0,0,0,0,0,0,0,0,0,0,0,0,0,0,0,0,0,0,0,0,0,0,0,0,0,0,0,0,0,0,0,0,0,0,0
006.3,129209,14165531,Inteligência artificial / 2010,1,0,0,0,0,0,0,0,0,0,0,0,0,0,0,0,0,0,0,0,0,0,0,0,0,0,0,0,0,0,0,0,0,0,0,0,1,0,0,0,0,0,0,0,0,0,0,0
006.3,129209,14165532,Inteligência artificial / 2010,0,0,0,0,0,0,0,0,0,0,0,0,0,0,1,1,0,0,0,0,0,0,0,0,0,0,0,0,0,0,0,0,0,0,0,0,0,0,0,0,0,0,0,0,0,0,0,0
006.3,129209,14165536,Inteligência artificial / 2010,0,0,0,0,1,0,0,1,0,0,0,0,0,0,0,0,0,0,0,0,0,0,0,0,0,0,0,0,0,0,0,0,0,0,0,0,0,0,0,0,0,0,0,0,0,0,0,0
006.3,129209,14165534,Inteligência artificial / 2010,0,0,1,0,0,0,0,0,0,0,0,0,0,0,0,0,0,0,0,0,0,0,0,0,0,0,0,0,0,0,0,0,0,0,0,0,0,0,0,0,0,0,0,0,0,0,0,0
006.3,129209,14165539,Inteligência artificial / 2010,0,0,0,0,0,0,0,0,0,0,0,0,0,0,0,0,0,0,0,0,0,0,0,0,0,0,0,0,0,0,0,0,0,0,0,0,0,0,0,1,0,0,0,0,0,0,0,0
006.3,142982,14185734,Inteligência artificial / 2013,0,0,1,1,1,1,1,2,1,1,1,0,0,0,1,1,1,1,0,1,1,1,0,0,0,0,0,0,0,0,0,0,0,1,1,1,1,1,1,1,0,0,0,0,0,0,0,0
006.3,142982,14185736,Inteligência artificial / 2013,0,0,1,1,1,2,1,1,1,1,0,0,0,0,0,0,0,0,0,1,1,2,1,0,0,1,0,1,0,0,0,0,0,0,0,0,0,1,0,1,0,0,0,0,0,1,0,0
006.3,142982,14185746,Inteligência artificial / 2013,0,0,1,1,1,1,0,0,0,0,0,0,0,0,0,0,0,0,0,1,1,0,0,0,0,0,1,1,0,0,0,1,1,0,0,0,0,0,0,1,1,1,1,0,1,1,0,2
006.3,142982,14185749,Inteligência artificial / 2013,1,1,1,1,0,1,2,2,1,1,0,0,0,0,0,0,0,0,0,1,0,0,0,0,0,0,0,0,0,0,1,1,0,0,1,1,2,0,0,0,0,0,0,0,0,0,0,0
006.3,142982,14185748,Inteligência artificial / 2013,0,0,1,1,1,1,1,1,1,0,0,0,0,0,1,1,0,0,1,0,2,0,1,1,0,0,0,0,0,0,0,0,0,0,0,0,0,0,0,1,0,0,1,0,0,0,0,0
006.3,142982,14185751,Inteligência artificial / 2013,0,0,1,1,1,0,0,0,0,0,0,0,0,0,0,0,0,0,0,1,1,1,1,0,0,1,0,0,0,0,0,1,0,0,0,0,0,1,0,0,0,0,0,0,2,1,1,0
006.3,142982,14185737,Inteligência artificial / 2013,0,0,1,1,2,1,0,0,1,1,0,0,0,0,1,1,1,1,0,1,0,0,0,0,0,0,0,0,0,0,0,0,0,0,0,0,0,0,0,0,0,0,0,0,0,0,0,0
006.3,142982,14185735,Inteligência artificial / 2013,0,0,1,0,1,1,1,1,1,1,0,0,0,0,0,0,0,0,0,1,1,1,1,0,0,0,0,0,0,0,0,0,0,0,0,0,0,0,0,0,0,0,0,0,0,0,0,0
006.3,142982,14185743,Inteligência artificial / 2013,0,0,1,1,1,1,1,0,0,0,0,0,0,0,0,0,0,0,0,0,1,1,1,1,0,0,1,0,0,0,0,0,0,0,0,0,0,0,0,0,0,0,0,0,0,1,0,0
006.3,142982,14185739,Inteligência artificial / 2013,0,0,1,1,1,1,0,1,1,1,0,0,0,0,0,0,0,0,0,1,1,1,0,0,0,0,0,0,0,0,0,0,0,0,0,0,0,0,0,0,0,0,0,0,0,0,0,0
006.3,142982,14185752,Inteligência artificial / 2013,0,0,0,1,1,1,0,0,0,0,0,0,0,0,0,0,0,0,0,1,1,1,1,0,0,0,0,0,0,0,0,0,0,0,0,0,1,1,0,1,0,0,0,0,0,0,0,0
006.3,142982,14185740,Inteligência artificial / 2013,1,0,1,1,1,0,1,1,0,1,0,1,0,0,0,0,0,0,0,0,0,1,0,0,0,0,0,0,0,0,0,0,0,0,0,0,0,0,0,0,0,0,0,0,0,0,0,0
006.3,142982,14185741,Inteligência artificial / 2013,0,0,1,1,1,1,0,0,0,0,0,0,0,0,0,0,0,0,0,1,1,1,0,0,0,0,0,0,0,0,0,0,0,0,0,0,0,0,0,1,1,0,0,0,0,0,0,0
006.3,142982,14185744,Inteligência artificial / 2013,0,0,1,0,1,1,1,2,1,1,0,0,0,0,0,0,0,0,0,1,0,0,0,0,0,0,0,0,0,0,0,0,0,0,0,0,0,0,0,0,0,0,0,0,0,0,0,0
006.3,142982,14185745,Inteligência artificial / 2013,0,0,1,1,1,1,0,0,0,0,0,0,0,0,0,0,0,0,0,1,1,1,0,0,0,0,0,0,0,0,0,0,0,0,0,0,0,1,0,1,0,0,0,0,0,0,0,0
006.3,142982,14185733,Inteligência artificial / 2013,0,0,1,1,1,0,0,0,0,0,0,0,0,0,0,0,0,0,0,1,1,1,0,0,0,0,0,0,0,0,0,0,0,0,0,0,0,0,0,0,0,0,0,0,0,0,0,0
006.3,142982,14185747,Inteligência artificial / 2013,0,0,1,1,0,1,0,0,0,0,0,0,0,0,0,0,0,0,0,0,0,0,0,0,0,0,1,1,0,0,1,0,0,0,0,0,0,0,0,0,0,0,0,0,0,0,0,0
006.3,142982,14185750,Inteligência artificial / 2013,1,1,1,1,0,1,0,0,0,0,0,0,0,0,0,0,0,0,0,0,0,0,0,0,0,0,0,0,0,0,0,0,0,0,0,0,0,0,0,0,0,0,0,0,0,0,0,0
006.3,142982,14185732,Inteligência artificial / 2013,0,0,1,0,1,1,0,0,0,0,0,0,0,0,0,0,0,0,0,0,0,0,0,0,0,0,0,0,0,0,0,0,0,0,0,0,0,0,0,0,0,0,0,0,0,0,0,0
006.3,155608,14174512,Prolog programming for artificial intelligence - 4th ed. / 2012,0,0,1,0,0,1,0,0,0,0,0,0,0,0,0,0,0,0,0,0,0,0,0,0,0,0,0,0,0,0,1,0,0,0,0,0,0,0,0,0,0,0,0,0,0,0,0,0
006.32,99188,14159820,Redes neurais : princípios e prática - 2. ed. / 2001,0,0,0,1,0,1,1,1,2,1,0,0,0,0,2,0,2,1,0,2,0,0,0,0,0,0,1,0,0,0,0,0,0,0,0,0,2,1,0,1,0,0,0,0,1,1,0,0
6.332,108529,14174826,Knowledge representation and reasoning / 2004,0,0,0,0,0,1,1,0,0,0,0,0,0,0,0,0,0,0,0,0,0,0,0,0,0,0,0,0,0,0,0,0,0,0,0,0,0,0,0,0,0,0,0,0,0,0,0,0
006.6,98830,14188502,"Computação gráfica, v.2 :teoria e prática / 2008",0,0,0,0,1,1,0,1,1,1,0,0,0,0,2,0,2,1,0,2,0,0,0,0,0,0,0,0,0,0,0,0,0,0,0,0,0,0,0,0,0,0,0,0,0,0,0,0
006.6,98830,14188510,"Computação gráfica, v.2 :teoria e prática / 2008",0,0,1,0,1,1,0,0,0,0,0,0,0,0,0,0,0,0,0,1,1,1,0,0,0,1,1,1,0,0,1,1,0,0,0,0,0,0,0,0,0,0,0,0,0,0,0,0
006.6,98830,14188508,"Computação gráfica, v.2 :teoria e prática / 2008",0,0,0,0,0,0,0,0,1,0,0,0,0,0,1,1,1,1,0,1,0,0,0,0,0,0,0,0,0,0,0,0,0,0,0,0,0,0,0,0,0,0,0,0,0,0,0,0
006.6,98830,14188505,"Computação gráfica, v.2 :teoria e prática / 2008",0,0,0,0,0,0,0,0,0,0,0,0,0,0,1,1,1,0,0,0,0,1,0,0,0,0,0,0,0,0,0,0,0,0,0,0,0,0,0,0,0,0,0,0,0,0,0,0
006.6,98830,14188517,"Computação gráfica, v.2 :teoria e prática / 2008",0,0,0,0,0,0,0,0,0,2,0,0,0,0,1,0,0,0,0,0,0,0,0,0,0,0,0,0,0,0,0,0,0,0,0,0,0,1,0,0,0,0,0,0,0,0,0,0
006.6,98830,14188501,"Computação gráfica, v.2 :teoria e prática / 2008",0,0,0,0,0,0,0,0,0,0,0,0,0,0,0,0,0,0,0,0,0,0,0,0,0,0,0,0,0,0,1,1,1,0,0,0,0,0,0,0,0,0,0,0,0,0,0,0
006.6,98830,14188511,"Computação gráfica, v.2 :teoria e prática / 2008",0,0,0,0,0,0,0,0,0,0,0,0,0,0,0,0,0,0,0,0,0,0,0,0,0,0,1,1,0,0,0,0,0,0,0,0,0,0,0,0,0,0,0,0,0,0,0,0
006.6,98830,14188507,"Computação gráfica, v.2 :teoria e prática / 2008",0,1,0,0,0,0,0,0,0,0,0,0,0,0,0,0,0,0,0,0,0,0,0,0,0,0,0,0,0,0,0,0,0,0,0,0,0,0,0,0,0,0,0,0,0,0,0,0
006.6,98830,14188509,"Computação gráfica, v.2 :teoria e prática / 2008",0,0,1,0,0,0,0,0,0,0,0,0,0,0,0,0,0,0,0,0,0,0,0,0,0,0,0,0,0,0,0,0,0,0,0,0,0,0,0,0,0,0,0,0,0,0,0,0
006.6,98830,14188516,"Computação gráfica, v.2 :teoria e prática / 2008",0,0,0,0,0,0,0,0,0,0,1,0,0,0,0,0,0,0,0,0,0,0,0,0,0,0,0,0,0,0,0,0,0,0,0,0,0,0,0,0,0,0,0,0,0,0,0,0
006.6,99980,14373389,Fundamentos da computação gráfica / 2008,0,0,0,0,0,0,0,0,0,0,0,0,0,0,0,0,0,0,0,0,0,0,0,0,0,0,0,0,0,0,0,0,0,0,0,0,0,0,0,0,0,0,0,0,0,0,0,3
006.6,99980,14373388,Fundamentos da computação gráfica / 2008,0,0,0,0,0,0,0,0,0,0,0,0,0,0,0,0,0,0,0,0,0,0,0,0,0,0,0,0,0,0,0,0,0,0,0,0,0,0,1,1,0,0,0,0,0,0,0,0
006.6,99980,14373392,Fundamentos da computação gráfica / 2008,0,0,0,0,0,0,0,0,0,0,0,0,0,0,0,0,0,0,0,0,0,0,0,0,0,0,0,0,0,0,0,0,0,0,0,0,0,0,0,1,1,0,0,0,0,0,0,0
006.6,114167,14154749,Computação gráfica para programadores Java - 2. ed. / 2008,0,0,1,0,1,1,0,0,0,0,0,0,0,0,0,0,0,0,0,0,0,0,0,0,0,0,0,0,0,0,0,0,0,0,0,0,0,0,0,0,0,0,0,0,0,0,0,0
006.6,129421,14149533,Uma breve introdução à computação gráfica / 2010,0,0,1,1,1,2,0,0,0,0,0,0,0,0,0,0,0,0,0,0,0,0,0,0,0,0,0,0,0,0,0,0,0,0,0,0,0,0,0,0,0,0,0,0,0,0,0,0
006.6,130135,14179522,Computação gráfica : geração de imagens / 2003,2,0,2,1,1,1,0,1,1,1,1,1,0,0,2,0,0,0,0,0,0,0,0,0,0,0,0,0,0,0,0,0,0,0,0,0,0,0,0,0,0,0,0,0,0,0,0,0
006.6,130135,14179518,Computação gráfica : geração de imagens / 2003,0,0,0,0,0,0,0,0,0,1,0,0,0,0,1,1,1,0,0,1,0,0,0,0,0,0,0,0,0,0,0,0,0,0,0,0,0,0,0,1,0,1,0,0,0,0,0,0
006.6,130135,14179527,Computação gráfica : geração de imagens / 2003,0,0,0,0,0,0,0,0,0,0,0,0,0,0,0,0,1,1,0,0,0,0,0,1,0,0,0,0,0,0,0,1,0,0,0,0,0,0,0,0,0,0,0,0,0,0,0,3
006.6,130135,14179517,Computação gráfica : geração de imagens / 2003,0,0,0,0,0,0,0,0,0,0,0,0,0,0,0,0,0,0,0,0,0,0,0,0,0,0,1,1,0,0,0,1,1,0,0,1,1,0,0,0,0,0,0,0,0,0,0,0
006.6,130135,14179519,Computação gráfica : geração de imagens / 2003,0,0,0,0,0,1,1,1,1,1,0,0,0,0,0,0,0,0,0,0,0,0,0,0,0,0,0,0,0,0,0,0,0,0,0,0,0,0,0,0,0,0,0,0,0,0,0,0
006.6,130135,14179531,Computação gráfica : geração de imagens / 2003,0,0,1,1,1,2,0,0,0,0,0,0,0,0,0,0,0,0,0,0,0,0,0,0,0,0,0,0,0,0,0,0,0,0,0,0,0,0,0,0,0,0,0,0,0,0,0,0
006.6,130135,14179521,Computação gráfica : geração de imagens / 2003,0,0,0,0,0,0,0,0,0,1,0,0,0,0,0,0,0,1,0,0,0,1,0,0,0,0,0,0,0,0,0,0,0,1,0,0,0,0,0,0,0,0,0,0,0,0,0,0
006.6,130135,14179532,Computação gráfica : geração de imagens / 2003,0,0,1,0,1,1,0,0,0,1,0,0,0,0,0,0,0,0,0,0,0,0,0,0,0,0,0,0,0,0,0,0,0,0,0,0,0,0,0,0,0,0,0,0,0,0,0,0
006.6,130135,14179524,Computação gráfica : geração de imagens / 2003,0,0,0,0,0,0,0,0,0,0,0,0,0,0,1,1,1,0,0,0,0,0,0,0,0,0,0,0,0,0,0,0,0,0,0,0,0,0,0,0,0,0,0,0,0,0,0,0
006.6,130135,14179526,Computação gráfica : geração de imagens / 2003,0,0,0,0,0,0,0,0,0,1,2,0,0,0,0,0,0,0,0,0,0,0,0,0,0,0,0,0,0,0,0,0,0,0,0,0,0,0,0,0,0,0,0,0,0,0,0,0
006.6,130135,14179528,Computação gráfica : geração de imagens / 2003,0,0,0,0,0,0,0,0,0,0,0,0,0,0,0,0,0,0,0,1,1,1,0,0,0,0,0,0,0,0,0,0,0,0,0,0,0,0,0,0,0,0,0,0,0,0,0,0
006.6,130135,14179530,Computação gráfica : geração de imagens / 2003,0,0,0,0,0,0,0,0,0,0,0,0,0,0,0,0,0,0,0,0,0,0,0,0,0,0,0,0,0,0,0,0,0,0,0,0,0,0,0,0,0,0,0,0,1,1,1,0
006.6,130135,14179535,Computação gráfica : geração de imagens / 2003,0,0,1,0,1,0,0,0,0,0,0,0,0,0,0,0,0,0,0,0,0,0,0,0,0,0,0,0,0,0,0,0,0,0,0,0,0,0,0,0,0,0,0,0,0,0,0,0
006.6,130135,14179523,Computação gráfica : geração de imagens / 2003,0,1,0,0,0,0,0,0,0,0,0,0,0,0,0,0,0,0,0,0,0,0,0,0,0,0,0,0,0,0,0,0,0,0,0,0,0,0,0,0,0,0,0,0,0,0,0,0
006.7,108482,14187369,"Web services : concepts, architectures and applications / 2004",0,0,0,0,0,0,0,1,0,0,1,1,0,0,1,1,1,1,0,0,0,0,0,0,0,0,1,0,0,0,0,1,0,0,0,0,0,0,0,0,0,0,0,0,0,0,2,1
006.7,157109,14184210,"Não me faça pensar, atualizado : uma abordagem de bom senso à usabilidade web e mobile / 2014",0,0,1,0,1,1,0,0,1,1,1,1,0,0,1,1,1,1,0,1,1,1,1,1,0,0,1,0,0,0,0,0,0,1,0,0,0,1,0,1,1,0,0,0,0,0,1,1
006.7,157109,14375135,"Não me faça pensar, atualizado : uma abordagem de bom senso à usabilidade web e mobile / 2014",0,0,0,0,0,0,0,0,0,0,0,0,0,0,0,0,0,0,0,0,0,0,0,0,0,0,0,0,0,0,0,0,0,0,0,0,0,0,0,0,0,0,0,0,1,1,0,0
109,128776,14154570,Convite à filosofia - 14. ed. / 2011,1,1,1,1,1,1,1,0,0,0,1,1,0,0,1,1,1,1,1,1,1,0,0,0,0,0,0,0,0,0,0,0,0,0,0,0,0,0,0,0,0,0,1,0,0,0,0,0
109,128776,14154571,Convite à filosofia - 14. ed. / 2011,0,0,0,0,1,0,0,0,0,0,0,0,0,0,0,1,1,1,0,0,0,2,0,0,0,0,0,0,0,0,0,0,0,0,0,0,0,0,0,0,0,0,0,0,0,0,0,0
128.2,200207,14328801,"Poder infinito da sua mente 2, O - 18. ed. rev. atual. / 1981",0,0,0,0,0,0,0,0,0,2,1,0,0,1,1,0,0,0,0,0,0,0,0,0,0,0,0,0,0,0,0,0,0,0,0,0,0,0,0,0,0,0,0,0,0,0,0,0
128.2,200212,14328803,"Poder infinito da sua mente 1, O - 525. ed. rev. atual. / 1981",0,0,1,0,0,0,0,1,1,0,0,1,0,0,1,1,1,1,1,1,1,1,0,0,0,0,0,0,0,0,0,0,0,1,0,0,0,0,0,0,1,0,0,0,0,0,0,0
150.195,200217,14328847,"Sofrimento de uma vida sem sentido: caminhos para encontrar a razão de viver, O / 2015",0,0,0,0,0,0,0,0,1,0,0,0,0,0,1,1,0,0,0,0,0,0,0,0,0,0,0,0,0,0,0,0,0,0,0,0,0,0,0,0,0,0,0,0,0,0,0,0
155.24,205295,14333283,Quem mexeu no meu queijo? - 83.ed. / 2013,0,0,0,1,0,0,0,0,0,0,0,0,0,0,0,0,0,0,0,0,0,0,0,0,0,0,0,0,0,0,0,0,0,0,0,0,0,0,0,0,1,0,0,0,0,0,0,0
158.2,211686,14342511,Como convencer alguém em 90 segundos : crie uma primeira impressão vendedora / 2012,0,0,0,0,0,0,0,1,0,0,0,0,0,0,1,1,1,1,1,0,0,0,0,0,0,0,0,0,0,0,0,0,0,0,0,0,0,0,0,0,0,0,0,0,0,0,0,0
174.4,141798,14189727,Ética empresarial - 4. ed. rev. / 2013,0,0,0,0,2,1,1,0,0,0,0,0,0,0,1,1,1,2,1,2,0,0,0,0,0,0,0,0,0,0,0,0,0,0,0,0,0,0,0,1,0,0,0,0,1,0,0,0
174.4,141798,14189725,Ética empresarial - 4. ed. rev. / 2013,0,0,0,0,0,0,0,0,0,0,0,0,0,0,1,1,1,0,0,0,0,0,0,0,0,0,1,1,0,0,0,1,1,0,0,0,0,0,0,0,0,0,0,0,0,0,0,0
174.4,141798,14189728,Ética empresarial - 4. ed. rev. / 2013,0,0,0,0,0,0,0,0,0,0,0,0,0,0,1,2,1,1,1,1,0,0,0,0,0,0,0,0,0,0,0,0,0,0,0,0,0,0,0,0,0,0,0,0,0,0,0,0
174.4,141798,14189719,Ética empresarial - 4. ed. rev. / 2013,0,0,0,0,0,0,0,0,0,0,0,0,0,0,1,1,1,1,1,0,0,0,0,0,0,0,0,0,0,0,0,0,0,0,0,0,0,0,0,0,0,0,0,0,0,0,0,0
174.4,141798,14189721,Ética empresarial - 4. ed. rev. / 2013,0,0,0,0,0,0,0,0,0,0,0,0,0,0,1,1,1,1,0,1,0,0,0,0,0,0,0,0,0,0,0,0,0,0,0,0,0,0,0,0,0,0,0,0,0,0,0,0
174.4,141798,14189722,Ética empresarial - 4. ed. rev. / 2013,0,0,1,1,0,0,0,0,0,0,0,0,0,0,1,1,1,0,0,0,0,0,0,0,0,0,0,0,0,0,0,0,0,0,0,0,0,0,0,0,0,0,0,0,0,0,0,0
174.4,141798,14189723,Ética empresarial - 4. ed. rev. / 2013,0,0,0,0,1,1,1,0,0,0,0,0,0,0,1,1,0,0,0,0,0,0,0,0,0,0,0,0,0,0,0,0,0,0,0,0,0,0,0,0,0,0,0,0,0,0,0,0
174.4,141798,14189720,Ética empresarial - 4. ed. rev. / 2013,0,0,0,0,0,0,0,0,0,0,0,0,0,0,1,1,1,1,0,0,0,0,0,0,0,0,0,0,0,0,0,0,0,0,0,0,0,0,0,0,0,0,0,0,0,0,0,0
174.4,141798,14189724,Ética empresarial - 4. ed. rev. / 2013,0,0,0,0,0,0,0,0,0,0,0,0,0,0,1,1,1,1,0,0,0,0,0,0,0,0,0,0,0,0,0,0,0,0,0,0,0,0,0,0,0,0,0,0,0,0,0,0
174.4,141798,14189726,Ética empresarial - 4. ed. rev. / 2013,0,0,0,0,0,0,0,0,0,0,0,0,0,0,1,1,0,0,0,0,0,0,0,0,0,0,0,0,0,0,0,0,0,0,0,0,0,0,0,0,0,0,0,0,0,0,0,0
17.490.904,96940,14152543,Ética em computação / 2000,1,1,0,0,0,0,0,1,1,1,1,0,0,0,1,1,1,0,0,0,0,0,0,0,0,1,0,0,0,0,0,0,0,0,0,0,0,0,0,0,0,0,0,0,0,0,0,0
17.490.904,96940,14152531,Ética em computação / 2000,0,0,0,0,0,0,0,0,0,0,0,0,0,0,0,0,1,1,0,0,0,0,0,0,0,1,1,0,0,0,0,0,0,0,2,0,1,1,0,0,0,0,0,0,0,0,0,0
17.490.904,96940,14152530,Ética em computação / 2000,0,0,0,0,0,0,0,0,0,0,0,0,0,0,0,0,0,0,0,0,0,0,0,0,0,0,0,0,0,0,0,0,0,1,1,2,1,1,0,0,0,0,0,0,0,0,0,0
17.490.904,96940,14152550,Ética em computação / 2000,0,0,1,1,0,2,1,1,0,0,0,0,0,0,0,0,0,0,0,0,0,0,0,0,0,0,0,0,0,0,0,0,0,0,0,0,0,0,0,0,0,0,0,0,0,0,0,0
17.490.904,96940,14152535,Ética em computação / 2000,1,0,0,0,0,0,0,0,0,0,0,0,0,0,1,1,1,1,0,0,0,0,0,0,0,0,0,0,0,0,0,0,0,0,0,0,0,0,0,0,0,0,0,0,0,0,0,0
17.490.904,96940,14152520,Ética em computação / 2000,0,0,0,0,0,0,0,0,0,0,0,0,0,0,0,0,0,0,0,0,0,0,0,0,0,1,0,0,0,0,0,1,0,1,1,0,0,0,0,0,0,0,0,0,0,0,0,0
17.490.904,96940,14152527,Ética em computação / 2000,0,0,0,0,0,0,0,0,0,0,0,0,0,0,0,0,0,0,0,0,0,0,0,0,0,0,0,0,0,0,0,0,0,1,1,1,1,0,0,0,0,0,0,0,0,0,0,0
17.490.904,96940,14152540,Ética em computação / 2000,0,0,0,0,0,0,0,0,0,0,0,0,0,0,0,0,0,0,0,0,0,0,0,0,0,1,0,0,0,0,0,0,1,1,1,0,0,0,0,0,0,0,0,0,0,0,0,0
17.490.904,96940,14152546,Ética em computação / 2000,0,0,0,0,0,0,0,0,0,0,0,0,0,0,0,0,0,0,0,0,0,0,0,0,0,0,0,0,0,0,0,0,0,0,0,0,0,0,0,0,0,0,0,0,1,1,1,0
17.490.904,96940,14152549,Ética em computação / 2000,0,0,0,0,0,0,0,0,0,0,0,0,0,0,0,0,0,0,0,0,0,0,0,0,0,0,0,0,0,0,0,0,0,0,0,0,0,0,0,0,0,0,0,0,1,1,1,0
17.490.904,96940,14152552,Ética em computação / 2000,0,0,0,0,0,0,0,0,0,0,0,0,0,0,1,0,1,1,0,0,0,0,0,0,0,0,0,0,0,0,0,0,0,0,0,0,0,0,0,0,0,0,0,0,0,0,0,0
17.490.904,96940,14152519,Ética em computação / 2000,0,0,0,0,0,0,0,0,0,0,0,0,0,0,0,0,0,0,0,0,0,0,0,0,0,0,0,0,0,0,0,0,0,0,0,0,0,0,0,0,0,0,0,0,0,1,0,0
17.490.904,96940,14152522,Ética em computação / 2000,0,0,0,0,0,0,0,0,0,0,0,0,0,0,0,0,0,0,0,0,0,0,0,0,0,0,0,0,0,0,0,0,0,0,0,0,0,0,0,1,0,0,0,0,0,0,0,0
17.490.904,96940,14152523,Ética em computação / 2000,0,0,0,0,0,0,0,0,0,0,0,0,0,0,0,0,0,0,0,0,0,0,0,0,0,0,0,0,0,0,0,0,0,0,0,0,0,0,0,0,0,0,0,0,1,0,0,0
17.490.904,96940,14152525,Ética em computação / 2000,0,0,0,1,0,0,0,0,0,0,0,0,0,0,0,0,0,0,0,0,0,0,0,0,0,0,0,0,0,0,0,0,0,0,0,0,0,0,0,0,0,0,0,0,0,0,0,0
17.490.904,96940,14152541,Ética em computação / 2000,0,0,0,0,0,0,0,0,0,0,0,0,0,0,0,0,0,0,0,0,0,0,0,0,0,0,0,0,0,0,0,0,0,0,0,0,0,0,0,1,0,0,0,0,0,0,0,0
17.490.904,128889,14151011,Ética na computação : uma abordagem baseada em casos / 2011,0,0,1,1,0,1,1,0,0,0,0,0,0,0,1,1,1,1,0,1,0,0,0,0,0,1,0,0,0,0,0,1,0,1,1,2,1,1,0,0,0,0,0,0,0,1,0,0
17.490.904,128889,14151018,Ética na computação : uma abordagem baseada em casos / 2011,0,0,0,1,0,2,0,0,0,0,0,0,0,0,1,1,1,0,0,1,1,0,0,0,0,1,0,0,0,0,0,0,0,1,1,1,0,0,0,1,1,1,0,0,0,0,0,0
17.490.904,128889,14151002,Ética na computação : uma abordagem baseada em casos / 2011,0,0,0,0,0,0,0,0,0,0,0,0,0,0,1,1,1,0,0,1,1,0,0,0,0,1,0,0,0,0,0,1,1,1,1,1,1,0,0,1,0,0,0,0,1,0,0,0
17.490.904,128889,14151028,Ética na computação : uma abordagem baseada em casos / 2011,0,0,1,2,1,1,0,0,0,0,0,0,0,0,1,1,1,0,0,1,0,0,0,0,0,0,1,0,0,0,0,0,0,1,1,0,0,0,0,0,0,0,0,0,0,0,0,0
17.490.904,128889,14151010,Ética na computação : uma abordagem baseada em casos / 2011,0,0,1,0,0,1,0,1,1,1,1,0,0,0,1,1,0,0,0,1,0,0,0,0,0,0,0,0,0,0,0,0,0,0,0,0,0,0,0,0,0,0,0,0,0,0,0,0
17.490.904,128889,14151009,Ética na computação : uma abordagem baseada em casos / 2011,0,0,1,0,0,0,0,0,0,0,0,0,0,0,1,1,1,1,1,1,0,0,0,0,0,1,0,0,0,0,0,0,0,0,0,0,0,0,0,0,0,0,0,0,0,0,0,0
17.490.904,128889,14151034,Ética na computação : uma abordagem baseada em casos / 2011,0,0,0,1,0,1,1,0,0,0,0,0,0,0,1,0,1,1,0,0,0,0,0,0,0,0,1,1,0,0,0,0,0,0,0,0,0,0,0,0,0,0,0,0,0,0,0,0
17.490.904,128889,14151021,Ética na computação : uma abordagem baseada em casos / 2011,0,0,0,0,0,0,0,0,0,0,0,0,0,0,1,1,1,1,0,0,1,0,0,0,0,0,1,0,0,0,0,0,0,0,0,0,0,0,0,0,0,0,0,0,0,0,0,0
17.490.904,128889,14151033,Ética na computação : uma abordagem baseada em casos / 2011,0,0,0,0,0,0,0,0,0,0,0,0,0,0,0,0,0,0,0,0,0,0,0,0,0,0,0,0,0,0,0,0,0,0,0,0,0,0,0,1,1,1,0,0,1,1,1,0
17.490.904,128889,14151004,Ética na computação : uma abordagem baseada em casos / 2011,0,0,0,0,0,0,0,0,0,0,0,0,0,0,1,1,1,0,0,0,0,0,0,0,0,0,0,0,0,0,0,0,0,0,0,0,0,0,0,1,0,0,0,0,1,0,0,0
17.490.904,128889,14151014,Ética na computação : uma abordagem baseada em casos / 2011,0,0,0,0,0,0,0,0,0,0,0,0,0,0,0,0,0,0,0,1,0,0,0,0,0,1,0,0,0,0,0,1,0,0,2,0,0,0,0,0,0,0,0,0,0,0,0,0
17.490.904,128889,14151024,Ética na computação : uma abordagem baseada em casos / 2011,0,0,0,0,0,0,0,0,0,0,0,0,0,0,1,0,0,0,0,0,1,1,1,0,0,1,0,0,0,0,0,0,0,0,0,0,0,0,0,0,0,0,0,0,0,0,0,0
17.490.904,128889,14151026,Ética na computação : uma abordagem baseada em casos / 2011,0,0,0,0,0,0,0,0,0,0,0,0,0,0,0,0,0,0,0,1,0,1,0,0,0,1,0,1,0,0,0,0,0,0,0,0,0,0,0,0,0,0,0,0,1,0,0,0
17.490.904,128889,14151007,Ética na computação : uma abordagem baseada em casos / 2011,0,0,0,0,0,0,0,0,0,0,0,0,0,0,1,1,1,0,0,0,0,0,0,0,0,1,0,0,0,0,0,0,0,0,0,0,0,0,0,0,0,0,0,0,0,0,0,0
17.490.904,128889,14151013,Ética na computação : uma abordagem baseada em casos / 2011,0,0,0,1,1,1,1,0,0,0,0,0,0,0,0,0,0,0,0,0,0,0,0,0,0,0,0,0,0,0,0,0,0,0,0,0,0,0,0,0,0,0,0,0,0,0,0,0
17.490.904,128889,14151020,Ética na computação : uma abordagem baseada em casos / 2011,0,0,0,0,0,0,0,0,0,0,0,0,0,0,0,0,0,0,0,0,0,0,0,0,0,0,1,0,0,0,0,0,0,0,0,0,0,0,0,0,0,0,0,0,1,1,1,0
17.490.904,128889,14151038,Ética na computação : uma abordagem baseada em casos / 2011,0,0,0,0,0,0,0,0,0,0,0,0,0,0,0,0,1,1,0,0,0,0,0,0,0,1,1,0,0,0,0,0,0,0,0,0,0,0,0,0,0,0,0,0,0,0,0,0
17.490.904,128889,14363697,Ética na computação : uma abordagem baseada em casos / 2011,0,0,0,0,0,0,0,0,0,0,0,0,0,0,0,0,0,0,0,0,0,0,0,0,0,1,0,0,0,0,0,0,0,0,0,0,0,0,0,0,0,0,0,0,1,1,1,0
17.490.904,128889,14151012,Ética na computação : uma abordagem baseada em casos / 2011,0,0,0,0,0,0,0,0,0,0,0,0,0,0,1,0,0,0,0,0,0,0,0,0,0,0,1,0,0,0,0,1,0,0,0,0,0,0,0,0,0,0,0,0,0,0,0,0
17.490.904,128889,14151015,Ética na computação : uma abordagem baseada em casos / 2011,0,0,0,0,0,1,0,1,0,0,0,0,0,0,1,0,0,0,0,0,0,0,0,0,0,0,0,0,0,0,0,0,0,0,0,0,0,0,0,0,0,0,0,0,0,0,0,0
17.490.904,128889,14151017,Ética na computação : uma abordagem baseada em casos / 2011,0,0,0,0,0,0,0,0,0,0,0,0,0,0,0,0,0,0,0,0,1,1,0,0,0,1,0,0,0,0,0,0,0,0,0,0,0,0,0,0,0,0,0,0,0,0,0,0
17.490.904,128889,14151036,Ética na computação : uma abordagem baseada em casos / 2011,0,0,0,1,0,0,0,0,0,0,0,0,0,0,1,0,0,0,0,0,0,0,0,0,0,0,1,0,0,0,0,0,0,0,0,0,0,0,0,0,0,0,0,0,0,0,0,0
17.490.904,128889,14151003,Ética na computação : uma abordagem baseada em casos / 2011,0,0,0,0,0,0,0,0,0,0,0,0,0,0,0,0,0,0,0,1,1,0,0,0,0,0,0,0,0,0,0,0,0,0,0,0,0,0,0,0,0,0,0,0,0,0,0,0
17.490.904,128889,14151031,Ética na computação : uma abordagem baseada em casos / 2011,0,0,0,0,0,0,0,0,0,0,0,0,0,0,0,0,0,0,0,0,0,0,0,0,0,0,0,0,0,0,0,0,0,1,1,0,0,0,0,0,0,0,0,0,0,0,0,0
17.490.904,128889,14151037,Ética na computação : uma abordagem baseada em casos / 2011,0,0,0,0,0,0,0,0,0,0,0,0,0,0,1,1,0,0,0,0,0,0,0,0,0,0,0,0,0,0,0,0,0,0,0,0,0,0,0,0,0,0,0,0,0,0,0,0
17.490.904,128889,14151039,Ética na computação : uma abordagem baseada em casos / 2011,0,0,0,0,0,0,0,0,0,0,0,0,0,0,0,0,0,0,0,1,0,0,0,0,0,1,0,0,0,0,0,0,0,0,0,0,0,0,0,0,0,0,0,0,0,0,0,0
17.490.904,128889,14151040,Ética na computação : uma abordagem baseada em casos / 2011,0,0,0,0,0,0,0,0,0,0,0,0,0,0,0,0,0,0,0,0,0,0,0,0,0,0,0,0,0,0,1,1,0,0,0,0,0,0,0,0,0,0,0,0,0,0,0,0
17.490.904,128889,14151022,Ética na computação : uma abordagem baseada em casos / 2011,0,0,0,0,0,0,0,0,0,0,0,0,0,0,1,0,0,0,0,0,0,0,0,0,0,0,0,0,0,0,0,0,0,0,0,0,0,0,0,0,0,0,0,0,0,0,0,0
204.35,221823,14384992,As coisas que você só vê quando desacelera / 2017,0,0,0,0,0,0,0,0,0,0,0,0,0,0,0,0,0,0,0,0,0,0,0,0,0,0,0,0,0,0,0,0,0,0,0,0,0,0,0,0,0,0,0,0,1,0,0,0
300.722,156470,14180795,Estudo de caso : planejamento e métodos - 5. ed. / 2015,0,0,0,0,0,0,0,0,0,0,0,0,0,0,1,1,0,0,0,0,0,0,0,0,0,0,0,0,0,0,0,0,0,0,0,0,0,0,0,0,0,0,0,0,0,0,0,0
307.76,116881,14364897,Morte e vida de grandes cidades - 2. ed. / 2000,0,0,0,0,0,0,0,0,0,0,0,0,0,0,0,0,0,0,0,0,0,0,0,0,0,0,0,0,0,0,0,0,0,0,0,0,0,0,0,1,0,0,0,0,0,0,0,0
310,137645,14151312,Introdução à estatística : atualização da tecnologia - 11. ed. / 2013,0,0,0,0,0,0,0,0,0,0,0,0,0,0,1,1,1,1,0,0,0,0,0,0,0,0,0,0,0,0,0,0,0,0,0,0,0,0,0,0,0,0,0,0,0,0,0,0
310,137645,14151290,Introdução à estatística : atualização da tecnologia - 11. ed. / 2013,0,0,1,0,0,0,0,0,0,0,0,0,0,0,0,0,0,0,0,0,0,0,0,0,0,0,1,0,0,0,0,0,0,0,0,0,0,0,0,1,0,0,0,0,0,0,0,0
310,137645,14316980,Introdução à estatística : atualização da tecnologia - 11. ed. / 2013,0,0,0,0,0,0,0,0,0,0,0,0,0,0,0,1,1,1,0,0,0,0,0,0,0,0,0,0,0,0,0,0,0,0,0,0,0,0,0,0,0,0,0,0,0,0,0,0
310,137645,14151311,Introdução à estatística : atualização da tecnologia - 11. ed. / 2013,1,0,0,0,0,0,0,0,0,0,0,0,0,0,0,0,0,0,0,0,0,0,0,0,0,0,0,0,0,0,0,0,0,0,0,0,0,0,0,0,0,0,0,0,0,0,0,0
327.101,200229,14328993,Introdução à Nova Ordem Mundial - 2. ed. rev. amp. / 2015,0,0,0,0,0,0,0,0,0,0,0,0,0,0,1,0,0,0,0,1,1,0,0,0,0,0,0,0,0,0,0,0,0,0,1,0,0,0,0,0,0,0,0,0,0,0,0,0
330,43642,14342128,Introdução à economia : princípios de micro e macroeconomia / 1999,0,0,0,0,1,1,1,0,0,0,0,0,0,0,0,0,0,0,0,0,0,0,0,0,0,0,0,0,0,0,0,0,0,0,0,0,0,0,0,0,0,0,0,0,0,0,0,0
330,186368,14279684,"livro da economia, O / 2013",0,0,0,0,0,0,0,0,0,0,0,0,0,0,0,1,0,0,0,0,0,0,0,1,0,0,0,0,0,0,0,0,0,0,1,0,0,0,0,0,0,0,0,0,0,1,0,1
332.6,164639,14302607,Projeto de investimento : com estudo de caso completo na área de serviços - 1. ed. / 2004,0,0,0,0,0,0,0,0,0,0,0,0,0,0,0,2,1,1,0,0,0,0,0,0,0,0,0,0,0,0,0,0,0,0,0,0,0,0,0,0,0,0,0,0,0,0,0,0
332.678,183405,14311455,"Investidor inteligente: um guia prático de como ganhar dinheiro na bolsa, O / 2007",0,0,0,0,0,0,0,0,0,0,0,0,0,0,0,2,1,1,0,0,0,0,0,0,0,0,0,0,0,0,2,1,1,1,0,0,0,0,0,0,0,0,0,0,0,0,0,0
333.715,191362,14302511,"Meio ambiente, ensino de ciências e tecnologias sustentáveis: práticas, propostas e desafios. / 2018",2,1,1,1,1,1,1,0,0,0,0,0,0,0,0,0,0,0,0,0,0,0,0,0,0,0,0,0,0,0,0,0,0,0,0,0,0,0,0,0,0,0,0,0,0,0,0,0
333.91,188016,14317078,Recursos hídricos e atividade econômica na perspectiva jurídica do desenvolvimento sustentável / 2009,0,0,0,0,0,0,0,0,0,0,0,0,0,0,0,0,0,0,0,0,0,0,0,0,0,0,0,0,0,0,0,0,0,0,0,0,0,0,0,0,0,0,0,0,0,1,0,0
337,154547,14170313,"Mundo é plano : uma breve história do século XXI, O / 2007",0,0,0,0,0,0,0,0,0,0,0,0,0,0,0,0,0,0,1,1,0,0,0,0,0,0,0,0,0,0,0,0,0,0,0,0,0,0,0,0,0,0,0,0,0,0,0,0
337,154547,14170314,"Mundo é plano : uma breve história do século XXI, O / 2007",0,0,0,0,1,1,0,0,0,0,0,0,0,0,0,0,0,0,0,0,0,0,0,0,0,0,0,0,0,0,0,0,0,0,0,0,0,0,0,0,0,0,0,0,0,0,0,0
340,107542,14148731,"Direito na sociedade da informação, O / 2007",0,0,0,0,0,0,0,0,0,0,0,0,0,0,0,0,0,0,0,0,0,0,0,0,0,0,0,0,0,0,0,0,0,0,0,0,0,0,0,0,0,0,0,0,1,0,0,0
340.112,111145,14148848,Ética e direito : uma perspectiva integrada - 3. ed. / 2009,0,0,1,1,1,1,1,2,1,1,1,0,0,0,1,1,1,1,0,1,0,0,0,0,0,0,0,0,0,0,0,0,0,0,0,0,0,0,0,0,0,0,0,0,0,0,0,0
340.112,111145,14148816,Ética e direito : uma perspectiva integrada - 3. ed. / 2009,0,0,0,0,0,0,0,0,0,0,0,0,0,0,1,1,1,1,0,1,0,0,0,0,0,1,0,0,0,0,0,1,0,0,0,0,0,0,0,0,0,0,0,0,0,0,0,0
340.112,111145,14148846,Ética e direito : uma perspectiva integrada - 3. ed. / 2009,0,0,0,0,0,0,0,0,0,0,0,0,0,0,0,0,0,0,0,0,0,0,0,0,0,1,0,0,0,0,0,0,0,1,1,1,1,0,0,0,0,0,0,0,0,0,0,0
340.112,111145,14148831,Ética e direito : uma perspectiva integrada - 3. ed. / 2009,0,0,0,0,0,0,0,0,1,0,0,0,0,0,1,1,1,0,0,0,0,0,0,0,0,0,0,0,0,0,0,0,0,0,0,0,0,0,0,0,0,0,0,0,0,0,0,0
340.112,111145,14148842,Ética e direito : uma perspectiva integrada - 3. ed. / 2009,0,0,0,0,0,0,0,0,0,0,0,0,0,0,1,0,0,0,0,0,0,0,0,0,0,1,0,0,0,0,0,0,0,0,2,0,0,0,0,0,0,0,0,0,0,0,0,0
340.112,111145,14148812,Ética e direito : uma perspectiva integrada - 3. ed. / 2009,0,0,1,1,0,0,0,0,0,0,0,0,0,0,0,1,0,0,0,0,0,0,0,0,0,0,0,0,0,0,0,0,0,0,0,0,0,0,0,0,0,0,0,0,0,0,0,0
340.112,111145,14148818,Ética e direito : uma perspectiva integrada - 3. ed. / 2009,0,0,0,0,0,0,0,0,0,0,0,0,0,0,0,0,0,0,0,0,0,0,0,0,0,0,0,0,0,0,0,0,0,0,0,0,0,0,0,0,0,0,0,0,1,1,1,0
340.112,111145,14148827,Ética e direito : uma perspectiva integrada - 3. ed. / 2009,0,0,0,0,0,0,0,0,0,0,0,0,0,0,0,0,0,0,0,0,0,0,0,0,0,0,0,0,0,0,0,0,0,0,0,0,0,0,0,0,0,0,0,0,1,1,1,0
340.112,111145,14148822,Ética e direito : uma perspectiva integrada - 3. ed. / 2009,0,0,0,0,0,0,0,0,0,0,0,0,0,0,0,0,0,0,0,0,0,0,0,0,0,0,1,0,0,0,0,1,0,0,0,0,0,0,0,0,0,0,0,0,0,0,0,0
340.112,111145,14148826,Ética e direito : uma perspectiva integrada - 3. ed. / 2009,0,0,0,0,0,0,0,0,0,0,0,0,0,0,1,0,0,0,0,0,0,0,0,0,0,1,0,0,0,0,0,0,0,0,0,0,0,0,0,0,0,0,0,0,0,0,0,0
340.112,111145,14148811,Ética e direito : uma perspectiva integrada - 3. ed. / 2009,0,0,0,0,0,0,0,0,0,0,0,0,0,0,0,0,0,0,0,0,0,0,0,0,0,0,0,0,0,0,0,0,0,0,0,0,0,0,0,0,0,0,0,0,1,0,0,0
340.112,111145,14148821,Ética e direito : uma perspectiva integrada - 3. ed. / 2009,0,0,1,0,0,0,0,0,0,0,0,0,0,0,0,0,0,0,0,0,0,0,0,0,0,0,0,0,0,0,0,0,0,0,0,0,0,0,0,0,0,0,0,0,0,0,0,0
340.112,111145,14148833,Ética e direito : uma perspectiva integrada - 3. ed. / 2009,0,0,0,0,0,0,0,0,0,0,0,0,0,0,0,0,0,0,0,0,0,0,0,0,0,1,0,0,0,0,0,0,0,0,0,0,0,0,0,0,0,0,0,0,0,0,0,0
340.112,111145,14148836,Ética e direito : uma perspectiva integrada - 3. ed. / 2009,0,0,0,0,0,0,0,0,0,0,0,0,0,0,0,0,0,0,0,0,0,0,0,0,0,0,1,0,0,0,0,0,0,0,0,0,0,0,0,0,0,0,0,0,0,0,0,0
341.617,151745,14159246,"Segurança e medicina do trabalho: NR-1 a 36 ; CLT - arts. 154 a 201 - Lei n.6.514, de 22-12-1977; Portaria n. 3.214, de 8-6-1978; Legislação complementar; Índice remissivo - 74. ed. / 2014",0,0,1,1,1,1,0,0,0,0,0,0,0,0,0,0,0,0,0,0,0,0,0,0,0,0,0,0,0,0,0,0,0,0,0,0,0,0,0,0,0,0,0,0,0,0,0,0
3.438.104,157021,14183826,Código tributário nacional : constituição federal ; legislação - 20. ed. / 2014,0,0,0,0,0,0,0,0,0,0,0,0,0,0,0,0,0,1,0,0,0,0,0,0,0,0,0,0,0,0,0,0,0,0,0,0,0,0,0,0,0,0,0,0,0,0,0,0
344.810.465,158240,14188036,"Manual de segurança, higiene e medicina do trabalho - 8 ed. atual. / 2014",0,0,0,0,0,0,0,0,0,0,0,0,0,0,0,0,0,1,0,0,0,0,0,0,0,0,0,0,0,0,0,0,0,0,0,0,0,0,0,0,0,0,0,0,0,0,0,0
363.11,157068,14184189,Higiene e segurança do trabalho / 2011,0,0,1,1,1,1,1,0,0,0,0,0,0,0,0,0,0,1,0,0,0,0,0,0,0,0,0,0,0,0,0,0,0,0,1,0,0,0,0,0,0,0,0,0,0,0,0,0
36.370.071,140206,14372511,"Que é educação ambiental, O - 2. ed., rev. e amp. / 2009",0,0,0,0,0,0,0,0,0,0,0,0,0,0,0,0,0,0,0,0,0,0,0,0,0,0,0,0,0,0,0,0,0,0,0,0,0,0,0,0,0,0,0,0,0,1,0,1
370.1,217946,14371887,Pedagogia do oprimido - 87. ed. / 2023,0,0,0,0,0,0,0,0,0,0,0,0,0,0,0,0,0,0,0,0,0,0,0,0,0,0,0,0,0,0,0,0,0,2,1,3,1,2,0,2,1,1,1,0,1,0,0,0
370.1,217946,14371883,Pedagogia do oprimido - 87. ed. / 2023,0,0,0,0,0,0,0,0,0,0,0,0,0,0,0,0,0,0,0,0,0,0,0,0,0,0,0,0,0,0,0,0,0,1,1,1,1,1,0,1,1,0,0,0,1,0,0,0
370.1,217946,14371884,Pedagogia do oprimido - 87. ed. / 2023,0,0,0,0,0,0,0,0,0,0,0,0,0,0,0,0,0,0,0,0,0,0,0,0,0,0,0,0,0,0,0,0,0,0,0,0,0,0,0,0,0,0,0,0,0,0,1,0
370.1,217946,14371886,Pedagogia do oprimido - 87. ed. / 2023,0,0,0,0,0,0,0,0,0,0,0,0,0,0,0,0,0,0,0,0,0,0,0,0,0,0,0,0,0,0,0,0,0,0,0,0,0,0,0,0,0,0,0,0,1,0,0,0
370.115,219946,14373334,"Pedagogia da autonomia
 : saberes necessários à prática educativa - 78. ed. / 2024",0,0,0,0,0,0,0,0,0,0,0,0,0,0,0,0,0,0,0,0,0,0,0,0,0,0,0,0,0,0,0,0,0,0,0,0,0,0,0,0,0,0,0,0,0,0,0,1
388.4,73499,14185077,Transporte público urbano - 2. ed. ampl. a atual. / 2004,0,0,0,0,0,0,0,0,0,0,0,0,0,0,0,0,0,0,0,0,0,0,0,0,0,0,0,0,0,0,0,0,0,1,1,1,1,0,0,0,0,0,0,0,0,0,0,0
388.4,73499,14185081,Transporte público urbano - 2. ed. ampl. a atual. / 2004,0,0,0,1,2,1,0,0,0,0,0,0,0,0,0,0,0,0,0,0,0,0,0,0,0,0,0,0,0,0,0,0,0,0,0,0,0,0,0,0,0,0,0,0,0,0,0,0
388.4,73499,14185080,Transporte público urbano - 2. ed. ampl. a atual. / 2004,0,0,0,0,0,0,0,0,0,0,0,0,0,0,0,0,0,0,0,0,0,0,0,0,0,0,0,0,0,0,0,0,0,0,1,0,0,0,0,0,0,0,0,0,0,0,0,0
388.4,73499,14185083,Transporte público urbano - 2. ed. ampl. a atual. / 2004,0,0,0,0,0,0,0,0,0,0,0,0,0,0,0,0,0,0,0,0,0,0,0,0,0,0,0,0,0,0,0,0,0,0,1,0,0,0,0,0,0,0,0,0,0,0,0,0
389.1,154421,14170858,Metrologia na indústria - 9. ed. atual. e rev. / 2013,0,0,0,0,0,0,0,1,1,1,1,1,0,0,0,0,0,0,0,1,1,1,1,0,0,0,0,0,0,0,0,0,0,0,0,0,0,0,0,0,0,0,0,0,1,0,0,0
389.1,154421,14170855,Metrologia na indústria - 9. ed. atual. e rev. / 2013,0,0,0,0,0,0,0,1,1,1,1,0,0,0,0,0,0,0,0,0,0,0,0,0,0,0,0,0,0,0,0,0,0,0,0,0,0,0,0,0,0,0,0,0,0,0,0,1
389.1,154421,14170863,Metrologia na indústria - 9. ed. atual. e rev. / 2013,0,0,0,0,0,0,0,1,1,1,1,1,0,0,0,0,0,0,0,0,0,0,0,0,0,0,0,0,0,0,0,0,0,0,0,0,0,0,0,0,0,0,0,0,0,0,0,0
389.1,154421,14170868,Metrologia na indústria - 9. ed. atual. e rev. / 2013,0,0,0,0,0,0,0,1,1,1,1,1,0,0,0,0,0,0,0,0,0,0,0,0,0,0,0,0,0,0,0,0,0,0,0,0,0,0,0,0,0,0,0,0,0,0,0,0
389.1,154421,14170861,Metrologia na indústria - 9. ed. atual. e rev. / 2013,0,0,0,0,0,0,0,1,1,1,1,0,0,0,0,0,0,0,0,0,0,0,0,0,0,0,0,0,0,0,0,0,0,0,0,0,0,0,0,0,0,0,0,0,0,0,0,0
389.1,154421,14170852,Metrologia na indústria - 9. ed. atual. e rev. / 2013,0,0,0,0,0,0,0,1,1,0,0,0,0,0,0,0,0,0,0,0,0,0,0,0,0,0,0,0,0,0,0,0,0,0,0,0,0,0,0,0,0,0,0,0,0,0,0,0
398.5,45543,14239032,Cordéis / 1999,0,0,0,0,0,0,0,0,0,0,0,0,0,0,0,0,0,0,0,0,0,0,0,0,0,0,0,0,0,0,0,0,0,0,0,0,0,0,0,0,0,0,1,1,0,0,0,0
423.69,218456,14372464,"Collins Dicionário escolar : inglês-português, português-inglês - 6rd ed. / 2013",0,0,0,0,0,0,0,0,0,0,0,0,0,0,0,0,0,0,0,0,0,0,0,0,0,0,0,0,0,0,0,0,0,0,0,0,0,0,0,0,0,0,0,0,0,0,1,0
428.24,171167,14372705,Inglês instrumental para informática : módulo I - 3. ed. rev. / 2014,0,0,0,0,0,0,0,0,0,0,0,0,0,0,0,0,0,0,0,0,0,0,0,0,0,0,0,0,0,0,0,0,0,0,0,0,0,0,0,0,1,1,0,0,0,0,0,0
463.69,156691,14182718,"Dicionário santillana para estudantes : espanhol-português, português-espanhol - 2. ed. / 2008",0,0,0,0,0,0,0,0,0,0,0,0,0,0,0,0,0,0,0,0,0,0,0,0,0,0,0,0,0,0,0,0,0,0,0,0,0,0,0,0,0,1,0,0,0,0,0,0
469.03,124074,14182291,"Dicionario Oxford escolar : para estudantes brasileiros de inglês : português-inglês, inglês-português 
 - 2nd ed. rev. / 2009",0,0,0,0,0,0,0,0,0,0,0,0,0,0,0,1,1,1,0,1,1,1,1,1,0,0,1,0,0,0,0,0,0,0,0,0,0,0,0,0,1,1,0,0,0,0,1,0
469.03,124074,14182292,"Dicionario Oxford escolar : para estudantes brasileiros de inglês : português-inglês, inglês-português 
 - 2nd ed. rev. / 2009",2,0,0,0,0,1,0,0,0,0,0,0,0,0,0,1,0,0,0,0,0,0,0,1,0,0,0,0,0,0,0,0,0,0,1,0,0,0,0,0,0,0,1,0,0,1,0,0
509,171762,14220497,"Fatos que mudaram nossa forma de ver o universo, volume 2: ciências exatas / 2011",0,0,0,0,0,0,0,0,0,0,0,0,0,0,0,0,0,0,1,1,0,0,1,0,0,0,1,0,0,0,0,0,0,0,0,0,0,0,0,0,0,0,0,0,0,0,0,0
510,114386,14168112,Matemática discreta : uma introdução / 2011,0,0,0,1,0,0,0,1,1,0,2,1,0,0,2,0,0,0,0,0,0,0,0,0,0,0,0,0,0,0,0,0,1,0,1,1,0,0,1,1,1,0,1,0,0,0,0,0
510,114386,14168111,Matemática discreta : uma introdução / 2011,0,0,0,0,1,0,0,0,0,0,0,0,0,0,1,1,1,1,0,1,1,0,0,1,0,0,0,0,0,0,0,0,1,0,0,1,0,0,1,0,0,0,0,0,0,0,0,0
510,114386,14168110,Matemática discreta : uma introdução / 2011,0,0,0,0,1,0,0,0,1,0,0,0,0,0,1,0,1,2,0,0,0,0,0,0,0,0,0,0,0,0,0,0,1,0,0,0,1,0,1,0,0,0,0,0,0,0,0,0
510,129300,14164849,Fundamentos da matemática discreta / 2011,0,0,1,1,0,0,0,0,0,0,0,0,0,0,1,1,1,0,0,2,0,0,0,0,0,0,0,0,0,0,0,0,0,2,2,1,2,0,1,1,0,0,0,0,0,0,0,0
510,129300,14164850,Fundamentos da matemática discreta / 2011,0,0,1,0,0,0,0,0,0,0,0,0,0,0,1,0,1,0,0,1,0,0,1,0,0,0,0,0,0,0,0,0,0,2,1,1,1,1,0,1,0,0,0,0,0,0,0,0
510,129335,14148719,Aprendendo matemática discreta com exercícios / 2009,0,0,0,0,0,0,0,0,0,0,0,0,0,0,0,0,0,0,0,0,0,0,0,0,0,1,0,0,0,0,0,0,1,1,1,1,1,0,0,2,0,0,0,0,0,0,0,0
510,129335,14148717,Aprendendo matemática discreta com exercícios / 2009,0,0,0,0,0,0,0,0,0,0,0,0,0,0,1,0,0,0,1,0,0,0,0,0,1,0,0,0,0,0,0,0,0,0,0,0,0,0,0,1,1,1,0,0,0,0,0,0
510,129335,14148720,Aprendendo matemática discreta com exercícios / 2009,0,0,2,1,0,0,0,1,1,0,0,0,0,0,0,0,0,0,0,0,0,0,0,0,0,0,0,0,0,0,0,0,0,0,0,0,0,0,0,1,0,0,0,0,0,0,0,0
510,129335,14148718,Aprendendo matemática discreta com exercícios / 2009,0,0,0,0,0,0,0,0,0,0,0,0,0,0,1,0,0,0,0,0,0,0,0,0,0,0,0,0,0,0,0,0,0,0,0,0,0,0,0,1,0,0,0,0,0,0,0,0
510,140131,14151536,"Fundamentos de matemática elementar: 1 : conjuntos, funções - 9. ed. / 2013",0,0,1,1,1,0,0,1,1,1,1,1,0,0,1,1,1,2,0,1,1,1,0,0,1,0,1,1,0,0,1,1,1,1,1,1,1,1,0,1,1,1,0,0,2,1,1,1
510,140131,14151539,"Fundamentos de matemática elementar: 1 : conjuntos, funções - 9. ed. / 2013",1,1,1,1,1,0,0,1,1,1,1,0,0,0,1,1,1,1,1,1,1,1,1,1,0,0,1,0,1,1,0,1,1,1,1,1,1,1,0,3,0,0,0,0,1,0,0,0
510,140131,14151506,"Fundamentos de matemática elementar: 1 : conjuntos, funções - 9. ed. / 2013",0,0,1,1,1,0,0,1,1,1,1,0,0,0,1,1,1,1,1,1,1,1,0,0,0,1,0,0,0,0,1,1,2,1,1,1,1,1,0,2,0,0,0,0,1,1,1,1
510,140131,14151552,"Fundamentos de matemática elementar: 1 : conjuntos, funções - 9. ed. / 2013",1,1,1,1,1,0,0,1,1,1,1,0,0,0,2,1,1,0,1,1,1,2,0,0,0,1,0,1,0,0,1,0,0,1,1,0,1,0,0,1,0,0,0,0,1,1,1,1
510,140131,14151501,"Fundamentos de matemática elementar: 1 : conjuntos, funções - 9. ed. / 2013",0,0,0,1,1,0,0,1,1,1,0,0,0,0,1,1,2,1,0,1,2,1,1,1,0,0,0,0,0,0,0,1,1,1,1,1,1,0,0,2,1,0,1,0,1,1,0,0
510,140131,14151509,"Fundamentos de matemática elementar: 1 : conjuntos, funções - 9. ed. / 2013",0,0,1,1,1,0,0,1,2,0,0,0,0,0,1,1,1,1,0,1,1,1,1,1,0,0,0,0,0,0,0,1,1,1,1,1,0,0,0,1,1,1,1,2,1,0,1,0
510,140131,14151519,"Fundamentos de matemática elementar: 1 : conjuntos, funções - 9. ed. / 2013",0,0,1,0,2,2,1,1,0,1,0,0,0,0,1,1,1,1,1,1,1,0,0,0,0,1,0,0,0,0,0,1,0,1,1,1,1,0,0,1,0,1,0,0,1,1,1,2
510,140131,14151543,"Fundamentos de matemática elementar: 1 : conjuntos, funções - 9. ed. / 2013",1,1,0,2,1,0,0,1,1,1,0,0,0,0,1,1,1,0,0,1,1,1,0,0,0,0,2,0,0,0,0,1,1,1,1,1,1,1,0,1,1,0,0,0,1,1,1,0
510,140131,14151526,"Fundamentos de matemática elementar: 1 : conjuntos, funções - 9. ed. / 2013",2,0,1,1,1,1,0,1,1,1,1,0,0,0,1,1,1,1,0,1,1,1,0,0,0,0,1,0,0,0,0,1,0,1,1,1,1,0,0,2,0,0,0,0,1,1,0,0
510,140131,14151503,"Fundamentos de matemática elementar: 1 : conjuntos, funções - 9. ed. / 2013",1,1,2,1,1,1,1,1,1,1,1,1,0,0,1,1,1,0,0,1,1,1,0,0,0,0,1,1,0,0,0,0,0,0,0,0,0,0,0,1,1,0,0,0,1,1,1,0
510,140131,14151504,"Fundamentos de matemática elementar: 1 : conjuntos, funções - 9. ed. / 2013",0,0,1,2,1,0,0,1,1,0,0,0,0,0,1,1,1,1,0,1,1,0,0,0,0,0,1,0,0,0,0,1,0,1,1,1,1,1,0,1,1,2,1,0,1,1,0,0
510,140131,14151507,"Fundamentos de matemática elementar: 1 : conjuntos, funções - 9. ed. / 2013",0,0,1,1,1,0,0,1,1,0,0,0,0,0,1,0,2,1,0,1,1,1,0,0,0,1,0,0,0,0,1,2,0,0,2,1,1,0,0,1,1,0,0,0,1,0,1,2
510,140131,14151508,"Fundamentos de matemática elementar: 1 : conjuntos, funções - 9. ed. / 2013",0,0,1,1,1,1,1,1,1,0,0,0,0,0,1,1,1,2,1,2,1,1,0,0,0,0,1,0,0,0,0,1,1,1,0,0,0,0,0,1,1,1,0,0,1,0,1,0
510,140131,14151541,"Fundamentos de matemática elementar: 1 : conjuntos, funções - 9. ed. / 2013",0,0,1,0,0,0,0,1,1,0,0,0,0,0,1,1,1,1,1,1,1,1,1,1,0,0,2,0,0,0,0,1,1,0,2,0,1,0,0,1,1,0,1,0,2,1,0,0
510,140131,14151550,"Fundamentos de matemática elementar: 1 : conjuntos, funções - 9. ed. / 2013",0,0,0,1,1,0,0,2,1,1,1,0,0,0,1,2,1,1,0,1,1,1,1,0,0,0,2,0,0,0,0,1,1,1,0,0,0,0,0,2,1,0,0,0,1,1,0,0
510,140131,14151498,"Fundamentos de matemática elementar: 1 : conjuntos, funções - 9. ed. / 2013",0,0,0,1,1,1,2,1,1,1,2,1,0,0,1,1,1,1,0,1,1,1,0,0,0,0,1,0,0,0,0,0,0,1,1,0,0,0,0,1,1,0,0,0,1,1,0,0
510,140131,14151511,"Fundamentos de matemática elementar: 1 : conjuntos, funções - 9. ed. / 2013",0,0,1,1,1,0,0,1,1,0,1,0,0,0,1,1,0,0,0,1,0,2,1,0,0,1,0,0,0,0,0,1,1,1,1,1,1,0,0,2,0,0,0,0,1,1,1,1
510,140131,14151524,"Fundamentos de matemática elementar: 1 : conjuntos, funções - 9. ed. / 2013",0,0,1,1,1,1,0,1,1,1,0,0,0,0,1,0,1,2,0,1,1,1,0,0,0,0,1,0,0,0,0,1,0,1,1,0,1,1,0,1,1,0,0,0,1,1,0,1
510,140131,14151547,"Fundamentos de matemática elementar: 1 : conjuntos, funções - 9. ed. / 2013",0,0,1,2,1,1,1,2,1,1,1,0,0,0,1,0,0,0,0,1,1,1,0,0,0,0,1,0,0,0,1,1,0,0,1,2,1,0,0,1,0,0,0,0,1,1,0,0
510,140131,14151500,"Fundamentos de matemática elementar: 1 : conjuntos, funções - 9. ed. / 2013",0,0,1,0,1,0,0,1,1,1,0,0,0,0,2,1,1,0,0,0,1,1,0,0,0,0,1,0,0,0,1,1,1,1,1,1,1,0,0,1,1,0,0,0,1,1,1,0
510,140131,14151515,"Fundamentos de matemática elementar: 1 : conjuntos, funções - 9. ed. / 2013",0,0,1,1,2,0,0,1,1,1,0,0,0,0,1,1,1,0,0,1,1,1,0,0,0,1,0,0,0,0,0,0,0,0,2,0,0,1,1,1,1,0,0,0,1,1,0,2
510,140131,14151516,"Fundamentos de matemática elementar: 1 : conjuntos, funções - 9. ed. / 2013",0,0,1,1,1,1,0,1,1,1,0,0,0,0,1,1,1,0,1,1,1,1,1,0,0,1,0,0,0,0,0,1,1,0,1,1,0,0,0,1,1,0,0,0,1,1,0,0
510,140131,14151520,"Fundamentos de matemática elementar: 1 : conjuntos, funções - 9. ed. / 2013",0,0,1,1,1,1,0,1,1,1,1,1,0,0,3,1,0,0,0,0,1,1,1,0,0,1,0,0,0,0,0,0,0,1,1,1,1,0,0,2,1,0,0,0,0,0,0,0
510,140131,14151523,"Fundamentos de matemática elementar: 1 : conjuntos, funções - 9. ed. / 2013",0,0,0,1,1,0,0,1,1,1,1,1,0,0,1,1,1,0,1,1,1,0,0,0,0,1,0,0,0,0,0,0,1,1,0,1,1,0,0,1,1,0,0,0,1,1,1,1
510,140131,14151537,"Fundamentos de matemática elementar: 1 : conjuntos, funções - 9. ed. / 2013",0,0,1,1,1,1,1,2,0,1,1,2,0,0,1,1,0,0,0,0,1,1,0,0,0,1,1,0,0,0,0,0,0,1,1,1,0,0,0,1,1,0,0,0,0,2,0,0
510,140131,14151540,"Fundamentos de matemática elementar: 1 : conjuntos, funções - 9. ed. / 2013",1,1,1,1,1,0,0,1,1,1,1,0,0,0,1,1,1,0,0,1,0,1,1,0,0,1,0,0,0,0,0,1,0,0,0,0,1,0,0,1,1,0,0,0,1,1,1,0
510,140131,14151499,"Fundamentos de matemática elementar: 1 : conjuntos, funções - 9. ed. / 2013",1,1,1,1,1,0,1,1,0,0,0,0,0,0,1,1,1,1,0,1,1,0,0,0,0,0,2,0,0,0,0,0,0,0,1,0,1,0,0,1,2,0,0,0,1,1,0,0
510,140131,14151556,"Fundamentos de matemática elementar: 1 : conjuntos, funções - 9. ed. / 2013",0,0,1,0,1,0,0,1,1,1,0,0,0,0,1,0,0,1,0,0,1,1,0,0,0,1,0,0,0,0,0,0,0,1,1,1,1,0,0,1,2,0,0,0,1,2,1,1
510,140131,14151514,"Fundamentos de matemática elementar: 1 : conjuntos, funções - 9. ed. / 2013",0,0,1,1,0,0,0,1,0,0,0,0,0,0,0,1,0,0,0,0,1,1,0,0,0,1,1,1,0,1,1,2,1,1,1,0,0,0,0,2,0,0,0,0,1,1,0,1
510,140131,14151527,"Fundamentos de matemática elementar: 1 : conjuntos, funções - 9. ed. / 2013",0,0,1,1,1,0,0,1,1,1,0,0,0,0,1,1,1,1,0,0,1,1,0,0,0,1,1,0,0,0,0,0,0,1,1,0,1,0,0,1,1,0,0,0,1,1,0,0
510,140131,14151529,"Fundamentos de matemática elementar: 1 : conjuntos, funções - 9. ed. / 2013",0,0,0,1,1,1,0,1,1,0,0,0,0,0,2,1,1,0,0,0,1,1,1,0,0,0,1,0,0,0,0,1,0,1,1,1,1,1,0,2,0,0,0,0,0,0,0,0
510,140131,14151549,"Fundamentos de matemática elementar: 1 : conjuntos, funções - 9. ed. / 2013",0,0,1,1,0,0,0,1,1,1,0,0,0,0,1,1,1,0,0,1,2,1,0,0,0,0,1,0,0,0,0,0,0,1,2,0,1,0,0,2,1,0,0,0,0,1,0,0
510,140131,14151518,"Fundamentos de matemática elementar: 1 : conjuntos, funções - 9. ed. / 2013",1,1,1,1,1,0,0,1,1,1,1,0,0,0,1,1,1,0,1,1,1,1,1,1,0,0,1,0,0,0,0,0,0,0,0,0,0,0,0,0,1,0,0,0,0,0,0,0
510,140131,14151528,"Fundamentos de matemática elementar: 1 : conjuntos, funções - 9. ed. / 2013",0,0,0,0,1,0,0,1,1,1,0,0,0,0,1,1,1,0,0,0,1,1,1,0,0,1,0,0,0,0,0,2,0,1,1,1,1,0,0,1,1,0,0,0,1,0,0,0
510,140131,14151533,"Fundamentos de matemática elementar: 1 : conjuntos, funções - 9. ed. / 2013",0,0,1,1,1,0,0,1,0,0,0,0,0,0,1,1,1,1,0,1,1,1,0,1,0,1,0,0,0,0,0,0,0,0,2,1,1,1,0,0,0,0,0,0,1,1,0,0
510,140131,14151546,"Fundamentos de matemática elementar: 1 : conjuntos, funções - 9. ed. / 2013",0,0,0,1,1,1,1,2,1,1,0,0,0,0,1,1,0,0,0,2,0,2,1,0,0,0,1,0,0,0,0,0,0,0,0,0,0,0,0,1,1,0,0,0,1,1,0,0
510,140131,14151505,"Fundamentos de matemática elementar: 1 : conjuntos, funções - 9. ed. / 2013",0,0,1,0,0,0,0,1,0,1,0,1,0,0,1,1,1,0,0,0,1,1,1,0,0,0,1,1,0,0,0,0,0,1,1,1,0,0,0,2,0,0,0,0,1,1,0,0
510,140131,14151510,"Fundamentos de matemática elementar: 1 : conjuntos, funções - 9. ed. / 2013",0,0,1,2,1,0,0,1,1,0,1,0,0,0,0,0,0,0,0,1,1,0,0,0,0,1,1,0,0,0,0,1,0,1,0,0,0,0,0,1,1,0,0,0,1,1,1,1
510,140131,14151538,"Fundamentos de matemática elementar: 1 : conjuntos, funções - 9. ed. / 2013",0,0,2,1,1,0,0,1,1,1,0,0,0,0,1,1,0,0,0,1,1,2,0,0,0,1,0,0,0,0,0,0,0,0,0,0,0,1,0,1,1,0,0,0,1,1,0,0
510,140131,14151544,"Fundamentos de matemática elementar: 1 : conjuntos, funções - 9. ed. / 2013",1,1,1,0,0,0,0,1,1,1,0,0,0,0,1,0,1,0,0,1,1,2,1,0,0,0,1,0,0,0,0,0,0,0,0,0,0,0,0,1,1,0,0,0,1,1,1,0
510,140131,14151530,"Fundamentos de matemática elementar: 1 : conjuntos, funções - 9. ed. / 2013",0,0,1,1,1,0,0,1,0,0,0,0,0,0,1,1,1,0,1,1,1,0,0,0,0,0,1,1,0,0,0,0,0,0,0,0,0,0,0,1,1,0,0,0,1,1,1,1
510,140131,14151534,"Fundamentos de matemática elementar: 1 : conjuntos, funções - 9. ed. / 2013",0,0,2,1,1,0,0,1,1,0,0,0,0,0,1,1,1,0,0,0,1,1,1,0,0,0,0,0,0,0,0,0,0,0,0,0,0,0,0,2,1,0,0,0,1,1,1,0
510,140131,14151535,"Fundamentos de matemática elementar: 1 : conjuntos, funções - 9. ed. / 2013",0,0,1,1,1,0,0,1,1,1,1,0,0,0,1,1,1,1,0,2,1,1,0,1,0,0,1,0,0,0,1,0,0,0,0,0,0,0,0,0,0,0,0,0,0,0,0,0
510,140131,14151542,"Fundamentos de matemática elementar: 1 : conjuntos, funções - 9. ed. / 2013",1,0,1,1,0,0,0,1,0,1,0,1,1,0,1,1,1,0,0,0,1,0,0,0,0,1,0,0,0,0,0,0,0,0,1,1,2,0,0,1,1,0,0,0,0,0,0,0
510,140131,14151497,"Fundamentos de matemática elementar: 1 : conjuntos, funções - 9. ed. / 2013",0,0,0,1,1,1,0,1,1,2,0,0,0,0,1,2,1,1,1,1,1,1,1,0,0,0,0,0,0,0,0,0,0,0,0,0,0,0,0,0,0,0,0,0,0,0,0,0
510,140131,14151531,"Fundamentos de matemática elementar: 1 : conjuntos, funções - 9. ed. / 2013",0,0,1,2,1,0,0,1,0,0,0,0,0,0,1,1,1,0,0,1,0,1,1,0,0,0,0,0,0,0,1,1,0,0,1,0,0,0,0,1,1,0,0,0,1,0,0,0
510,140131,14151512,"Fundamentos de matemática elementar: 1 : conjuntos, funções - 9. ed. / 2013",0,0,1,1,0,0,0,1,1,1,1,0,0,0,1,0,1,0,0,1,0,1,0,0,0,0,1,0,0,0,0,0,0,0,0,0,0,0,0,2,0,0,0,0,1,1,1,0
510,140131,14151525,"Fundamentos de matemática elementar: 1 : conjuntos, funções - 9. ed. / 2013",0,0,0,0,0,0,0,0,1,1,1,1,0,0,2,1,0,0,0,0,1,1,1,0,0,0,1,0,0,0,0,0,0,0,1,0,0,0,0,2,0,0,0,0,1,1,0,0
510,140131,14151555,"Fundamentos de matemática elementar: 1 : conjuntos, funções - 9. ed. / 2013",0,0,0,0,0,0,0,0,0,0,0,0,0,0,0,0,0,0,0,1,0,1,1,0,0,0,1,0,0,0,0,0,0,0,2,1,1,0,0,2,1,2,1,0,1,1,0,0
510,140131,14151522,"Fundamentos de matemática elementar: 1 : conjuntos, funções - 9. ed. / 2013",0,0,1,1,1,0,0,1,0,1,0,0,0,0,1,1,0,0,1,1,0,0,0,0,0,0,1,0,0,0,0,1,0,0,0,0,0,0,0,2,1,0,0,0,1,0,0,0
510,140131,14151532,"Fundamentos de matemática elementar: 1 : conjuntos, funções - 9. ed. / 2013",0,0,0,1,1,1,0,2,0,0,0,0,0,0,2,0,1,0,0,1,0,0,0,0,0,0,1,0,0,0,0,0,0,0,0,0,0,0,0,1,1,1,1,0,0,0,0,0
510,140131,14151513,"Fundamentos de matemática elementar: 1 : conjuntos, funções - 9. ed. / 2013",0,0,1,1,0,0,0,1,0,0,0,0,0,0,1,1,0,0,0,0,1,0,0,0,0,0,1,0,1,0,1,0,0,0,0,0,0,0,0,1,0,0,1,0,1,1,0,0
510,140131,14151545,"Fundamentos de matemática elementar: 1 : conjuntos, funções - 9. ed. / 2013",0,0,0,0,0,0,0,0,0,0,0,0,0,0,1,1,1,0,0,0,1,0,0,0,0,0,1,0,0,0,0,0,0,1,1,0,0,0,0,2,0,0,0,0,2,0,0,0
510,140131,14344939,"Fundamentos de matemática elementar: 1 : conjuntos, funções - 9. ed. / 2013",0,0,0,0,0,0,0,0,0,0,0,0,0,0,0,0,0,0,0,0,0,0,0,0,0,0,0,0,0,0,1,0,0,0,0,0,0,0,0,1,0,0,0,0,0,0,0,0
510,140801,14151986,"Fundamentos de matemática elementar : 5 : combinatória, probabilidade - 8. ed. / 2013",0,0,0,0,0,0,0,1,1,1,1,0,0,0,0,0,0,0,0,0,0,0,0,0,0,0,0,0,0,0,0,0,0,0,0,0,0,0,0,0,1,0,0,0,0,0,0,0
510,140801,14152020,"Fundamentos de matemática elementar : 5 : combinatória, probabilidade - 8. ed. / 2013",0,0,0,0,0,0,1,0,1,0,0,1,0,0,1,0,0,0,0,1,0,0,0,0,0,0,0,0,0,0,0,0,0,0,0,0,0,0,0,0,0,0,0,0,0,0,0,0
510,140801,14152003,"Fundamentos de matemática elementar : 5 : combinatória, probabilidade - 8. ed. / 2013",0,0,0,0,0,0,0,0,0,0,0,0,0,0,0,0,0,0,0,0,0,1,0,0,0,0,0,0,0,0,0,0,0,0,0,0,0,1,0,0,0,1,1,0,0,0,0,0
510,140801,14152004,"Fundamentos de matemática elementar : 5 : combinatória, probabilidade - 8. ed. / 2013",0,0,0,0,0,0,0,0,0,0,0,0,0,0,0,2,1,1,0,0,0,0,0,0,0,0,0,0,0,0,0,0,0,0,0,0,0,0,0,0,0,0,0,0,0,0,0,0
510,140801,14152006,"Fundamentos de matemática elementar : 5 : combinatória, probabilidade - 8. ed. / 2013",0,0,0,0,0,0,0,0,0,0,0,0,0,0,1,0,0,0,0,0,0,0,0,0,0,0,0,0,0,0,0,0,1,1,0,0,0,1,0,0,0,0,0,0,0,0,0,0
510,140801,14152011,"Fundamentos de matemática elementar : 5 : combinatória, probabilidade - 8. ed. / 2013",0,0,0,0,1,1,1,1,0,0,0,0,0,0,0,0,0,0,0,0,0,0,0,0,0,0,0,0,0,0,0,0,0,0,0,0,0,0,0,0,0,0,0,0,0,0,0,0
510,140801,14152014,"Fundamentos de matemática elementar : 5 : combinatória, probabilidade - 8. ed. / 2013",0,0,0,0,0,0,0,0,0,0,0,0,0,0,0,0,0,0,0,0,0,0,0,0,0,0,0,0,0,0,0,0,0,0,0,0,0,0,0,0,0,1,1,1,1,0,0,0
510,140801,14152019,"Fundamentos de matemática elementar : 5 : combinatória, probabilidade - 8. ed. / 2013",0,0,0,0,1,1,1,1,0,0,0,0,0,0,0,0,0,0,0,0,0,0,0,0,0,0,0,0,0,0,0,0,0,0,0,0,0,0,0,0,0,0,0,0,0,0,0,0
510,140801,14151997,"Fundamentos de matemática elementar : 5 : combinatória, probabilidade - 8. ed. / 2013",0,0,0,0,1,0,0,0,0,0,0,0,0,0,0,0,0,0,0,0,0,0,0,1,0,0,1,0,0,0,0,0,0,0,0,0,0,0,0,0,0,0,0,0,0,0,0,0
510,140801,14152002,"Fundamentos de matemática elementar : 5 : combinatória, probabilidade - 8. ed. / 2013",0,0,0,0,0,0,0,0,1,1,1,0,0,0,0,0,0,0,0,0,0,0,0,0,0,0,0,0,0,0,0,0,0,0,0,0,0,0,0,0,0,0,0,0,0,0,0,0
510,140801,14152009,"Fundamentos de matemática elementar : 5 : combinatória, probabilidade - 8. ed. / 2013",0,0,0,0,1,1,1,0,0,0,0,0,0,0,0,0,0,0,0,0,0,0,0,0,0,0,0,0,0,0,0,0,0,0,0,0,0,0,0,0,0,0,0,0,0,0,0,0
510,140801,14152012,"Fundamentos de matemática elementar : 5 : combinatória, probabilidade - 8. ed. / 2013",0,0,1,1,1,0,0,0,0,0,0,0,0,0,0,0,0,0,0,0,0,0,0,0,0,0,0,0,0,0,0,0,0,0,0,0,0,0,0,0,0,0,0,0,0,0,0,0
510,140801,14152015,"Fundamentos de matemática elementar : 5 : combinatória, probabilidade - 8. ed. / 2013",0,0,0,0,0,0,0,0,0,0,0,0,0,0,0,0,0,0,0,0,0,0,0,0,0,0,0,0,0,0,0,0,0,0,0,0,0,0,0,0,1,1,1,0,0,0,0,0
510,140801,14151988,"Fundamentos de matemática elementar : 5 : combinatória, probabilidade - 8. ed. / 2013",0,0,1,0,1,0,0,0,0,0,0,0,0,0,0,0,0,0,0,0,0,0,0,0,0,0,0,0,0,0,0,0,0,0,0,0,0,0,0,0,0,0,0,0,0,0,0,0
510,140801,14151990,"Fundamentos de matemática elementar : 5 : combinatória, probabilidade - 8. ed. / 2013",0,0,0,0,0,0,0,0,0,0,0,0,0,0,0,0,0,0,0,0,0,0,0,0,0,0,0,0,0,0,2,0,0,0,0,0,0,0,0,0,0,0,0,0,0,0,0,0
510,140801,14151992,"Fundamentos de matemática elementar : 5 : combinatória, probabilidade - 8. ed. / 2013",0,0,0,0,0,0,0,0,0,0,0,0,0,0,1,1,0,0,0,0,0,0,0,0,0,0,0,0,0,0,0,0,0,0,0,0,0,0,0,0,0,0,0,0,0,0,0,0
510,140801,14151999,"Fundamentos de matemática elementar : 5 : combinatória, probabilidade - 8. ed. / 2013",0,0,0,0,0,1,1,0,0,0,0,0,0,0,0,0,0,0,0,0,0,0,0,0,0,0,0,0,0,0,0,0,0,0,0,0,0,0,0,0,0,0,0,0,0,0,0,0
510,140801,14152005,"Fundamentos de matemática elementar : 5 : combinatória, probabilidade - 8. ed. / 2013",0,0,1,0,1,0,0,0,0,0,0,0,0,0,0,0,0,0,0,0,0,0,0,0,0,0,0,0,0,0,0,0,0,0,0,0,0,0,0,0,0,0,0,0,0,0,0,0
510,140801,14151996,"Fundamentos de matemática elementar : 5 : combinatória, probabilidade - 8. ed. / 2013",0,0,1,0,0,0,0,0,0,0,0,0,0,0,0,0,0,0,0,0,0,0,0,0,0,0,0,0,0,0,0,0,0,0,0,0,0,0,0,0,0,0,0,0,0,0,0,0
510,140801,14152000,"Fundamentos de matemática elementar : 5 : combinatória, probabilidade - 8. ed. / 2013",0,0,0,0,0,0,0,0,0,0,0,0,0,0,0,0,0,0,0,0,0,0,0,0,0,0,1,0,0,0,0,0,0,0,0,0,0,0,0,0,0,0,0,0,0,0,0,0
510,140801,14152021,"Fundamentos de matemática elementar : 5 : combinatória, probabilidade - 8. ed. / 2013",0,0,0,0,0,1,0,0,0,0,0,0,0,0,0,0,0,0,0,0,0,0,0,0,0,0,0,0,0,0,0,0,0,0,0,0,0,0,0,0,0,0,0,0,0,0,0,0
510,140801,14152023,"Fundamentos de matemática elementar : 5 : combinatória, probabilidade - 8. ed. / 2013",0,0,0,0,0,0,0,0,0,0,0,0,0,0,0,0,0,0,0,0,0,1,0,0,0,0,0,0,0,0,0,0,0,0,0,0,0,0,0,0,0,0,0,0,0,0,0,0
510,140905,14151066,Fundamentos de matemática elementar : 2 : logaritmos - 10. ed. / 2013,1,1,1,1,1,1,1,1,1,0,1,0,0,0,0,1,1,2,0,1,0,1,0,0,0,0,0,0,0,0,0,1,2,1,1,1,1,1,0,0,2,1,0,0,1,1,1,1
510,140905,14151082,Fundamentos de matemática elementar : 2 : logaritmos - 10. ed. / 2013,0,0,1,0,2,2,0,2,1,1,1,0,0,0,1,1,1,1,0,1,1,1,0,1,0,0,0,0,0,0,0,1,1,1,0,0,2,1,0,0,1,1,0,0,1,1,1,1
510,140905,14151078,Fundamentos de matemática elementar : 2 : logaritmos - 10. ed. / 2013,0,0,0,1,1,2,1,2,1,1,1,0,0,0,0,0,0,1,1,1,1,1,1,1,0,0,1,0,0,0,0,3,1,0,0,0,1,1,1,0,1,1,0,0,0,1,1,0
510,140905,14151076,Fundamentos de matemática elementar : 2 : logaritmos - 10. ed. / 2013,0,0,1,0,0,1,1,0,0,0,1,0,0,0,0,0,0,2,1,1,1,1,1,1,0,0,1,0,1,1,0,1,1,1,1,0,1,1,0,0,1,0,1,0,0,0,1,1
510,140905,14151068,Fundamentos de matemática elementar : 2 : logaritmos - 10. ed. / 2013,0,0,0,0,0,1,1,0,0,0,1,1,0,0,1,1,0,1,0,0,0,2,1,0,0,0,0,0,0,0,1,2,0,0,0,0,1,1,1,0,1,1,1,0,1,2,1,1
510,140905,14151072,Fundamentos de matemática elementar : 2 : logaritmos - 10. ed. / 2013,0,0,0,1,1,1,1,0,0,1,1,0,0,0,0,0,0,1,1,1,2,1,1,0,0,0,0,0,0,0,0,1,0,1,1,0,1,0,1,0,1,1,1,0,1,0,1,1
510,140905,14151083,Fundamentos de matemática elementar : 2 : logaritmos - 10. ed. / 2013,1,1,1,0,0,1,1,1,0,1,0,1,0,0,1,2,0,1,0,0,0,2,1,0,0,0,0,0,0,0,0,1,0,0,0,0,0,1,0,0,1,0,0,0,1,1,1,2
510,140905,14151081,Fundamentos de matemática elementar : 2 : logaritmos - 10. ed. / 2013,0,0,0,0,0,1,1,3,0,0,0,0,0,0,0,0,0,1,0,0,1,1,1,0,0,0,0,0,0,0,0,0,1,1,1,1,1,1,1,1,1,1,1,0,0,0,1,1
510,140905,14151067,Fundamentos de matemática elementar : 2 : logaritmos - 10. ed. / 2013,1,1,0,0,1,1,1,0,0,1,1,0,0,0,0,0,0,2,0,0,1,1,1,0,0,0,0,0,0,0,0,1,0,0,0,0,1,0,0,1,2,0,0,0,1,1,1,1
510,140905,14151077,Fundamentos de matemática elementar : 2 : logaritmos - 10. ed. / 2013,0,0,0,0,1,1,1,0,0,1,0,0,0,0,0,0,0,2,0,0,1,1,1,1,0,0,0,0,0,0,0,1,1,1,1,1,0,1,0,0,1,1,0,0,1,0,1,1
510,140905,14151080,Fundamentos de matemática elementar : 2 : logaritmos - 10. ed. / 2013,0,0,0,0,0,1,1,1,0,1,1,1,0,0,2,1,0,2,0,0,0,2,1,0,0,0,0,0,0,0,0,1,1,0,0,0,1,1,0,0,1,1,0,0,0,0,1,0
510,140905,14151075,Fundamentos de matemática elementar : 2 : logaritmos - 10. ed. / 2013,0,0,0,0,0,1,1,0,0,1,0,1,0,0,0,1,1,1,1,0,1,0,1,0,0,0,0,0,0,0,0,2,0,0,0,0,0,1,0,1,1,0,0,0,2,1,1,1
510,140905,14151071,Fundamentos de matemática elementar : 2 : logaritmos - 10. ed. / 2013,0,0,0,0,0,1,0,0,0,0,1,0,0,0,0,1,1,2,0,0,0,1,1,0,0,0,0,0,0,0,0,1,2,0,0,0,1,0,0,1,1,1,1,0,1,0,1,1
510,140905,14151070,Fundamentos de matemática elementar : 2 : logaritmos - 10. ed. / 2013,0,0,0,1,0,1,1,0,0,0,1,0,0,0,1,0,1,2,0,0,0,0,1,0,0,0,0,0,0,0,0,1,0,0,0,0,0,1,1,0,1,1,0,0,1,1,1,1
510,140905,14151073,Fundamentos de matemática elementar : 2 : logaritmos - 10. ed. / 2013,0,0,0,0,0,2,1,0,0,0,1,1,0,0,0,0,1,1,0,0,1,1,1,0,0,0,1,0,0,0,1,1,0,0,0,0,0,1,0,0,1,0,0,0,1,0,1,0
510,140905,14151079,Fundamentos de matemática elementar : 2 : logaritmos - 10. ed. / 2013,0,0,1,1,1,1,0,0,0,1,1,0,0,0,0,0,0,1,0,0,0,1,1,0,0,0,0,0,0,0,0,2,0,0,0,0,0,1,0,0,0,1,1,0,1,1,0,1
510,140905,14151069,Fundamentos de matemática elementar : 2 : logaritmos - 10. ed. / 2013,0,0,1,1,0,1,1,1,0,0,0,0,0,0,0,0,0,1,1,0,1,1,1,0,0,0,0,0,0,0,0,1,1,0,0,0,1,0,0,0,1,0,0,0,0,0,1,1
510,140905,14151084,Fundamentos de matemática elementar : 2 : logaritmos - 10. ed. / 2013,0,0,0,0,0,1,1,1,1,1,0,0,0,0,0,0,0,2,0,0,0,1,0,0,0,0,0,0,0,0,0,1,0,0,0,1,1,1,0,0,1,0,0,0,0,1,0,1
510,140905,14151074,Fundamentos de matemática elementar : 2 : logaritmos - 10. ed. / 2013,0,0,0,0,0,1,1,0,0,0,0,0,0,0,0,0,0,2,0,0,0,1,1,0,1,0,0,0,0,0,0,0,1,0,0,0,0,2,0,0,1,1,0,0,0,0,0,1
510,140908,14151050,Fundamentos de matemática elementar : 3 : trigonometria - 9. ed. / 2013,0,0,0,0,0,0,1,0,0,1,1,1,0,0,3,1,1,1,0,0,0,0,0,0,0,0,0,0,0,0,0,0,0,1,1,1,1,1,1,1,1,1,1,0,1,0,1,1
510,140908,14151045,Fundamentos de matemática elementar : 3 : trigonometria - 9. ed. / 2013,0,0,0,0,0,1,0,0,1,0,1,0,0,0,0,0,1,0,1,1,1,2,0,0,0,0,0,0,0,0,0,0,1,0,0,0,0,0,0,0,0,1,1,2,0,0,0,1
510,140908,14151054,Fundamentos de matemática elementar : 3 : trigonometria - 9. ed. / 2013,0,0,0,0,0,1,0,0,0,0,0,0,0,0,0,0,0,0,1,1,1,1,1,1,0,0,1,0,1,1,0,1,1,1,1,0,0,0,0,0,0,0,0,0,0,0,0,1
510,140908,14151051,Fundamentos de matemática elementar : 3 : trigonometria - 9. ed. / 2013,0,0,1,1,1,1,1,1,1,0,1,0,0,0,0,0,0,0,0,0,0,0,0,0,0,0,0,0,0,0,0,0,1,0,0,0,0,0,0,0,0,1,1,0,0,0,2,1
510,140908,14151055,Fundamentos de matemática elementar : 3 : trigonometria - 9. ed. / 2013,0,0,0,0,0,1,0,0,0,0,0,0,0,0,1,1,1,1,0,1,1,0,0,0,0,0,0,0,0,0,0,0,0,0,0,1,1,1,0,1,1,1,0,0,0,0,0,1
510,140908,14151056,Fundamentos de matemática elementar : 3 : trigonometria - 9. ed. / 2013,0,0,0,0,0,0,0,0,0,0,0,0,0,0,0,0,1,1,1,0,0,0,2,0,0,0,0,0,0,0,0,0,0,1,1,1,1,1,0,0,1,1,0,0,0,0,1,1
510,140908,14151061,Fundamentos de matemática elementar : 3 : trigonometria - 9. ed. / 2013,0,0,0,1,0,0,0,0,0,0,0,0,0,0,0,0,0,0,0,1,0,0,0,1,0,1,0,0,0,0,1,1,1,0,0,0,1,0,0,0,0,2,1,0,0,1,1,1
510,140908,14151062,Fundamentos de matemática elementar : 3 : trigonometria - 9. ed. / 2013,0,0,0,0,0,1,0,0,1,1,0,1,0,0,0,0,1,0,0,1,0,1,1,0,0,0,0,0,0,0,0,0,0,0,0,0,0,0,0,0,0,1,0,0,1,1,1,1
510,140908,14151063,Fundamentos de matemática elementar : 3 : trigonometria - 9. ed. / 2013,0,0,1,1,0,1,0,0,0,0,0,0,0,0,0,0,1,1,0,0,0,0,0,0,0,0,0,0,0,0,0,0,0,0,0,1,1,0,1,0,1,0,1,0,1,1,0,1
510,140908,14151064,Fundamentos de matemática elementar : 3 : trigonometria - 9. ed. / 2013,1,1,0,2,1,1,0,0,0,0,1,0,0,0,0,0,1,1,0,0,0,0,0,0,0,0,0,0,0,0,0,0,0,0,0,0,0,0,0,0,0,0,0,0,1,0,1,1
510,140908,14151048,Fundamentos de matemática elementar : 3 : trigonometria - 9. ed. / 2013,0,0,0,0,0,1,0,0,0,0,1,1,0,0,0,0,0,0,0,0,0,1,1,0,0,0,0,0,0,0,0,2,1,1,0,0,0,0,0,0,0,1,0,0,0,0,0,0
510,140908,14151059,Fundamentos de matemática elementar : 3 : trigonometria - 9. ed. / 2013,0,0,0,0,0,0,0,0,0,0,1,1,0,0,1,2,0,0,0,0,0,1,1,0,0,0,0,0,0,0,0,0,0,0,0,0,0,0,0,0,0,0,0,0,2,0,0,1
510,140908,14151047,Fundamentos de matemática elementar : 3 : trigonometria - 9. ed. / 2013,0,0,1,1,1,1,0,0,0,0,0,0,0,0,0,0,0,0,1,0,0,0,0,0,0,0,0,0,0,0,0,0,0,0,0,0,0,0,0,0,0,1,0,0,1,0,1,1
510,140908,14151049,Fundamentos de matemática elementar : 3 : trigonometria - 9. ed. / 2013,0,0,1,1,0,0,0,0,0,1,0,0,0,0,0,0,1,1,0,0,0,0,0,0,0,0,0,0,0,0,0,0,0,1,1,0,0,0,0,0,0,1,0,0,0,0,0,1
510,140908,14151052,Fundamentos de matemática elementar : 3 : trigonometria - 9. ed. / 2013,0,0,0,0,2,1,0,0,0,0,0,0,0,0,0,0,0,0,0,0,1,0,0,0,0,0,0,0,0,0,0,0,0,0,0,0,0,0,0,0,0,0,1,0,1,1,1,1
510,140908,14151053,Fundamentos de matemática elementar : 3 : trigonometria - 9. ed. / 2013,0,0,0,0,0,0,0,0,0,0,0,1,0,0,1,0,1,0,0,0,0,0,1,0,0,0,0,0,0,0,0,1,0,0,0,0,0,0,0,0,0,1,0,0,0,0,0,1
510,140908,14151046,Fundamentos de matemática elementar : 3 : trigonometria - 9. ed. / 2013,0,0,0,0,0,2,0,0,0,0,0,1,0,0,0,0,0,0,0,0,0,0,0,0,0,0,0,0,0,0,0,0,0,0,0,0,0,1,0,0,0,0,0,0,0,0,0,2
510,140908,14151058,Fundamentos de matemática elementar : 3 : trigonometria - 9. ed. / 2013,0,0,0,0,0,0,0,0,0,0,0,0,0,0,1,1,0,0,0,0,1,1,1,0,0,0,0,0,0,0,0,0,0,0,0,0,0,0,0,0,0,0,0,0,0,0,0,1
510,140908,14151060,Fundamentos de matemática elementar : 3 : trigonometria - 9. ed. / 2013,0,0,0,0,0,0,0,0,0,0,0,0,0,0,0,0,0,0,0,0,0,0,0,1,0,0,0,0,0,0,0,0,0,0,0,0,0,0,0,0,0,0,0,0,0,0,0,2
510,140910,14164245,"Fundamentos de matemática elementar 4: sequências, matrizes, determinantes, sistemas - 8. ed. / 2013",0,0,1,1,1,0,0,0,0,0,0,0,0,0,2,1,1,1,0,0,0,1,0,0,0,0,0,0,0,0,0,0,0,0,0,0,0,0,0,1,2,0,0,0,1,2,1,1
510,140935,14164314,"Fundamentos de matemática elementar 6: complexos, polinômios, equações - 8. ed. / 2013",0,0,0,0,1,1,0,0,0,0,0,0,0,0,1,0,0,0,1,1,1,1,1,0,0,0,0,0,0,0,0,0,0,1,1,1,1,1,0,0,0,0,0,0,1,2,1,1
510,140935,14164313,"Fundamentos de matemática elementar 6: complexos, polinômios, equações - 8. ed. / 2013",0,0,0,0,0,0,0,0,0,0,0,0,0,0,0,0,0,0,0,0,0,1,0,1,0,0,0,0,0,0,0,1,0,1,1,0,0,1,1,1,0,0,1,0,1,1,0,0
510,140936,14164555,"Fundamentos de matemática elementar: 8 : limites, derivadas, noções de integral - 7. ed. / 2013",0,0,0,1,0,1,1,1,1,0,0,0,0,0,1,1,0,0,0,1,1,2,2,0,0,0,0,0,0,0,0,1,1,1,0,0,0,0,0,1,1,2,1,1,1,0,0,0
510,140936,14164553,"Fundamentos de matemática elementar: 8 : limites, derivadas, noções de integral - 7. ed. / 2013",0,0,0,2,1,1,1,1,1,0,0,0,0,0,0,0,0,0,0,1,1,1,1,0,0,0,0,0,0,0,1,1,1,1,0,0,0,0,0,1,1,1,0,0,1,2,1,0
510,140936,14164564,"Fundamentos de matemática elementar: 8 : limites, derivadas, noções de integral - 7. ed. / 2013",0,0,1,1,1,1,0,0,1,0,0,0,0,0,0,0,0,0,1,1,1,1,1,1,0,0,1,0,1,1,0,1,1,0,0,0,0,0,0,0,1,0,1,1,1,1,0,0
510,140936,14164566,"Fundamentos de matemática elementar: 8 : limites, derivadas, noções de integral - 7. ed. / 2013",0,0,1,1,1,1,0,1,0,0,0,0,0,0,2,1,1,1,0,1,1,0,1,0,0,0,0,0,0,0,0,0,1,0,1,0,0,0,0,1,1,1,1,0,1,1,0,0
510,140936,14164562,"Fundamentos de matemática elementar: 8 : limites, derivadas, noções de integral - 7. ed. / 2013",0,0,1,0,1,1,0,0,0,0,0,0,0,0,1,1,1,1,0,2,1,1,1,0,0,0,0,0,0,0,0,0,0,0,0,0,0,0,0,1,2,0,0,0,1,1,2,1
510,140936,14164554,"Fundamentos de matemática elementar: 8 : limites, derivadas, noções de integral - 7. ed. / 2013",0,0,1,1,1,1,0,0,0,0,0,0,0,0,1,1,0,0,0,1,1,2,1,0,0,0,0,0,0,0,0,0,0,0,0,0,0,0,0,0,1,1,1,0,2,0,1,1
510,140936,14164559,"Fundamentos de matemática elementar: 8 : limites, derivadas, noções de integral - 7. ed. / 2013",0,0,1,1,1,0,0,0,0,0,0,0,0,0,1,2,1,1,0,2,1,1,1,0,0,0,0,0,0,0,0,0,0,0,0,0,0,0,0,0,0,0,1,0,1,1,1,0
510,140936,14164565,"Fundamentos de matemática elementar: 8 : limites, derivadas, noções de integral - 7. ed. / 2013",0,0,1,1,1,1,0,0,0,0,0,0,0,0,0,0,0,0,0,1,2,1,1,0,0,0,0,0,0,0,0,0,0,0,0,0,0,0,0,1,1,1,1,0,2,1,1,0
510,140936,14164557,"Fundamentos de matemática elementar: 8 : limites, derivadas, noções de integral - 7. ed. / 2013",0,0,0,0,1,1,1,2,0,1,0,0,0,0,0,1,0,0,0,1,1,1,1,0,0,0,1,0,0,0,0,0,1,0,0,1,0,0,0,0,1,0,0,0,0,0,0,0
510,140936,14164567,"Fundamentos de matemática elementar: 8 : limites, derivadas, noções de integral - 7. ed. / 2013",0,0,0,0,0,0,0,0,0,0,0,0,0,0,1,1,1,1,1,1,0,0,1,0,0,0,0,0,0,0,0,0,0,1,1,1,1,0,0,1,0,0,0,0,1,1,0,1
510,140936,14164571,"Fundamentos de matemática elementar: 8 : limites, derivadas, noções de integral - 7. ed. / 2013",0,0,1,1,2,1,1,1,0,0,0,0,0,0,1,1,1,0,0,1,1,0,0,0,0,0,0,0,0,0,0,0,1,0,0,0,0,0,0,1,0,0,0,0,1,0,0,0
510,140936,14164572,"Fundamentos de matemática elementar: 8 : limites, derivadas, noções de integral - 7. ed. / 2013",0,0,1,1,1,1,1,1,0,0,0,0,0,0,1,1,0,0,0,1,1,0,2,0,0,0,0,0,0,0,0,0,1,0,0,0,0,0,0,0,0,0,1,0,1,0,0,0
510,140936,14164556,"Fundamentos de matemática elementar: 8 : limites, derivadas, noções de integral - 7. ed. / 2013",0,0,0,0,0,0,0,1,1,0,0,0,0,0,1,1,1,0,0,1,1,1,1,0,0,0,0,0,0,0,0,0,0,0,0,0,0,0,0,0,0,0,0,0,1,2,1,1
510,140936,14164570,"Fundamentos de matemática elementar: 8 : limites, derivadas, noções de integral - 7. ed. / 2013",0,0,1,1,1,0,0,0,0,0,0,0,0,0,0,0,0,0,0,1,1,1,1,0,0,0,0,0,0,0,0,0,1,1,0,0,0,0,0,1,0,0,1,0,1,1,0,1
510,140936,14164560,"Fundamentos de matemática elementar: 8 : limites, derivadas, noções de integral - 7. ed. / 2013",0,0,0,0,0,0,0,0,0,0,0,0,0,0,0,0,0,0,0,1,1,2,1,0,0,0,0,0,0,0,0,1,1,1,0,0,0,0,0,1,0,1,0,0,2,0,0,0
510,140936,14164558,"Fundamentos de matemática elementar: 8 : limites, derivadas, noções de integral - 7. ed. / 2013",0,0,1,1,0,0,0,0,0,0,0,0,0,0,0,0,0,0,0,1,1,1,1,0,0,0,0,0,0,0,0,0,0,0,0,0,0,0,0,0,0,1,1,0,1,1,1,0
510,140936,14164561,"Fundamentos de matemática elementar: 8 : limites, derivadas, noções de integral - 7. ed. / 2013",0,0,0,1,1,0,0,0,0,0,0,0,0,0,1,1,1,1,0,1,0,0,0,0,0,0,0,0,0,0,0,0,0,0,0,0,0,0,0,1,0,0,0,0,2,0,0,0
510,140936,14164563,"Fundamentos de matemática elementar: 8 : limites, derivadas, noções de integral - 7. ed. / 2013",0,0,0,0,0,0,0,0,0,0,0,0,0,0,0,0,0,0,0,1,1,1,1,1,0,0,0,0,0,0,0,1,0,0,0,0,0,0,0,1,0,0,0,0,1,0,0,0
510,140936,14164569,"Fundamentos de matemática elementar: 8 : limites, derivadas, noções de integral - 7. ed. / 2013",0,0,0,0,0,0,0,0,0,0,0,0,0,0,0,0,0,0,0,0,0,0,1,1,0,0,0,0,0,0,0,0,0,0,0,0,0,0,0,0,0,0,0,0,1,0,0,0
510,140957,14164518,Fundamentos de matemática elementar 7: geometria analítica - 6. ed. / 2013,0,0,0,0,1,0,0,0,0,0,0,0,0,0,1,0,0,0,1,1,1,1,1,1,0,0,0,0,0,0,0,0,0,0,0,0,0,0,0,1,0,0,0,0,0,0,0,0
510,140957,14375136,Fundamentos de matemática elementar 7: geometria analítica - 6. ed. / 2013,0,0,0,0,0,0,0,0,0,0,0,0,0,0,0,0,0,0,0,0,0,0,0,0,0,0,0,0,0,0,0,0,0,0,0,0,0,0,0,0,0,0,0,0,1,2,1,1
510,153356,14164577,"Fundamentos de matemática elementar 10: geometria espacial, posição e métrica - 7. ed. / 2013",0,0,0,0,1,0,0,0,0,0,0,0,0,0,1,1,0,0,0,0,0,0,0,0,0,0,0,0,0,0,1,1,1,0,0,0,0,0,0,0,0,0,0,0,0,0,0,0
510,171639,14220017,Qual o problema? / 2009,0,0,1,0,0,0,0,0,0,1,1,0,0,0,1,0,0,0,0,0,0,0,0,0,0,0,0,0,0,0,0,0,0,0,0,0,0,0,0,0,0,0,0,0,0,0,0,0
5.102.462,154246,14169124,Matemática avançada para engenharia / [20--].,1,1,1,1,1,1,1,0,0,0,0,0,0,0,0,0,0,0,0,0,0,0,1,0,0,0,1,0,0,0,0,0,0,0,0,0,0,0,0,0,0,0,0,0,0,0,0,0
5.102.462,154246,14169121,Matemática avançada para engenharia / [20--].,0,0,0,0,0,0,0,0,0,0,0,0,0,0,0,0,0,0,0,1,1,0,0,0,0,0,0,0,0,0,0,0,0,0,0,0,0,0,0,0,0,0,0,0,0,0,0,0
5.102.462,154246,14169127,Matemática avançada para engenharia / [20--].,0,0,0,1,0,0,0,0,0,0,0,0,0,0,0,0,0,0,0,0,0,0,0,0,0,0,0,0,0,0,0,0,0,0,0,0,0,0,0,0,0,0,0,0,0,0,0,0
5.102.462,154246,14169128,Matemática avançada para engenharia / [20--].,0,0,0,1,0,0,0,0,0,0,0,0,0,0,0,0,0,0,0,0,0,0,0,0,0,0,0,0,0,0,0,0,0,0,0,0,0,0,0,0,0,0,0,0,0,0,0,0
5.102.462,154246,14169138,Matemática avançada para engenharia / [20--].,0,0,0,0,0,0,0,0,0,0,0,0,0,0,0,0,0,0,0,0,0,0,0,0,0,1,0,0,0,0,0,0,0,0,0,0,0,0,0,0,0,0,0,0,0,0,0,0
5.102.462,157984,14187365,Advanced engineering mathematics - 10th. ed. / 2011,0,0,0,0,0,0,0,0,0,0,0,0,0,0,0,0,0,0,0,0,0,0,1,0,0,0,1,0,0,0,0,0,0,0,0,0,0,0,0,0,0,0,0,0,0,0,0,0
510.7,154541,14170081,Matemática e ensino / 2004,0,0,0,0,0,0,0,0,0,0,2,0,0,0,1,0,0,0,0,0,0,0,0,0,0,0,0,0,0,0,0,0,0,0,0,0,0,0,0,0,0,0,0,0,0,0,0,0
511.3,74641,14180686,"Introdução à teoria de autômatos, linguagens e computação / 2003",0,0,1,1,0,2,1,0,1,1,0,0,0,0,1,1,1,2,0,0,0,0,0,0,0,0,0,0,0,0,0,0,0,0,0,0,0,0,0,0,0,0,0,0,0,0,0,0
511.3,74641,14179629,"Introdução à teoria de autômatos, linguagens e computação / 2003",0,0,0,0,0,0,0,0,0,0,0,0,0,0,1,1,1,1,0,1,0,0,0,0,0,0,0,0,0,0,0,0,0,0,0,0,0,0,0,0,0,0,0,0,0,0,0,0
511.3,74641,14180689,"Introdução à teoria de autômatos, linguagens e computação / 2003",0,0,0,0,0,0,0,0,0,0,0,0,0,0,0,0,0,1,0,1,1,0,0,0,0,1,0,0,0,0,0,0,0,0,0,0,0,0,0,0,0,0,0,0,0,0,0,0
511.3,74641,14180691,"Introdução à teoria de autômatos, linguagens e computação / 2003",0,0,0,0,0,0,0,0,0,0,0,0,0,0,0,0,0,0,0,1,1,0,0,0,0,0,0,0,0,0,0,0,0,0,0,0,0,0,0,0,0,0,0,0,0,0,0,0
511.3,74641,14180697,"Introdução à teoria de autômatos, linguagens e computação / 2003",0,0,0,0,0,0,0,0,0,0,0,0,0,0,0,0,0,0,0,0,0,0,0,0,0,0,0,0,0,0,0,0,0,0,0,0,0,0,0,1,0,0,0,0,0,0,0,0
511.3,85225,14174514,"Mathematical introduction to logic, A - 2nd ed. / 2001",0,0,0,1,1,0,0,1,1,0,0,0,0,0,0,0,0,0,0,0,0,0,0,1,0,0,0,0,0,0,0,1,1,1,1,1,1,1,0,1,0,0,0,0,0,0,0,0
511.3,85225,14174515,"Mathematical introduction to logic, A - 2nd ed. / 2001",0,0,0,1,0,0,0,0,0,0,0,0,0,0,0,0,0,0,0,0,0,0,0,0,0,1,1,0,0,0,0,1,1,0,0,0,0,0,0,1,0,0,0,0,0,0,0,0
511.3,85225,14174516,"Mathematical introduction to logic, A - 2nd ed. / 2001",0,0,0,1,0,0,0,0,0,0,0,0,0,0,0,0,0,0,0,0,0,0,0,0,0,0,0,0,0,0,1,0,0,0,0,0,0,0,0,0,0,0,0,0,0,0,0,0
511.3,98715,14179374,Lógica para ciência da computação : uma introdução concisa - 2. ed. rev. e atual. / 2008,0,0,1,1,1,1,0,0,1,1,1,0,0,0,1,1,1,1,1,1,1,1,0,0,0,0,0,0,0,0,0,0,0,0,0,0,0,0,0,0,0,0,0,0,0,0,0,0
511.3,98715,14179378,Lógica para ciência da computação : uma introdução concisa - 2. ed. rev. e atual. / 2008,0,0,0,0,0,0,0,0,2,1,1,0,0,0,1,0,0,0,0,1,1,2,1,0,0,0,0,0,0,0,0,0,0,0,0,0,0,0,0,0,0,0,0,0,0,0,0,0
511.3,98715,14179365,Lógica para ciência da computação : uma introdução concisa - 2. ed. rev. e atual. / 2008,0,0,0,0,0,0,0,0,0,0,0,0,0,0,0,0,0,0,0,1,1,1,1,1,0,0,0,0,0,0,0,0,0,1,1,1,0,0,0,0,0,0,0,0,0,0,0,0
511.3,98715,14179335,Lógica para ciência da computação : uma introdução concisa - 2. ed. rev. e atual. / 2008,2,0,2,1,1,1,0,0,0,0,0,0,0,0,0,0,0,0,0,0,0,0,0,0,0,0,0,0,0,0,0,0,0,0,0,0,0,0,0,0,0,0,0,0,0,0,0,0
511.3,98715,14179331,Lógica para ciência da computação : uma introdução concisa - 2. ed. rev. e atual. / 2008,0,0,1,0,0,0,0,0,0,0,0,0,0,0,0,0,0,0,0,0,0,0,0,0,0,0,0,0,0,0,0,0,1,1,1,1,1,0,0,0,0,0,0,0,0,0,0,0
511.3,98715,14179345,Lógica para ciência da computação : uma introdução concisa - 2. ed. rev. e atual. / 2008,0,0,1,1,1,1,0,1,0,0,0,0,0,0,0,0,0,0,0,0,0,0,0,0,0,0,0,0,0,0,0,0,0,0,0,0,0,0,0,1,0,0,0,0,0,0,0,0
511.3,98715,14179369,Lógica para ciência da computação : uma introdução concisa - 2. ed. rev. e atual. / 2008,0,0,1,1,0,0,0,0,0,0,0,0,0,0,0,0,0,0,0,1,0,0,0,0,0,0,1,0,0,0,0,0,0,1,0,0,0,0,0,0,0,0,0,0,0,0,0,0
511.3,98715,14179373,Lógica para ciência da computação : uma introdução concisa - 2. ed. rev. e atual. / 2008,1,1,1,1,1,0,0,0,0,0,0,0,0,0,0,0,0,0,0,0,0,0,0,0,0,0,0,0,0,0,0,0,0,0,0,0,0,0,0,0,0,0,0,0,0,0,0,0
511.3,98715,14179330,Lógica para ciência da computação : uma introdução concisa - 2. ed. rev. e atual. / 2008,1,1,1,1,0,0,0,0,0,0,0,0,0,0,0,0,0,0,0,0,0,0,0,0,0,0,0,0,0,0,0,0,0,0,0,0,0,0,0,0,0,0,0,0,0,0,0,0
511.3,98715,14179334,Lógica para ciência da computação : uma introdução concisa - 2. ed. rev. e atual. / 2008,1,0,1,0,0,0,0,0,0,0,0,0,0,0,1,1,0,0,0,0,0,0,0,0,0,0,0,0,0,0,0,0,0,0,0,0,0,0,0,0,0,0,0,0,0,0,0,0
511.3,98715,14179339,Lógica para ciência da computação : uma introdução concisa - 2. ed. rev. e atual. / 2008,0,0,0,0,0,0,0,0,0,0,0,0,0,0,0,0,0,0,0,1,1,0,0,0,0,0,0,0,0,0,0,0,0,0,0,0,0,1,0,0,0,0,0,0,0,0,0,0
511.3,98715,14179360,Lógica para ciência da computação : uma introdução concisa - 2. ed. rev. e atual. / 2008,0,0,0,0,0,0,0,0,0,0,0,0,0,0,0,0,0,0,0,0,0,0,0,0,0,0,0,0,0,0,0,0,0,1,0,0,0,0,0,0,0,0,0,0,1,1,0,0
511.3,98715,14179362,Lógica para ciência da computação : uma introdução concisa - 2. ed. rev. e atual. / 2008,0,0,0,0,0,1,1,1,0,0,0,0,0,0,0,0,0,0,0,0,0,0,0,0,0,0,0,0,0,0,0,0,0,0,0,0,0,0,0,0,0,0,0,0,0,0,0,0
511.3,98715,14179377,Lógica para ciência da computação : uma introdução concisa - 2. ed. rev. e atual. / 2008,0,0,0,0,0,0,0,1,1,1,0,0,0,0,0,0,0,0,0,0,0,0,0,0,0,0,0,0,0,0,0,0,0,0,0,0,0,0,0,0,0,0,0,0,0,0,0,0
511.3,98715,14179332,Lógica para ciência da computação : uma introdução concisa - 2. ed. rev. e atual. / 2008,0,0,0,0,0,0,0,0,0,0,0,0,0,0,0,0,0,0,0,0,0,0,0,0,0,0,0,0,0,0,0,0,0,0,0,0,0,0,0,1,1,0,0,0,0,0,0,0
511.3,98715,14179336,Lógica para ciência da computação : uma introdução concisa - 2. ed. rev. e atual. / 2008,0,0,0,0,0,0,0,0,0,0,0,0,0,0,0,0,0,1,0,1,0,0,0,0,0,0,0,0,0,0,0,0,0,0,0,0,0,0,0,0,0,0,0,0,0,0,0,0
511.3,98715,14179337,Lógica para ciência da computação : uma introdução concisa - 2. ed. rev. e atual. / 2008,0,0,0,0,0,0,0,0,0,0,0,0,0,0,0,0,0,0,0,0,0,0,0,0,0,0,0,0,0,0,0,0,0,0,0,0,0,0,0,1,0,1,0,0,0,0,0,0
511.3,98715,14179343,Lógica para ciência da computação : uma introdução concisa - 2. ed. rev. e atual. / 2008,0,0,0,0,0,0,0,0,0,0,0,0,0,0,0,0,0,0,0,0,0,0,0,0,0,0,0,0,0,0,0,0,0,0,0,0,0,0,0,1,1,0,0,0,0,0,0,0
511.3,98715,14179338,Lógica para ciência da computação : uma introdução concisa - 2. ed. rev. e atual. / 2008,0,0,0,0,0,0,0,0,0,0,0,0,0,0,0,0,0,0,0,0,0,0,0,0,0,0,0,0,0,0,0,0,0,0,0,0,0,0,0,1,0,0,0,0,0,0,0,0
511.3,98715,14179340,Lógica para ciência da computação : uma introdução concisa - 2. ed. rev. e atual. / 2008,0,0,0,0,0,0,0,0,0,0,0,0,0,0,0,0,0,0,0,0,0,0,0,0,0,0,0,0,0,0,0,0,0,0,1,0,0,0,0,0,0,0,0,0,0,0,0,0
511.3,98715,14179344,Lógica para ciência da computação : uma introdução concisa - 2. ed. rev. e atual. / 2008,0,0,0,0,0,0,0,0,0,0,0,0,0,0,0,0,0,0,0,0,0,0,0,0,0,0,0,0,0,0,0,1,0,0,0,0,0,0,0,0,0,0,0,0,0,0,0,0
511.3,98715,14179363,Lógica para ciência da computação : uma introdução concisa - 2. ed. rev. e atual. / 2008,0,0,0,0,0,0,0,0,0,0,0,0,0,0,0,0,0,0,0,1,0,0,0,0,0,0,0,0,0,0,0,0,0,0,0,0,0,0,0,0,0,0,0,0,0,0,0,0
511.3,98715,14179364,Lógica para ciência da computação : uma introdução concisa - 2. ed. rev. e atual. / 2008,0,0,0,0,0,0,0,0,0,0,0,0,0,0,0,0,0,0,0,0,0,0,0,0,0,0,0,0,0,0,0,0,0,0,0,0,0,0,0,1,0,0,0,0,0,0,0,0
511.3,98715,14179371,Lógica para ciência da computação : uma introdução concisa - 2. ed. rev. e atual. / 2008,0,0,0,0,0,0,0,0,0,0,0,0,0,0,0,0,0,0,0,0,0,0,0,0,0,0,0,0,0,0,0,0,0,1,0,0,0,0,0,0,0,0,0,0,0,0,0,0
511.3,98715,14179376,Lógica para ciência da computação : uma introdução concisa - 2. ed. rev. e atual. / 2008,0,0,0,0,0,0,0,0,0,0,0,0,0,0,0,0,0,0,0,0,0,0,0,0,0,0,0,0,0,0,0,0,0,0,0,0,0,0,0,1,0,0,0,0,0,0,0,0
511.3,99379,14164033,Lógica para computação / 2006,1,1,2,1,1,1,0,1,1,1,1,0,0,0,1,1,1,1,0,1,1,1,1,1,0,1,0,2,0,1,0,1,1,2,0,1,1,1,0,1,1,1,1,0,1,1,0,0
511.3,99379,14164034,Lógica para computação / 2006,1,1,1,2,1,1,1,2,1,1,1,0,0,0,1,1,1,0,0,1,1,1,1,0,0,1,0,0,0,0,1,1,0,0,0,1,1,0,0,1,1,1,0,0,1,1,1,1
511.3,99379,14164051,Lógica para computação / 2006,0,0,1,1,1,1,1,1,1,1,0,1,0,1,1,1,1,1,1,1,1,1,0,0,0,1,1,1,0,0,0,1,1,1,1,0,1,1,0,1,1,0,0,0,1,1,0,1
511.3,99379,14164057,Lógica para computação / 2006,1,1,1,1,1,2,1,1,1,1,0,0,0,0,1,1,1,1,0,1,1,1,1,1,0,1,0,0,0,0,0,1,1,1,1,0,1,1,0,3,0,1,0,0,1,0,0,0
511.3,99379,14164024,Lógica para computação / 2006,1,1,1,1,2,1,0,1,1,1,1,0,0,0,1,1,2,1,0,1,2,0,0,0,0,1,1,1,0,1,1,1,0,1,0,0,1,0,0,1,1,0,0,0,0,0,0,0
511.3,99379,14164041,Lógica para computação / 2006,1,1,1,1,1,1,1,1,1,1,1,0,0,0,1,1,1,1,1,1,1,2,1,0,0,1,0,0,0,0,0,1,1,0,1,0,0,1,0,0,0,0,0,0,0,1,1,0
511.3,99379,14164046,Lógica para computação / 2006,0,0,0,1,1,1,1,2,1,1,1,0,0,0,1,1,1,1,0,2,0,1,1,0,0,1,0,1,0,1,0,2,0,1,1,1,1,0,0,1,1,0,0,0,0,0,0,0
511.3,99379,14164052,Lógica para computação / 2006,0,0,1,1,1,1,1,2,1,1,0,1,0,0,1,1,0,0,0,1,1,1,0,0,0,1,1,1,0,0,2,1,1,1,1,1,1,1,0,1,0,0,0,0,0,0,0,0
511.3,99379,14164045,Lógica para computação / 2006,0,0,1,1,1,1,1,1,1,1,0,0,0,0,1,1,1,1,0,2,1,1,1,0,0,1,0,0,0,0,0,1,1,1,1,1,1,1,0,1,1,0,0,0,0,0,0,0
511.3,99379,14164059,Lógica para computação / 2006,0,0,1,0,2,1,1,2,1,0,0,0,0,0,1,1,1,1,1,1,1,1,1,1,0,0,1,0,0,0,0,1,1,2,1,0,0,0,0,1,1,0,0,0,0,1,0,0
511.3,99379,14164044,Lógica para computação / 2006,0,0,1,1,1,1,0,1,1,2,1,0,0,0,1,0,0,0,1,1,0,0,0,0,0,1,0,0,1,1,0,1,1,1,1,1,0,0,0,1,1,0,0,0,1,2,1,0
511.3,99379,14164056,Lógica para computação / 2006,0,0,1,1,1,1,0,1,1,0,0,0,0,0,1,0,2,1,0,1,1,1,2,0,0,1,1,0,0,0,1,0,0,1,1,1,1,1,0,1,0,0,0,0,1,1,0,0
511.3,99379,14164048,Lógica para computação / 2006,1,1,1,1,1,1,0,1,0,0,0,0,0,0,1,1,1,0,0,1,1,1,0,0,0,1,0,1,0,0,1,0,0,1,1,1,1,0,0,1,0,0,0,0,1,2,0,0
511.3,99379,14164022,Lógica para computação / 2006,0,0,1,1,0,1,0,1,1,1,1,1,0,0,2,1,1,0,0,1,2,1,1,0,0,1,0,0,0,0,0,0,0,1,0,1,1,0,0,1,1,0,0,0,0,0,0,0
511.3,99379,14164031,Lógica para computação / 2006,0,0,1,1,1,1,0,0,0,0,0,0,0,0,2,1,1,2,0,1,0,0,0,0,0,0,1,0,0,0,0,2,0,1,1,1,1,1,0,1,0,0,0,0,2,1,0,0
511.3,99379,14164040,Lógica para computação / 2006,0,0,1,0,0,0,0,0,0,0,0,0,0,0,1,1,1,0,0,1,1,1,1,1,0,0,1,0,1,1,0,0,0,1,1,1,1,1,0,1,0,0,1,0,1,1,1,1
511.3,99379,14164054,Lógica para computação / 2006,0,0,1,0,1,1,0,1,1,1,0,0,0,0,1,1,0,0,0,1,1,1,0,0,0,1,0,1,0,0,0,1,1,1,1,1,1,0,0,1,1,0,0,0,0,1,0,1
511.3,99379,14164036,Lógica para computação / 2006,0,0,1,0,0,0,0,0,0,0,0,0,0,0,1,1,1,1,0,1,1,1,0,0,0,1,0,1,0,1,0,1,1,0,1,0,1,1,0,1,0,1,0,1,0,0,1,2
511.3,99379,14164038,Lógica para computação / 2006,0,0,1,0,0,0,0,0,0,0,0,0,0,0,1,1,2,0,0,1,1,2,1,0,0,1,1,1,0,0,0,1,1,1,0,1,0,0,0,1,1,0,0,0,2,0,1,0
511.3,99379,14164026,Lógica para computação / 2006,1,1,1,1,0,0,0,1,1,0,0,0,0,0,2,1,0,1,0,1,1,0,0,0,0,1,0,0,0,0,1,0,0,1,1,0,0,0,0,1,1,1,0,0,0,2,0,0
511.3,99379,14164030,Lógica para computação / 2006,1,1,1,1,0,0,0,0,0,0,0,0,0,0,1,1,1,0,0,1,1,1,0,0,0,1,0,0,0,0,1,0,0,1,1,0,1,0,0,1,1,0,0,0,1,1,1,1
511.3,99379,14164032,Lógica para computação / 2006,0,0,1,1,0,0,0,1,1,1,1,1,0,0,1,0,0,0,0,1,0,2,0,1,0,1,0,1,0,0,0,1,1,1,1,0,0,1,0,1,0,0,0,0,1,0,0,0
511.3,99379,14164035,Lógica para computação / 2006,0,0,1,1,1,0,0,0,0,0,0,0,0,0,1,1,1,0,0,1,1,2,1,0,0,0,1,0,0,0,0,1,1,1,1,1,1,1,0,1,0,0,0,0,1,0,0,0
511.3,99379,14164053,Lógica para computação / 2006,0,0,1,1,1,1,0,1,1,1,0,0,0,0,1,1,1,1,0,1,1,1,1,0,0,1,1,0,0,0,0,1,1,0,1,0,0,0,0,0,0,0,0,0,1,0,0,0
511.3,99379,14164060,Lógica para computação / 2006,0,0,1,0,0,0,0,1,1,0,0,0,0,1,1,1,1,1,0,1,0,0,0,0,0,0,1,0,0,0,1,1,1,1,1,1,1,1,0,1,0,0,0,0,0,0,1,1
511.3,99379,14164023,Lógica para computação / 2006,0,0,1,1,0,0,0,0,0,0,0,0,0,0,1,1,1,1,0,1,1,1,1,1,0,1,0,0,0,0,0,1,0,1,0,0,0,0,0,1,1,0,0,0,1,1,1,1
511.3,99379,14164043,Lógica para computação / 2006,0,0,1,1,0,0,0,1,1,1,1,0,0,0,1,1,1,1,0,1,1,1,1,0,0,0,1,0,0,0,0,0,0,2,2,0,0,0,0,0,0,0,0,0,0,1,0,0
511.3,99379,14164037,Lógica para computação / 2006,0,0,1,0,1,0,0,1,1,1,0,1,0,0,1,1,1,1,0,1,1,1,0,0,0,1,0,0,0,0,0,0,0,1,1,0,0,0,0,0,0,0,0,0,1,1,1,0
511.3,99379,14164039,Lógica para computação / 2006,0,0,0,0,0,0,0,0,0,0,0,0,0,0,1,1,1,1,0,1,1,0,0,0,0,1,0,1,0,0,0,1,0,1,1,2,0,1,0,2,0,0,0,0,0,1,2,0
511.3,99379,14164047,Lógica para computação / 2006,0,0,1,0,0,0,0,0,2,0,0,0,0,0,1,1,0,0,0,1,1,1,1,0,0,1,1,0,0,0,0,1,1,1,1,0,0,0,1,0,1,0,0,0,1,1,0,0
511.3,99379,14164049,Lógica para computação / 2006,0,0,1,1,0,0,0,0,0,0,0,0,0,0,1,1,1,1,0,1,0,0,0,0,0,1,0,1,0,0,0,0,0,1,1,1,1,1,0,1,0,1,0,0,1,1,1,0
511.3,99379,14164050,Lógica para computação / 2006,0,0,1,1,0,0,0,1,1,0,0,0,0,1,1,1,1,0,0,1,1,1,0,0,0,1,0,0,0,0,0,1,0,1,1,1,1,1,0,0,0,0,0,0,0,1,0,0
511.3,99379,14164055,Lógica para computação / 2006,2,0,2,0,0,0,0,0,0,0,0,0,0,0,1,1,0,0,0,1,2,0,0,0,0,1,0,1,0,0,2,1,1,1,1,0,0,0,0,1,0,0,0,0,1,0,0,0
511.3,99379,14164029,Lógica para computação / 2006,0,0,1,1,1,0,0,1,1,0,0,0,0,0,1,0,1,0,0,1,1,0,0,0,0,1,0,1,0,0,0,0,0,1,1,1,0,0,0,0,0,0,0,0,1,2,1,0
511.3,99379,14164028,Lógica para computação / 2006,1,1,1,1,1,1,0,1,1,1,1,1,0,0,1,1,2,1,0,0,0,0,0,0,0,0,0,0,0,0,0,0,0,0,0,0,0,0,0,0,0,0,0,0,0,0,0,0
511.3,99379,14164058,Lógica para computação / 2006,0,0,2,1,0,0,0,0,0,0,0,0,0,0,1,1,1,1,0,1,1,0,0,0,0,1,0,0,0,0,1,1,0,0,1,0,0,0,0,2,1,0,0,0,0,0,0,0
511.3,99379,14164061,Lógica para computação / 2006,2,0,1,0,0,0,0,0,0,0,0,0,0,0,1,1,1,1,0,2,1,1,0,0,0,1,0,0,0,0,0,0,0,0,0,1,1,0,0,0,0,0,0,0,0,0,0,0
511.3,99379,14164042,Lógica para computação / 2006,0,0,1,0,1,1,1,1,1,1,1,1,0,0,1,1,1,0,0,0,0,0,0,0,0,0,0,0,0,0,0,0,0,0,0,0,0,0,0,0,0,0,0,0,0,0,0,0
511.3,108702,14167024,Iniciação à lógica matemática / 2002,0,0,0,0,0,0,0,1,1,1,1,0,0,0,1,1,1,1,0,0,0,0,0,0,0,1,0,0,0,0,0,0,0,0,1,0,0,0,0,1,0,0,0,0,0,0,0,0
511.3,108702,14167021,Iniciação à lógica matemática / 2002,0,0,1,0,2,1,1,2,1,0,0,0,0,0,1,1,0,0,0,0,0,0,0,0,0,0,0,0,0,0,0,0,0,0,0,0,0,0,0,0,0,0,0,0,0,0,0,0
511.3,108702,14167025,Iniciação à lógica matemática / 2002,0,0,0,0,0,0,0,1,1,0,1,0,0,0,0,0,0,0,0,1,1,1,1,0,0,0,0,0,0,0,0,0,0,0,0,0,0,0,0,1,0,0,0,0,0,0,0,0
511.3,108702,14167022,Iniciação à lógica matemática / 2002,0,0,1,0,0,1,0,1,1,1,0,0,0,0,0,0,0,0,0,0,0,0,0,0,0,0,0,0,0,0,0,0,0,0,1,1,0,0,0,0,0,0,0,0,0,0,0,0
511.3,115747,14166974,"Computabilidade, funções computáveis, lógica e os fundamentos da matemática - 2. ed. rev. / 2005",0,0,0,0,0,0,0,0,0,0,0,0,0,0,0,0,0,0,0,0,0,0,0,0,0,0,1,0,0,0,0,0,0,0,0,0,0,0,0,0,0,0,0,0,2,1,1,1
511.3,115747,14166972,"Computabilidade, funções computáveis, lógica e os fundamentos da matemática - 2. ed. rev. / 2005",0,0,0,0,0,1,0,0,0,0,0,0,0,0,0,0,0,0,0,0,0,0,0,0,0,0,0,0,0,0,0,0,0,0,0,0,0,0,0,0,0,0,0,0,0,0,0,0
511.3,115747,14166975,"Computabilidade, funções computáveis, lógica e os fundamentos da matemática - 2. ed. rev. / 2005",0,0,0,0,0,0,0,0,0,0,0,0,0,0,0,0,0,0,0,0,0,0,0,0,0,0,1,0,0,0,0,0,0,0,0,0,0,0,0,0,0,0,0,0,0,0,0,0
511.3,115747,14166977,"Computabilidade, funções computáveis, lógica e os fundamentos da matemática - 2. ed. rev. / 2005",0,0,0,0,0,0,0,0,0,0,0,0,0,0,1,0,0,0,0,0,0,0,0,0,0,0,0,0,0,0,0,0,0,0,0,0,0,0,0,0,0,0,0,0,0,0,0,0
511.3,115747,14166979,"Computabilidade, funções computáveis, lógica e os fundamentos da matemática - 2. ed. rev. / 2005",0,0,0,0,0,0,0,0,1,0,0,0,0,0,0,0,0,0,0,0,0,0,0,0,0,0,0,0,0,0,0,0,0,0,0,0,0,0,0,0,0,0,0,0,0,0,0,0
511.3,115747,14166983,"Computabilidade, funções computáveis, lógica e os fundamentos da matemática - 2. ed. rev. / 2005",0,0,0,0,0,0,0,0,0,0,0,0,0,0,0,0,0,0,0,0,0,0,0,0,0,0,1,0,0,0,0,0,0,0,0,0,0,0,0,0,0,0,0,0,0,0,0,0
511.3,115747,14166986,"Computabilidade, funções computáveis, lógica e os fundamentos da matemática - 2. ed. rev. / 2005",0,0,0,0,0,0,0,0,0,0,0,0,0,0,0,0,0,0,0,0,0,0,0,0,0,0,0,0,0,0,0,0,0,0,0,0,0,0,0,1,0,0,0,0,0,0,0,0
511.3,136201,14163458,Lógica em ciência da computação : modelagem e argumentação sobre sistemas - 2. ed. / 2008,0,0,1,0,0,0,0,0,0,0,1,0,0,1,0,1,1,0,0,0,0,0,0,0,0,0,1,0,1,1,0,0,0,1,1,0,0,0,0,0,0,0,0,0,0,0,0,0
511.3,136201,14163428,Lógica em ciência da computação : modelagem e argumentação sobre sistemas - 2. ed. / 2008,0,0,1,1,1,1,0,0,0,0,0,0,0,0,1,1,0,0,0,0,0,0,0,0,0,1,0,0,0,0,0,2,0,0,0,0,0,0,0,0,0,0,0,0,0,0,0,0
511.3,136201,14163436,Lógica em ciência da computação : modelagem e argumentação sobre sistemas - 2. ed. / 2008,0,0,0,0,0,0,0,0,0,0,0,0,0,0,0,0,0,1,0,1,1,0,0,0,0,0,0,0,0,0,0,0,0,1,2,1,1,1,0,0,0,0,0,0,0,0,0,0
511.3,136201,14163444,Lógica em ciência da computação : modelagem e argumentação sobre sistemas - 2. ed. / 2008,0,0,0,0,0,0,0,0,0,0,0,0,0,0,0,0,0,0,0,0,0,0,0,1,0,1,1,1,1,0,0,1,1,1,0,1,0,0,0,0,0,0,0,0,0,0,0,0
511.3,136201,14163455,Lógica em ciência da computação : modelagem e argumentação sobre sistemas - 2. ed. / 2008,1,1,1,1,1,0,1,1,0,0,0,0,0,0,1,1,0,0,0,0,0,0,0,0,0,0,0,0,0,0,0,0,0,0,0,0,0,0,0,0,0,0,0,0,0,0,0,0
511.3,136201,14163423,Lógica em ciência da computação : modelagem e argumentação sobre sistemas - 2. ed. / 2008,0,0,0,0,0,0,0,0,0,0,0,0,0,0,0,0,0,1,0,1,1,1,1,1,0,0,0,0,0,0,0,0,0,1,1,0,0,0,0,0,0,0,0,0,0,0,0,0
511.3,136201,14163422,Lógica em ciência da computação : modelagem e argumentação sobre sistemas - 2. ed. / 2008,0,0,1,1,1,1,0,0,2,1,0,0,0,0,0,0,0,0,0,0,0,0,0,0,0,0,0,0,0,0,0,0,0,0,0,0,0,0,0,0,0,0,0,0,0,0,0,0
511.3,136201,14163421,Lógica em ciência da computação : modelagem e argumentação sobre sistemas - 2. ed. / 2008,0,0,0,0,0,0,0,0,2,1,1,0,0,0,1,1,0,0,0,0,0,0,0,0,0,0,0,0,0,0,0,0,0,0,0,0,0,0,0,0,0,0,0,0,0,0,0,0
511.3,136201,14163450,Lógica em ciência da computação : modelagem e argumentação sobre sistemas - 2. ed. / 2008,1,1,1,1,1,0,0,0,0,0,1,0,0,0,0,0,0,0,0,0,0,0,0,0,0,0,0,0,0,0,0,0,0,0,0,0,0,0,0,0,0,0,0,0,0,0,0,0
511.3,136201,14163457,Lógica em ciência da computação : modelagem e argumentação sobre sistemas - 2. ed. / 2008,0,0,0,0,0,0,0,0,0,0,0,0,0,0,0,0,0,0,0,0,0,0,0,0,0,0,0,0,0,0,0,1,0,1,1,1,1,1,0,0,0,0,0,0,0,0,0,0
511.3,136201,14163445,Lógica em ciência da computação : modelagem e argumentação sobre sistemas - 2. ed. / 2008,0,0,0,0,0,0,0,0,0,0,0,0,0,0,0,0,0,0,0,0,0,0,0,0,0,1,0,1,0,0,0,1,1,0,0,0,0,0,0,0,0,0,0,0,0,0,0,0
511.3,136201,14163451,Lógica em ciência da computação : modelagem e argumentação sobre sistemas - 2. ed. / 2008,0,0,0,0,0,0,0,0,0,0,1,0,0,0,1,1,0,0,0,0,0,0,0,0,0,0,0,0,0,0,0,0,0,1,0,0,0,0,0,0,0,0,0,0,0,0,0,0
511.3,136201,14163452,Lógica em ciência da computação : modelagem e argumentação sobre sistemas - 2. ed. / 2008,0,0,1,1,1,1,0,0,0,0,0,0,0,0,0,0,0,0,0,0,0,0,0,0,0,0,0,0,0,0,0,0,0,0,0,0,0,0,0,0,0,0,0,0,0,0,0,0
511.3,136201,14163446,Lógica em ciência da computação : modelagem e argumentação sobre sistemas - 2. ed. / 2008,0,0,1,1,1,0,0,0,0,0,0,0,0,0,0,0,0,0,0,0,0,0,0,0,0,0,0,0,0,0,0,0,0,0,0,0,0,0,0,0,0,0,0,0,0,0,0,0
511.3,136201,14163459,Lógica em ciência da computação : modelagem e argumentação sobre sistemas - 2. ed. / 2008,0,0,0,0,0,0,0,0,0,0,0,0,0,0,1,1,0,0,1,0,0,0,0,0,0,0,0,0,0,0,0,0,0,0,0,0,0,0,0,0,0,0,0,0,0,0,0,0
511.3,136201,14163424,Lógica em ciência da computação : modelagem e argumentação sobre sistemas - 2. ed. / 2008,0,0,0,0,0,0,0,1,1,0,0,0,0,0,0,0,0,0,0,0,0,0,0,0,0,0,0,0,0,0,0,0,0,0,0,0,0,0,0,0,0,0,0,0,0,0,0,0
511.3,136201,14163427,Lógica em ciência da computação : modelagem e argumentação sobre sistemas - 2. ed. / 2008,0,0,0,0,0,0,0,0,0,0,0,0,0,0,0,0,0,0,1,0,0,0,0,0,0,0,0,0,0,0,0,1,0,0,0,0,0,0,0,0,0,0,0,0,0,0,0,0
511.3,136201,14163443,Lógica em ciência da computação : modelagem e argumentação sobre sistemas - 2. ed. / 2008,0,0,0,0,0,0,0,0,0,0,0,0,0,0,0,0,0,0,0,0,0,0,0,0,0,0,0,0,0,0,0,0,0,1,1,0,0,0,0,0,0,0,0,0,0,0,0,0
511.3,136201,14163447,Lógica em ciência da computação : modelagem e argumentação sobre sistemas - 2. ed. / 2008,0,0,1,1,0,0,0,0,0,0,0,0,0,0,0,0,0,0,0,0,0,0,0,0,0,0,0,0,0,0,0,0,0,0,0,0,0,0,0,0,0,0,0,0,0,0,0,0
511.3,136201,14163426,Lógica em ciência da computação : modelagem e argumentação sobre sistemas - 2. ed. / 2008,0,0,0,0,0,0,0,0,0,0,0,0,0,0,0,0,0,0,0,0,0,0,0,0,0,0,0,0,0,0,0,0,0,0,0,0,0,0,0,0,0,0,0,0,1,0,0,0
511.3,136201,14163440,Lógica em ciência da computação : modelagem e argumentação sobre sistemas - 2. ed. / 2008,0,0,0,0,0,0,0,0,0,0,0,0,0,0,0,0,0,0,0,0,0,0,0,0,0,0,0,0,0,0,0,0,0,1,0,0,0,0,0,0,0,0,0,0,0,0,0,0
511.3,136201,14163456,Lógica em ciência da computação : modelagem e argumentação sobre sistemas - 2. ed. / 2008,0,0,0,0,0,0,0,0,0,0,0,0,0,0,0,0,0,0,0,1,0,0,0,0,0,0,0,0,0,0,0,0,0,0,0,0,0,0,0,0,0,0,0,0,0,0,0,0
511.3,136201,14163460,Lógica em ciência da computação : modelagem e argumentação sobre sistemas - 2. ed. / 2008,0,0,0,0,0,0,0,0,0,0,0,0,0,0,0,0,0,0,0,0,0,0,0,0,0,0,0,0,0,0,0,0,0,1,0,0,0,0,0,0,0,0,0,0,0,0,0,0
511.3,140650,14186950,Logic and structure - 5th. / 2013,0,0,1,1,0,0,0,0,0,1,0,0,0,0,0,0,0,0,1,1,0,1,0,0,0,0,0,0,0,0,0,0,0,0,1,0,1,0,0,0,0,0,0,0,0,0,0,0
511.3,140650,14186951,Logic and structure - 5th. / 2013,0,0,0,0,0,0,0,0,0,0,0,0,0,0,0,0,0,0,0,0,0,0,0,0,0,0,0,0,0,0,2,1,0,0,0,1,0,0,0,0,0,0,0,0,0,0,0,0
511.3,158087,14187927,"Algorithms, languages, automata, and compilers : a practical approach / 2010",0,0,0,0,0,0,0,0,0,0,0,0,0,0,0,0,0,3,0,0,0,0,0,0,0,0,0,0,0,0,0,0,0,0,1,0,0,0,0,0,0,0,0,0,0,0,0,0
511.3,169698,14217427,Computabilidade e lógica / 2012,0,0,1,0,0,0,0,1,1,2,1,0,0,0,0,0,0,0,0,0,0,0,0,0,0,0,1,0,0,0,0,0,0,0,0,0,0,0,0,0,0,0,0,0,0,0,0,0
511.3,169698,14217432,Computabilidade e lógica / 2012,0,0,0,1,0,0,0,0,0,0,0,0,0,0,0,0,0,0,0,0,0,0,0,0,0,0,0,0,0,0,0,0,0,0,0,0,0,1,0,0,0,0,0,0,0,0,0,0
511.3,169698,14217426,Computabilidade e lógica / 2012,0,0,0,0,0,0,0,0,1,0,0,0,0,0,0,0,0,0,0,0,0,0,0,0,0,0,0,0,0,0,0,0,0,0,0,0,0,0,0,0,0,0,0,0,0,0,0,0
511.3,169698,14217429,Computabilidade e lógica / 2012,0,0,0,0,0,0,0,0,0,0,0,0,0,0,0,0,0,0,0,0,0,0,0,1,0,0,0,0,0,0,0,0,0,0,0,0,0,0,0,0,0,0,0,0,0,0,0,0
511.3,216955,14363754,Iniciação à lógica matemática / 2000,0,0,0,0,0,0,0,0,0,0,0,0,0,0,0,0,0,0,0,0,0,0,0,0,0,1,0,0,0,0,1,0,0,0,1,0,0,0,0,1,0,0,0,0,0,0,0,0
511.5,141195,14371310,"Grafos : teoria, modelos, algoritmos - 5. ed. rev. e ampl. / 2012",0,0,0,0,0,0,0,0,0,0,0,0,0,0,0,0,0,0,0,0,0,0,0,0,0,0,0,0,0,0,0,0,0,0,0,0,0,1,0,0,0,0,0,0,0,0,0,0
511.5,141195,14371311,"Grafos : teoria, modelos, algoritmos - 5. ed. rev. e ampl. / 2012",0,0,0,0,0,0,0,0,0,0,0,0,0,0,0,0,0,0,0,0,0,0,0,0,0,0,0,0,0,0,0,0,0,0,0,0,1,0,0,0,0,0,0,0,0,0,0,0
511.8,142155,14174380,Algorithms - 4th ed. / 2011,0,0,0,0,0,0,0,0,0,0,0,1,0,0,0,1,1,1,0,0,0,0,0,0,0,0,0,0,0,0,0,0,0,0,0,0,0,0,0,0,0,0,0,0,0,0,0,0
511.8,142155,14174381,Algorithms - 4th ed. / 2011,0,0,0,0,0,0,0,0,0,0,0,0,0,0,0,0,0,0,0,0,0,0,0,0,0,0,0,0,0,0,1,0,0,0,0,0,0,0,0,0,0,0,0,0,0,0,0,0
511.8,142155,14174383,Algorithms - 4th ed. / 2011,0,0,0,0,0,0,0,0,0,0,0,0,0,0,0,0,0,0,0,0,0,1,0,0,0,0,0,0,0,0,0,0,0,0,0,0,0,0,0,0,0,0,0,0,0,0,0,0
511.8,142155,14174386,Algorithms - 4th ed. / 2011,0,0,1,0,0,0,0,0,0,0,0,0,0,0,0,0,0,0,0,0,0,0,0,0,0,0,0,0,0,0,0,0,0,0,0,0,0,0,0,0,0,0,0,0,0,0,0,0
511.8,142155,14174387,Algorithms - 4th ed. / 2011,0,0,0,0,0,0,0,0,0,0,0,0,0,0,0,0,0,0,0,0,0,0,0,0,0,0,0,0,0,0,0,0,0,0,0,0,0,0,0,0,0,1,0,0,0,0,0,0
511.8,142155,14174388,Algorithms - 4th ed. / 2011,0,0,0,0,0,0,0,0,0,0,0,0,0,0,0,0,0,0,0,0,0,0,0,0,0,0,0,0,0,0,0,0,0,0,0,0,0,0,0,0,0,0,0,0,0,0,1,0
512,141231,14157482,Pré-cálculo - 2. ed. / 2013,1,1,1,1,1,0,1,0,0,1,1,2,0,0,2,1,1,1,0,1,1,1,1,1,0,0,1,0,1,0,0,0,0,0,0,0,0,0,0,0,0,0,0,0,0,0,0,0
512,141231,14157481,Pré-cálculo - 2. ed. / 2013,0,0,0,1,2,1,1,1,1,1,1,1,0,0,1,2,1,1,0,1,0,0,0,0,0,0,0,0,0,0,0,0,0,0,0,0,0,0,0,0,0,0,0,0,0,0,0,0
512,141231,14157478,Pré-cálculo - 2. ed. / 2013,0,0,1,1,1,0,0,0,0,0,0,0,0,0,1,1,1,1,0,1,1,1,1,0,0,0,1,0,0,0,0,0,0,0,0,0,0,1,1,0,0,0,0,0,0,0,0,0
512,141231,14157480,Pré-cálculo - 2. ed. / 2013,0,0,1,0,0,0,0,0,1,0,0,0,0,0,1,1,1,0,1,1,0,0,0,0,0,0,1,1,1,1,0,0,0,0,0,0,0,0,0,2,0,1,0,0,0,0,0,0
512,141231,14157483,Pré-cálculo - 2. ed. / 2013,0,0,0,0,1,1,1,1,1,1,1,0,0,0,0,1,0,0,0,0,0,0,0,0,0,0,0,0,0,0,0,0,0,0,0,0,0,1,0,0,1,1,1,2,0,0,0,0
512,141231,14157488,Pré-cálculo - 2. ed. / 2013,0,0,1,1,1,1,1,2,1,1,1,1,0,0,1,0,0,0,0,0,0,0,0,0,0,0,1,1,0,0,0,0,0,0,0,0,0,0,0,0,0,0,0,0,0,0,0,0
512,141231,14157484,Pré-cálculo - 2. ed. / 2013,0,0,1,0,0,0,0,0,0,0,0,0,0,0,0,0,0,0,0,1,0,2,1,0,0,0,0,0,0,0,1,2,0,1,2,1,1,0,0,0,0,0,0,0,0,0,0,0
512,141231,14157499,Pré-cálculo - 2. ed. / 2013,0,0,0,1,0,0,0,0,0,0,0,0,0,0,1,1,1,1,0,1,2,1,0,0,0,0,0,0,0,0,0,0,0,0,0,0,0,0,0,0,1,1,0,0,0,0,0,0
512,141231,14157493,Pré-cálculo - 2. ed. / 2013,0,0,0,0,0,0,0,0,0,0,0,0,0,0,1,1,1,1,1,1,0,0,0,0,0,0,0,0,0,0,0,0,0,0,0,0,0,0,0,1,1,0,0,0,0,0,0,0
512,141231,14157498,Pré-cálculo - 2. ed. / 2013,0,0,0,1,0,0,0,0,0,0,0,0,0,0,1,1,1,0,0,1,0,0,0,0,0,0,1,0,0,0,0,1,0,0,0,0,0,0,0,1,0,0,0,0,0,0,0,0
512,141231,14157486,Pré-cálculo - 2. ed. / 2013,0,0,1,1,0,1,0,0,0,0,0,0,0,0,1,1,0,0,0,0,0,0,0,0,0,0,1,0,0,0,0,0,0,1,0,0,0,0,0,0,0,0,0,0,0,0,0,0
512,141231,14157490,Pré-cálculo - 2. ed. / 2013,0,0,0,1,1,1,1,1,0,0,1,0,0,0,1,0,0,0,0,0,0,0,0,0,0,0,0,0,0,0,0,0,0,0,0,0,0,0,0,0,0,0,0,0,0,0,0,0
512,141231,14157485,Pré-cálculo - 2. ed. / 2013,0,0,0,0,0,0,0,0,1,0,0,0,0,0,1,0,0,0,0,0,0,0,0,0,0,0,2,0,0,0,0,0,0,0,0,0,0,0,0,1,1,0,0,0,0,0,0,0
512,141231,14157487,Pré-cálculo - 2. ed. / 2013,1,0,0,1,1,0,1,0,0,0,0,0,0,0,1,1,0,0,0,0,0,0,0,0,0,0,0,0,0,0,0,0,0,0,0,0,0,0,0,0,0,0,0,0,0,0,0,0
512,141231,14157494,Pré-cálculo - 2. ed. / 2013,0,0,1,1,1,0,0,0,0,0,0,0,0,0,0,0,0,0,0,0,0,0,0,0,0,0,0,0,0,0,0,0,0,0,2,0,0,0,0,1,0,0,0,0,0,0,0,0
512,141231,14157491,Pré-cálculo - 2. ed. / 2013,0,0,1,1,0,0,0,0,0,0,0,0,0,0,0,1,0,0,0,0,0,0,0,0,0,0,0,0,0,0,0,1,0,0,0,0,0,0,0,1,0,0,0,0,0,0,0,0
512,141231,14157495,Pré-cálculo - 2. ed. / 2013,0,0,1,1,0,0,0,0,0,0,0,0,0,0,1,1,1,0,0,0,0,0,0,0,0,0,0,0,0,0,0,0,0,0,0,0,0,0,0,0,0,0,0,0,0,0,0,0
512,141231,14157497,Pré-cálculo - 2. ed. / 2013,0,0,0,1,0,0,0,0,0,0,0,0,0,0,0,0,0,0,0,0,0,0,0,0,0,0,0,0,0,0,0,0,0,0,0,0,0,0,0,1,1,1,1,0,0,0,0,0
512,141231,14157492,Pré-cálculo - 2. ed. / 2013,0,0,0,1,0,0,0,0,0,0,0,0,0,0,0,0,0,0,0,0,0,0,0,0,0,0,0,0,0,0,0,0,0,1,1,0,0,1,0,0,0,0,0,0,0,0,0,0
512,141231,14157500,Pré-cálculo - 2. ed. / 2013,0,0,0,0,0,0,0,0,0,0,0,0,0,0,0,0,0,0,0,0,0,0,0,0,0,0,0,0,0,0,1,1,0,0,0,0,0,0,0,1,0,1,0,0,0,0,0,0
512,141231,14157489,Pré-cálculo - 2. ed. / 2013,0,0,0,1,0,0,0,0,0,0,0,0,0,0,0,0,0,0,0,0,0,0,0,0,0,0,0,0,0,0,0,0,0,0,0,0,0,0,0,0,0,0,0,0,0,0,0,0
512,155498,14174082,"Precalculus graphical, numerical, algebraic : - 8th. ed. / 2011",0,0,0,0,0,0,0,0,0,0,0,0,0,0,1,0,1,0,0,0,0,0,0,0,0,0,0,0,0,0,0,0,0,0,0,0,0,0,0,0,0,0,0,0,0,0,0,0
512.5,11945,14180169,Álgebra linear - 2. ed. / 1987,0,0,0,0,0,0,0,0,0,0,0,0,0,0,1,1,1,1,0,1,0,2,1,0,0,1,1,1,0,0,1,2,0,0,0,0,0,0,0,0,0,0,0,0,0,0,1,0
512.5,11945,14180163,Álgebra linear - 2. ed. / 1987,0,0,0,0,0,0,0,0,0,0,0,0,0,0,1,1,1,1,0,1,1,1,1,1,0,0,1,0,1,0,0,1,0,1,0,0,0,0,0,0,0,0,0,0,0,0,0,0
512.5,11945,14180168,Álgebra linear - 2. ed. / 1987,0,0,0,0,0,0,0,0,0,1,0,0,0,1,1,1,1,1,0,0,0,0,0,0,0,2,1,0,0,0,1,1,0,1,0,0,0,0,0,0,0,0,0,0,0,0,0,0
512.5,11945,14180180,Álgebra linear - 2. ed. / 1987,0,0,0,0,0,0,0,0,0,0,0,0,0,0,1,1,1,1,1,1,0,0,0,0,0,1,0,0,0,0,1,1,1,0,0,0,0,0,0,0,0,0,0,0,0,0,0,0
512.5,11945,14180194,Álgebra linear - 2. ed. / 1987,0,0,0,1,0,0,0,0,0,0,0,0,0,0,1,1,0,0,0,0,0,0,0,0,0,0,1,1,0,0,1,0,0,1,1,1,1,0,0,0,0,0,0,0,0,0,0,0
512.5,11945,14180184,Álgebra linear - 2. ed. / 1987,0,0,0,0,0,0,0,0,0,0,0,0,0,0,0,0,0,0,0,0,0,0,1,1,0,0,0,0,0,0,0,0,2,1,1,0,0,0,0,1,0,1,1,0,0,0,0,0
512.5,11945,14180192,Álgebra linear - 2. ed. / 1987,0,0,0,1,1,1,0,0,0,0,0,0,0,0,1,1,1,0,0,0,0,0,0,0,0,1,1,0,0,0,0,1,0,0,0,0,0,0,0,0,0,0,0,0,0,0,0,0
512.5,11945,14180162,Álgebra linear - 2. ed. / 1987,0,0,0,0,0,0,0,0,0,0,0,0,0,0,0,0,0,1,0,0,0,0,1,1,0,0,1,0,0,0,0,1,1,0,0,0,0,0,0,1,0,0,0,0,1,0,0,0
512.5,11945,14180165,Álgebra linear - 2. ed. / 1987,0,0,0,0,0,0,0,0,0,0,0,0,0,0,0,0,0,2,0,1,0,1,1,0,0,1,1,0,0,0,0,1,0,0,0,0,0,0,0,0,0,0,0,0,0,0,0,0
512.5,11945,14180176,Álgebra linear - 2. ed. / 1987,0,0,0,1,0,0,0,0,0,0,0,0,0,0,1,1,1,0,0,0,0,0,0,0,0,1,0,0,0,0,1,1,1,0,0,0,0,0,0,0,0,0,0,0,0,0,0,0
512.5,11945,14180182,Álgebra linear - 2. ed. / 1987,0,0,0,1,1,0,0,0,0,0,0,0,0,0,0,0,0,0,0,0,0,0,0,0,0,0,1,0,0,0,1,1,0,1,1,1,0,0,0,0,0,0,0,0,0,0,0,0
512.5,11945,14180179,Álgebra linear - 2. ed. / 1987,0,0,0,0,0,0,0,0,0,0,0,0,0,0,0,0,0,0,0,0,0,0,0,0,0,0,0,0,0,0,0,0,2,0,2,1,0,0,0,1,1,0,0,0,0,0,0,0
512.5,11945,14180193,Álgebra linear - 2. ed. / 1987,1,1,1,0,0,0,0,0,0,0,0,0,0,0,0,0,0,0,0,0,0,0,0,0,0,0,0,0,0,0,0,1,0,0,0,0,0,2,0,0,0,0,0,0,0,0,0,0
512.5,11945,14180166,Álgebra linear - 2. ed. / 1987,0,0,1,1,0,0,0,0,0,0,0,0,0,0,1,1,0,1,0,0,0,0,0,0,0,0,0,0,0,0,0,0,0,0,0,0,0,0,0,0,0,0,0,0,0,0,0,0
512.5,11945,14180175,Álgebra linear - 2. ed. / 1987,0,0,0,0,0,0,0,0,0,0,0,0,0,0,0,0,0,0,0,0,0,0,0,0,0,0,0,0,0,0,0,0,0,1,1,0,1,1,0,1,0,0,0,0,0,0,0,0
512.5,11945,14180178,Álgebra linear - 2. ed. / 1987,0,0,1,0,0,0,0,0,0,0,0,0,0,0,0,0,0,0,0,0,0,0,0,0,0,0,2,0,0,0,0,0,0,0,1,0,0,0,0,1,0,0,0,0,0,0,0,0
512.5,11945,14180191,Álgebra linear - 2. ed. / 1987,0,0,0,0,0,0,0,0,0,0,0,0,0,0,0,0,0,2,0,1,0,1,1,0,0,0,0,0,0,0,0,0,0,0,0,0,0,0,0,0,0,0,0,0,0,0,0,0
512.5,11945,14180167,Álgebra linear - 2. ed. / 1987,0,0,0,0,0,0,0,0,0,0,0,0,0,0,0,0,0,0,0,0,0,0,1,0,0,0,0,0,0,0,0,0,0,0,0,0,0,0,0,1,0,1,1,0,0,0,0,0
512.5,11945,14180177,Álgebra linear - 2. ed. / 1987,0,0,0,0,0,0,0,0,0,0,0,0,0,0,0,0,0,0,0,0,0,0,0,0,0,1,1,0,0,0,1,1,0,0,0,0,0,0,0,0,0,0,0,0,0,0,0,0
512.5,11945,14180161,Álgebra linear - 2. ed. / 1987,1,1,0,0,0,0,0,0,0,0,0,0,0,0,0,0,0,0,0,0,0,0,0,0,0,0,0,0,0,0,0,0,0,0,1,0,0,0,0,0,0,0,0,0,0,0,0,0
512.5,11945,14180181,Álgebra linear - 2. ed. / 1987,0,0,0,0,0,0,0,0,0,0,0,0,0,0,0,0,0,0,0,0,0,0,0,0,0,0,0,0,0,0,2,0,0,0,0,1,0,0,0,0,0,0,0,0,0,0,0,0
512.5,11945,14180185,Álgebra linear - 2. ed. / 1987,0,0,0,0,0,0,0,0,0,0,0,0,0,0,0,0,0,0,0,0,0,0,0,0,0,1,1,0,0,0,0,0,0,0,0,0,0,0,0,0,0,0,0,0,0,0,0,0
512.5,11945,14180186,Álgebra linear - 2. ed. / 1987,0,0,0,0,0,0,0,0,0,0,0,0,0,0,0,0,0,0,0,0,0,0,1,0,0,0,1,0,0,0,0,0,0,0,0,0,0,0,0,0,0,0,0,0,0,0,0,0
512.5,11945,14180187,Álgebra linear - 2. ed. / 1987,0,0,0,1,0,0,0,0,0,0,0,0,0,0,0,0,0,0,0,0,0,0,0,0,0,0,0,0,0,0,0,1,0,0,0,0,0,0,0,0,0,0,0,0,0,0,0,0
512.5,11945,14180155,Álgebra linear - 2. ed. / 1987,0,0,0,1,0,0,0,0,0,0,0,0,0,0,0,0,0,0,0,0,0,0,0,0,0,0,0,0,0,0,0,0,0,0,0,0,0,0,0,0,0,0,0,0,0,0,0,0
512.5,50324,14148886,"Álgebra linear - 3. ed., amp. e rev. / 1986",0,0,0,1,2,1,0,0,0,0,0,0,0,0,1,1,1,1,1,1,0,0,0,0,0,0,1,0,0,0,0,1,1,1,0,0,0,0,0,1,1,0,2,0,1,1,0,1
512.5,50324,14148888,"Álgebra linear - 3. ed., amp. e rev. / 1986",0,0,1,1,1,1,1,1,1,2,0,0,0,0,1,1,0,0,0,0,2,1,0,0,0,0,0,0,0,0,0,1,1,0,0,0,0,0,0,2,0,0,0,0,0,0,0,0
512.5,50324,14148893,"Álgebra linear - 3. ed., amp. e rev. / 1986",0,0,0,0,0,0,0,0,0,0,0,0,0,0,1,1,0,0,0,0,1,0,0,0,0,0,1,1,0,0,0,1,0,2,1,1,1,1,0,1,0,0,0,0,0,0,0,0
512.5,50324,14148887,"Álgebra linear - 3. ed., amp. e rev. / 1986",0,0,0,0,0,0,0,1,1,2,0,1,0,0,1,1,0,1,0,1,1,0,0,0,0,0,0,0,0,0,0,0,1,0,0,0,0,0,0,0,1,0,0,0,0,0,0,0
512.5,50324,14148884,"Álgebra linear - 3. ed., amp. e rev. / 1986",0,0,0,0,0,0,0,0,0,0,0,0,0,0,0,1,1,0,0,0,1,1,2,0,0,0,2,0,0,0,0,2,1,0,0,0,0,0,0,0,0,0,0,0,0,0,0,0
512.5,50324,14148890,"Álgebra linear - 3. ed., amp. e rev. / 1986",1,1,1,0,0,0,0,0,0,0,0,0,0,0,0,0,1,0,0,0,0,0,0,1,0,1,0,1,0,0,0,1,1,1,0,1,0,0,0,0,0,0,0,0,0,0,0,0
512.5,50324,14148882,"Álgebra linear - 3. ed., amp. e rev. / 1986",0,0,0,0,0,0,0,0,0,1,0,0,0,0,1,0,0,0,0,0,0,0,0,0,0,0,1,1,1,0,1,0,0,0,0,0,0,0,0,2,1,1,0,0,0,0,0,0
512.5,50324,14148881,"Álgebra linear - 3. ed., amp. e rev. / 1986",0,0,0,0,1,1,0,0,0,0,0,0,0,0,0,0,0,1,0,1,1,1,1,0,0,0,1,0,0,0,0,0,0,0,0,0,0,0,0,0,0,0,0,0,0,0,0,0
512.5,50324,14148883,"Álgebra linear - 3. ed., amp. e rev. / 1986",0,0,0,0,0,0,0,0,0,0,0,0,0,0,0,0,0,0,0,0,1,0,0,0,0,0,1,2,0,1,0,1,0,0,0,0,0,0,0,0,1,0,0,0,0,0,0,0
512.5,50324,14148897,"Álgebra linear - 3. ed., amp. e rev. / 1986",0,0,1,1,0,0,0,0,0,0,0,0,0,0,0,0,0,0,0,1,1,1,1,0,0,0,0,0,0,0,0,0,0,0,0,0,0,0,0,0,0,0,0,0,0,0,0,0
512.5,50324,14148879,"Álgebra linear - 3. ed., amp. e rev. / 1986",0,0,0,0,0,0,0,0,0,0,0,0,0,0,0,0,0,0,0,0,2,1,1,0,0,0,0,0,0,0,0,1,0,0,0,0,0,0,0,0,0,0,0,0,0,0,0,0
512.5,50324,14148891,"Álgebra linear - 3. ed., amp. e rev. / 1986",0,0,1,0,0,0,0,0,0,0,0,0,0,0,0,0,0,0,0,1,1,1,0,0,0,0,0,0,0,0,0,1,0,0,0,0,0,0,0,0,0,0,0,0,0,0,0,0
512.5,50324,14148892,"Álgebra linear - 3. ed., amp. e rev. / 1986",0,0,0,0,0,0,0,0,0,0,0,0,0,0,0,0,0,0,0,0,1,1,1,0,0,0,0,0,0,0,0,0,1,1,0,0,0,0,0,0,0,0,0,0,0,0,0,0
512.5,50324,14148896,"Álgebra linear - 3. ed., amp. e rev. / 1986",0,0,0,0,0,0,0,0,0,0,0,0,0,0,0,0,0,0,0,1,1,0,0,0,0,0,0,0,0,0,0,0,0,0,0,0,0,0,0,0,0,0,0,0,0,0,0,0
512.5,50324,14148898,"Álgebra linear - 3. ed., amp. e rev. / 1986",0,0,0,0,0,0,0,0,0,0,0,0,0,0,0,0,0,1,0,1,0,0,0,0,0,0,0,0,0,0,0,0,0,0,0,0,0,0,0,0,0,0,0,0,0,0,0,0
512.5,50324,14148885,"Álgebra linear - 3. ed., amp. e rev. / 1986",0,0,0,0,0,0,0,0,0,0,0,0,0,0,0,0,0,0,0,0,0,0,0,0,0,1,0,0,0,0,0,0,0,0,0,0,0,0,0,0,0,0,0,0,0,0,0,0
512.5,50324,14148889,"Álgebra linear - 3. ed., amp. e rev. / 1986",0,0,0,0,0,0,0,0,0,0,0,0,0,0,0,0,0,0,0,0,0,0,0,0,0,0,0,0,0,0,0,1,0,0,0,0,0,0,0,0,0,0,0,0,0,0,0,0
512.5,100930,14371263,Álgebra linear : um segundo curso / 2006,0,0,0,0,0,0,0,0,0,0,0,0,0,0,0,0,0,0,0,0,0,0,0,0,0,0,0,0,0,0,0,0,0,0,0,0,0,0,0,0,0,0,0,0,0,2,0,0
512.5,126468,14149286,Álgebra linear - 4. ed. / 2011,0,0,0,1,0,0,0,1,0,0,0,0,0,0,1,1,0,2,0,1,1,0,0,0,0,0,1,0,0,0,1,0,0,0,0,0,0,0,0,0,0,0,0,0,0,0,0,0
512.5,126468,14149268,Álgebra linear - 4. ed. / 2011,0,0,0,1,0,0,0,0,0,0,0,0,0,0,0,0,0,0,0,0,0,0,0,0,0,0,1,0,1,1,0,1,1,1,0,0,0,0,0,0,0,0,0,0,0,0,0,0
512.5,126468,14149275,Álgebra linear - 4. ed. / 2011,1,1,1,0,0,0,0,0,0,0,0,0,0,0,0,0,0,0,1,0,0,0,0,0,0,1,0,1,0,0,1,0,0,0,0,0,0,0,0,0,0,0,0,0,0,0,0,0
512.5,126468,14149270,Álgebra linear - 4. ed. / 2011,0,0,0,0,0,0,0,0,0,0,0,0,0,0,0,0,0,0,0,0,0,0,0,0,0,0,0,0,0,0,0,1,0,0,0,0,0,0,0,2,0,1,1,0,0,0,0,0
512.5,126468,14149271,Álgebra linear - 4. ed. / 2011,0,0,0,0,0,0,0,0,0,0,0,0,0,0,0,0,0,0,0,0,0,0,0,0,0,0,0,0,0,0,0,0,0,0,0,0,0,0,0,0,0,0,0,0,0,0,1,1
512.5,126468,14149284,Álgebra linear - 4. ed. / 2011,0,0,0,0,0,0,0,0,0,0,0,0,0,0,0,0,0,0,0,0,0,0,0,0,0,0,1,0,0,0,1,0,0,0,0,0,0,0,0,0,0,0,0,0,0,0,0,0
512.5,126468,14149276,Álgebra linear - 4. ed. / 2011,0,0,0,0,0,0,0,0,0,0,0,0,0,0,0,0,0,0,0,0,0,0,0,0,0,0,0,0,0,0,0,1,0,0,0,0,0,0,0,0,0,0,0,0,0,0,0,0
512.5,136124,14149189,Álgebra linear com aplicações - 10. ed. / 2012,0,0,1,1,1,1,1,1,1,2,0,0,0,0,1,1,1,1,1,2,1,1,3,1,0,0,1,0,0,0,1,1,2,0,0,0,0,3,0,1,1,0,1,0,1,1,1,0
512.5,136124,14149194,Álgebra linear com aplicações - 10. ed. / 2012,0,0,1,0,1,1,2,1,1,1,2,0,0,0,1,1,1,1,0,1,2,1,1,0,0,1,1,0,0,0,1,2,0,1,1,0,1,1,0,1,1,0,1,0,1,1,1,1
512.5,136124,14149209,Álgebra linear com aplicações - 10. ed. / 2012,0,0,1,1,1,1,1,1,1,1,0,0,0,0,1,1,1,1,0,1,1,1,1,1,0,0,1,0,1,1,0,1,1,2,1,2,1,0,0,2,0,0,1,0,1,1,1,0
512.5,136124,14149191,Álgebra linear com aplicações - 10. ed. / 2012,0,0,1,1,1,1,1,1,1,1,1,0,0,0,1,0,0,0,1,2,1,1,1,1,0,0,2,0,0,0,1,0,1,1,0,0,0,0,0,2,0,1,1,0,2,2,1,2
512.5,136124,14149185,Álgebra linear com aplicações - 10. ed. / 2012,0,1,1,1,1,1,0,1,1,2,0,1,0,0,0,1,0,0,0,1,1,1,1,0,0,1,0,1,0,1,0,2,0,1,3,0,0,2,0,1,1,1,1,0,1,0,0,0
512.5,136124,14149207,Álgebra linear com aplicações - 10. ed. / 2012,0,0,1,0,1,1,1,1,1,1,1,0,0,0,1,1,1,1,0,0,1,2,1,0,0,0,1,0,0,0,0,1,1,1,0,0,1,1,0,2,0,1,1,0,1,1,1,1
512.5,136124,14149208,Álgebra linear com aplicações - 10. ed. / 2012,0,0,1,1,1,1,1,1,1,1,1,0,0,0,1,1,1,1,0,1,1,1,1,0,0,2,0,0,0,0,0,1,1,1,1,0,0,0,0,1,0,1,1,0,1,1,1,1
512.5,136124,14149214,Álgebra linear com aplicações - 10. ed. / 2012,0,0,1,1,1,1,1,1,1,1,1,1,0,0,1,1,0,2,0,1,1,2,1,0,0,1,1,0,1,1,1,1,1,0,0,1,1,0,0,1,1,0,0,0,0,0,0,0
512.5,136124,14149186,Álgebra linear com aplicações - 10. ed. / 2012,1,1,2,1,1,0,0,1,1,0,0,0,0,0,2,1,2,1,0,1,1,0,0,0,0,1,0,0,0,0,1,1,1,2,0,2,1,1,0,1,0,1,0,0,1,0,0,0
512.5,136124,14149187,Álgebra linear com aplicações - 10. ed. / 2012,1,1,2,0,1,1,0,0,1,1,1,0,0,0,0,1,1,2,0,1,1,1,2,0,0,1,2,0,0,0,0,1,0,0,0,0,0,0,0,0,2,1,1,0,0,2,1,0
512.5,136124,14149188,Álgebra linear com aplicações - 10. ed. / 2012,0,0,2,1,0,1,1,1,1,0,0,0,0,0,1,1,1,1,0,1,1,0,0,0,0,1,1,0,0,0,1,2,2,1,1,1,1,2,0,1,0,0,1,0,0,0,1,0
512.5,136124,14149206,Álgebra linear com aplicações - 10. ed. / 2012,0,0,1,1,1,1,1,1,1,1,1,0,0,0,1,0,1,2,0,1,0,1,1,1,0,1,0,0,0,0,0,1,1,1,1,0,1,1,0,1,1,0,0,0,0,1,1,1
512.5,136124,14149197,Álgebra linear com aplicações - 10. ed. / 2012,1,1,1,0,0,0,1,1,1,1,1,0,0,1,1,1,1,1,0,2,1,1,1,0,0,0,1,0,1,1,0,1,1,1,0,0,0,0,0,0,0,0,0,0,0,1,1,1
512.5,136124,14149184,Álgebra linear com aplicações - 10. ed. / 2012,1,1,1,1,1,1,0,0,1,0,0,0,0,0,1,0,1,1,0,1,0,0,1,1,0,0,0,0,0,0,0,1,2,2,1,1,1,1,0,1,0,0,1,0,0,0,2,0
512.5,136124,14149195,Álgebra linear com aplicações - 10. ed. / 2012,0,0,2,1,1,0,0,1,1,1,1,0,0,0,1,2,1,1,0,1,1,1,1,0,0,0,1,0,0,0,0,1,1,1,1,1,1,1,0,1,0,0,0,0,0,0,0,0
512.5,136124,14149212,Álgebra linear com aplicações - 10. ed. / 2012,1,0,1,1,2,1,1,2,1,1,1,0,0,0,1,1,0,0,0,1,1,0,1,0,0,1,0,1,0,0,0,2,1,1,0,0,1,0,0,1,0,1,0,0,0,0,0,0
512.5,136124,14149211,Álgebra linear com aplicações - 10. ed. / 2012,0,0,0,1,1,1,1,2,1,1,0,0,0,0,0,1,2,1,0,1,1,1,1,1,0,0,1,0,0,0,1,1,2,0,0,0,1,1,0,0,1,0,0,0,0,0,0,0
512.5,136124,14149192,Álgebra linear com aplicações - 10. ed. / 2012,0,0,0,2,1,1,0,0,1,1,1,1,0,1,1,0,1,1,0,1,0,0,1,0,0,1,1,0,0,0,1,0,1,0,0,0,0,0,0,1,0,0,0,0,1,1,2,1
512.5,136124,14149200,Álgebra linear com aplicações - 10. ed. / 2012,0,0,0,1,1,1,0,0,1,0,0,0,0,0,1,1,1,2,2,1,1,1,2,0,0,0,1,0,0,0,1,1,0,0,0,0,0,0,0,0,1,1,0,0,2,0,1,0
512.5,136124,14149210,Álgebra linear com aplicações - 10. ed. / 2012,0,0,1,1,1,1,1,1,1,1,1,1,0,0,1,0,1,0,0,1,1,1,1,0,0,0,1,0,1,0,0,1,1,1,1,0,0,0,0,0,1,1,0,0,0,0,0,0
512.5,136124,14149190,Álgebra linear com aplicações - 10. ed. / 2012,0,0,1,1,1,2,0,1,1,1,0,0,0,0,1,1,1,1,0,1,1,1,1,0,0,1,0,0,0,0,0,0,1,1,1,0,0,0,0,0,2,1,0,0,0,0,0,0
512.5,136124,14149205,Álgebra linear com aplicações - 10. ed. / 2012,0,0,1,1,0,1,1,2,1,1,0,0,0,0,0,0,1,0,0,0,1,0,0,0,0,1,0,1,0,0,1,0,1,1,1,1,1,1,0,1,0,0,1,0,1,0,0,1
512.5,136124,14149203,Álgebra linear com aplicações - 10. ed. / 2012,0,0,1,1,0,1,1,1,1,0,0,0,0,0,0,0,0,0,0,0,0,0,1,2,0,0,1,0,0,0,0,1,1,1,0,0,0,2,0,1,0,1,1,0,1,1,1,1
512.5,136124,14149213,Álgebra linear com aplicações - 10. ed. / 2012,0,0,0,0,1,1,2,1,1,1,1,1,0,0,1,1,0,2,0,1,1,1,0,0,0,1,0,0,0,0,0,1,0,1,1,0,0,0,0,0,1,0,1,0,0,0,0,0
512.5,136124,14149202,Álgebra linear com aplicações - 10. ed. / 2012,0,0,0,1,2,0,1,1,1,1,1,0,0,0,0,0,0,1,1,2,1,1,1,1,0,0,1,0,0,0,0,1,1,0,1,0,0,0,0,0,0,0,0,0,0,0,0,0
512.5,136124,14149198,Álgebra linear com aplicações - 10. ed. / 2012,0,0,1,1,1,0,0,0,0,0,0,0,0,0,1,0,1,0,1,0,2,1,1,0,0,1,0,1,0,0,0,1,2,0,0,0,0,0,0,1,0,1,2,0,0,0,0,0
512.5,136124,14149193,Álgebra linear com aplicações - 10. ed. / 2012,0,0,0,0,0,0,0,0,0,0,0,0,0,0,1,1,1,1,0,1,1,1,0,0,0,1,1,0,0,0,1,1,1,1,0,0,0,1,0,2,0,0,1,0,0,0,1,0
512.5,136124,14149196,Álgebra linear com aplicações - 10. ed. / 2012,0,0,0,1,1,1,1,1,1,1,1,1,0,0,0,0,1,2,0,1,0,0,0,0,0,1,0,0,0,0,1,0,1,0,0,0,0,0,0,1,0,0,0,0,1,0,0,0
512.5,136124,14149199,Álgebra linear com aplicações - 10. ed. / 2012,0,0,0,0,0,0,0,0,0,0,0,0,0,0,1,1,1,2,0,0,1,1,1,1,0,0,1,1,0,0,0,1,1,0,0,0,0,0,0,1,1,0,1,0,0,0,0,0
512.5,136124,14149204,Álgebra linear com aplicações - 10. ed. / 2012,0,0,1,2,1,1,1,1,1,1,1,0,0,0,1,1,1,1,0,1,0,0,0,0,0,0,0,0,0,0,0,0,0,0,0,0,0,0,0,0,0,0,0,0,0,0,0,0
512.5,136124,14374397,Álgebra linear com aplicações - 10. ed. / 2012,0,0,0,0,0,0,0,0,0,0,0,0,0,0,0,0,0,0,0,0,0,0,0,0,0,0,0,0,0,0,0,0,0,0,0,0,0,0,0,0,1,0,0,0,1,0,0,0
512.5,147515,14165099,Introdução à álgebra linear / 1990,0,0,0,0,0,0,0,0,0,0,0,0,0,0,0,0,2,0,1,1,0,0,0,0,0,0,0,0,0,0,0,0,1,0,0,0,0,0,0,0,0,0,0,0,0,0,0,0
512.5,147515,14165097,Introdução à álgebra linear / 1990,1,1,0,0,0,0,0,1,0,0,0,0,0,0,1,0,0,0,0,0,0,0,0,0,0,0,0,0,0,0,0,0,0,0,0,0,0,0,0,0,0,0,0,0,0,0,0,0
512.5,147515,14165102,Introdução à álgebra linear / 1990,0,0,0,0,0,0,0,0,0,0,0,0,0,0,0,1,0,0,0,0,0,0,1,0,0,0,2,0,0,0,0,0,0,0,0,0,0,0,0,0,0,0,0,0,0,0,0,0
512.5,147515,14165091,Introdução à álgebra linear / 1990,0,0,0,0,0,0,0,0,0,0,0,0,0,0,1,1,0,0,0,0,0,0,0,0,0,0,0,0,0,0,0,0,0,0,0,0,0,0,0,0,0,0,0,0,0,0,0,0
512.5,147515,14165100,Introdução à álgebra linear / 1990,0,0,0,0,0,0,0,0,0,0,0,0,0,0,0,0,0,0,0,0,0,0,0,0,0,0,0,0,0,0,0,0,1,0,0,0,0,0,0,0,0,0,0,0,0,0,0,0
512.5,147515,14165107,Introdução à álgebra linear / 1990,0,0,0,0,0,0,0,0,0,0,0,0,0,0,0,0,0,0,0,0,0,0,0,0,0,0,0,0,0,0,0,0,0,0,0,0,0,0,0,1,0,0,0,0,0,0,0,0
512.5,149699,14149235,Álgebra linear com aplicações - 9. ed. / 2013,0,0,0,1,1,0,0,0,0,0,0,0,0,0,1,1,0,2,0,1,1,0,0,0,0,0,2,0,0,0,0,0,0,0,0,0,0,0,0,0,1,0,0,0,0,0,0,0
512.5,149699,14149245,Álgebra linear com aplicações - 9. ed. / 2013,0,0,0,1,1,0,0,0,0,0,0,0,0,0,0,0,0,0,0,0,1,0,0,0,0,0,0,0,0,0,0,0,0,0,0,0,0,0,0,1,2,3,1,0,0,0,0,0
512.5,149699,14149236,Álgebra linear com aplicações - 9. ed. / 2013,0,0,0,0,1,0,0,0,0,0,0,0,0,0,0,0,0,0,0,0,0,0,0,0,0,0,0,0,0,0,0,0,0,2,1,1,1,0,0,0,1,0,0,0,1,0,1,0
512.5,149699,14361184,Álgebra linear com aplicações - 9. ed. / 2013,0,0,0,0,0,0,0,0,0,0,0,0,0,0,0,0,1,0,0,0,0,0,0,0,0,0,2,0,0,0,0,0,0,0,0,0,0,0,0,0,1,1,1,0,2,1,0,0
512.5,149699,14149234,Álgebra linear com aplicações - 9. ed. / 2013,0,0,0,0,0,0,0,0,0,0,0,0,0,0,0,0,0,0,0,0,0,0,0,0,0,0,0,0,0,0,0,0,0,0,0,0,0,0,0,2,1,2,0,0,0,0,0,0
512.5,149699,14149229,Álgebra linear com aplicações - 9. ed. / 2013,0,0,0,0,0,0,0,0,0,0,0,0,0,0,0,0,0,0,0,0,0,0,0,0,0,0,0,0,0,0,0,0,0,0,0,0,0,0,0,0,1,1,1,0,1,0,0,0
512.5,149699,14149230,Álgebra linear com aplicações - 9. ed. / 2013,0,0,1,0,0,0,0,0,0,0,0,0,0,0,0,0,0,0,0,0,0,0,0,0,0,0,0,0,0,0,0,0,0,1,0,0,0,0,0,2,0,0,0,0,0,0,0,0
512.5,149699,14149233,Álgebra linear com aplicações - 9. ed. / 2013,0,0,0,0,0,0,0,0,0,0,0,0,0,0,0,0,0,0,0,0,0,0,0,0,0,0,0,0,0,0,0,0,0,1,0,0,0,0,0,1,0,1,1,0,0,0,0,0
512.5,149699,14149252,Álgebra linear com aplicações - 9. ed. / 2013,0,0,0,1,1,0,0,0,0,0,0,0,0,0,1,0,0,0,0,0,0,0,0,0,0,0,0,0,0,0,0,0,0,0,0,0,0,0,0,0,0,0,0,0,0,0,0,0
512.5,149699,14149256,Álgebra linear com aplicações - 9. ed. / 2013,0,0,0,0,0,0,0,0,0,0,0,0,0,0,0,0,0,0,0,0,0,0,0,0,0,0,0,0,0,0,0,0,0,0,0,0,0,0,0,0,2,1,0,0,0,0,0,0
512.5,149699,14149231,Álgebra linear com aplicações - 9. ed. / 2013,0,0,0,1,1,0,0,0,0,0,0,0,0,0,0,0,0,0,0,0,0,0,0,0,0,0,0,0,0,0,0,0,0,0,0,0,0,0,0,0,0,0,0,0,0,0,0,0
512.5,149699,14149243,Álgebra linear com aplicações - 9. ed. / 2013,1,1,0,0,0,0,0,0,0,0,0,0,0,0,0,0,0,0,0,0,0,0,0,0,0,0,0,0,0,0,0,0,0,0,0,0,0,0,0,0,0,0,0,0,0,0,0,0
512.5,149699,14149238,Álgebra linear com aplicações - 9. ed. / 2013,0,0,0,0,0,0,0,0,0,0,0,0,0,0,0,0,0,0,0,0,0,0,0,0,0,0,0,0,0,0,0,0,0,0,0,0,0,0,0,0,0,1,0,0,0,0,0,0
512.5,149699,14149246,Álgebra linear com aplicações - 9. ed. / 2013,0,0,0,0,0,0,0,0,0,0,0,0,0,0,0,0,0,0,0,0,0,0,0,0,0,0,0,0,0,0,0,0,0,0,0,0,0,0,0,0,1,0,0,0,0,0,0,0
512.5,149699,14149254,Álgebra linear com aplicações - 9. ed. / 2013,1,0,0,0,0,0,0,0,0,0,0,0,0,0,0,0,0,0,0,0,0,0,0,0,0,0,0,0,0,0,0,0,0,0,0,0,0,0,0,0,0,0,0,0,0,0,0,0
512.5,154350,14169689,Álgebra linear para computação / 2007,0,0,0,0,0,0,0,0,0,0,0,0,0,0,0,0,0,0,0,0,0,0,0,0,0,0,0,0,0,0,0,0,0,0,0,0,0,0,0,0,0,0,0,0,0,0,1,1
512.5,155984,14175608,Linear algebra : a modern introduction - 4th ed. / 2015,0,1,1,1,2,0,0,0,0,0,0,0,0,0,0,0,0,0,0,1,1,1,1,1,0,0,0,0,0,0,0,0,0,0,0,0,0,0,0,1,0,0,0,0,0,0,0,0
515,24669,14173745,Advanced calculus for applications - 2nd ed. / 1976,0,0,0,0,0,0,0,0,0,0,0,0,0,0,0,0,0,0,0,0,0,0,0,0,0,0,0,0,0,0,0,0,0,0,0,0,0,0,0,0,0,0,0,0,0,1,0,0
515,33678,14376739,Cálculo / 1982,0,0,0,0,0,0,0,0,0,0,0,0,0,0,0,0,0,0,0,0,0,0,0,0,0,0,0,0,0,0,0,0,0,0,0,0,0,0,0,0,0,0,0,0,2,2,1,2
515,94927,14187887,Matemática básica para cursos superiores / 2002,0,0,0,1,2,1,1,1,1,1,1,1,0,0,1,2,1,0,0,0,0,0,0,0,0,0,1,0,0,0,2,1,0,1,0,0,0,0,0,1,0,0,0,0,0,0,0,0
515,94927,14187897,Matemática básica para cursos superiores / 2002,0,0,1,1,1,1,1,1,0,0,1,0,0,0,1,1,1,1,0,1,1,1,1,1,0,0,1,0,1,0,0,0,0,0,0,0,0,0,0,0,0,0,0,0,0,0,0,0
515,94927,14187894,Matemática básica para cursos superiores / 2002,0,0,0,1,1,1,2,1,1,1,1,1,0,0,1,2,1,1,0,0,0,0,0,0,0,0,0,0,0,0,0,0,0,0,0,0,0,0,0,0,0,0,0,0,0,0,0,0
515,94927,14187826,Matemática básica para cursos superiores / 2002,1,0,1,1,1,0,0,0,0,0,0,0,0,0,0,0,0,0,0,0,0,0,0,0,0,1,0,0,0,0,0,2,0,1,1,0,0,0,0,2,1,1,0,0,0,0,0,0
515,94927,14187834,Matemática básica para cursos superiores / 2002,0,0,0,0,0,0,0,0,0,0,0,0,0,0,1,1,1,1,0,0,0,0,0,0,0,0,0,0,0,0,1,1,1,2,1,2,0,0,0,0,0,0,0,0,0,1,0,0
515,94927,14187835,Matemática básica para cursos superiores / 2002,0,0,0,0,0,0,1,1,1,1,1,0,0,1,1,2,1,1,0,1,0,0,0,0,0,1,0,0,0,0,0,0,0,0,0,0,0,0,0,0,0,0,0,0,0,0,0,0
515,94927,14187890,Matemática básica para cursos superiores / 2002,0,0,0,0,0,0,0,0,0,0,0,0,0,0,1,1,1,2,1,2,1,0,0,0,0,1,0,0,0,0,1,0,0,0,1,0,0,0,0,0,0,0,0,0,0,0,0,0
515,94927,14187891,Matemática básica para cursos superiores / 2002,0,0,0,0,0,0,0,0,0,0,0,0,0,0,1,1,0,0,0,0,0,0,0,0,0,0,2,2,0,1,0,0,0,0,0,0,0,0,0,0,1,1,1,2,0,0,0,0
515,94927,14187827,Matemática básica para cursos superiores / 2002,0,0,0,0,0,0,0,0,0,0,0,0,0,0,1,0,0,0,0,0,0,0,0,0,0,0,0,0,0,0,1,1,0,1,1,1,1,0,1,1,1,0,0,0,0,0,0,0
515,94927,14187841,Matemática básica para cursos superiores / 2002,0,0,0,1,1,1,0,0,0,0,0,0,0,0,1,1,1,1,0,0,0,0,0,0,0,1,0,0,0,0,0,0,0,0,0,0,0,0,0,0,0,0,0,0,0,0,0,0
515,94927,14187846,Matemática básica para cursos superiores / 2002,0,0,0,0,0,0,0,0,0,0,0,0,0,0,1,1,2,1,0,1,0,0,0,0,0,0,1,0,0,0,0,0,0,0,0,0,0,0,0,0,0,0,0,0,0,0,1,0
515,94927,14187895,Matemática básica para cursos superiores / 2002,0,0,0,0,1,1,0,0,0,0,0,0,0,0,0,0,0,0,0,0,0,0,0,0,0,0,0,0,0,0,0,0,0,1,1,0,0,0,0,0,0,0,0,0,0,0,0,2
515,94927,14187830,Matemática básica para cursos superiores / 2002,0,0,1,1,0,0,1,1,0,0,0,0,0,0,1,0,0,0,0,0,0,0,0,0,0,0,0,0,0,0,0,0,0,0,0,0,0,0,0,0,0,0,0,0,0,0,0,0
515,94927,14187833,Matemática básica para cursos superiores / 2002,0,0,0,0,0,0,0,0,0,0,0,0,0,0,0,0,0,0,0,0,0,0,0,0,0,0,0,0,0,0,0,0,0,0,0,0,0,0,0,0,1,1,1,0,1,1,0,0
515,94927,14187839,Matemática básica para cursos superiores / 2002,0,0,0,1,1,0,0,0,0,0,0,0,0,0,0,0,0,0,0,0,0,0,0,0,0,0,0,0,0,0,0,0,0,0,0,0,0,0,0,2,0,0,0,0,0,0,0,0
515,94927,14187889,Matemática básica para cursos superiores / 2002,0,0,0,0,0,0,0,0,0,0,0,0,0,0,2,0,0,0,0,0,0,0,0,0,0,0,1,0,0,0,0,1,0,0,0,0,0,0,0,0,0,0,0,0,0,0,0,0
515,94927,14187888,Matemática básica para cursos superiores / 2002,0,0,0,0,0,0,0,0,0,0,0,0,0,0,1,0,1,0,0,0,0,0,0,0,0,0,1,0,0,0,0,0,0,0,0,0,0,0,0,0,0,0,0,0,0,0,0,0
515,94927,14187898,Matemática básica para cursos superiores / 2002,1,1,1,0,0,0,0,0,0,0,0,0,0,0,0,0,0,0,0,0,0,0,0,0,0,0,0,0,0,0,0,0,0,0,0,0,0,0,0,0,0,0,0,0,0,0,0,0
515,94927,14187844,Matemática básica para cursos superiores / 2002,0,0,0,0,0,0,0,0,0,0,0,0,0,0,0,0,0,0,0,0,0,0,0,0,0,1,0,0,0,0,0,0,1,0,0,0,0,0,0,0,0,0,0,0,0,0,0,0
515,94927,14187899,Matemática básica para cursos superiores / 2002,0,0,1,0,0,0,0,0,0,0,0,0,0,0,0,0,0,0,0,0,0,0,0,0,0,0,0,0,0,0,0,0,0,0,0,0,0,0,0,0,1,0,0,0,0,0,0,0
515,94927,14187901,Matemática básica para cursos superiores / 2002,0,0,0,0,1,1,0,0,0,0,0,0,0,0,0,0,0,0,0,0,0,0,0,0,0,0,0,0,0,0,0,0,0,0,0,0,0,0,0,0,0,0,0,0,0,0,0,0
515,94927,14187825,Matemática básica para cursos superiores / 2002,0,0,0,1,0,0,0,0,0,0,0,0,0,0,0,0,0,0,0,0,0,0,0,0,0,0,0,0,0,0,0,0,0,0,0,0,0,0,0,0,0,0,0,0,0,0,0,0
515,94927,14187840,Matemática básica para cursos superiores / 2002,1,0,0,0,0,0,0,0,0,0,0,0,0,0,0,0,0,0,0,0,0,0,0,0,0,0,0,0,0,0,0,0,0,0,0,0,0,0,0,0,0,0,0,0,0,0,0,0
515,94927,14187845,Matemática básica para cursos superiores / 2002,0,0,0,0,0,0,0,0,1,0,0,0,0,0,0,0,0,0,0,0,0,0,0,0,0,0,0,0,0,0,0,0,0,0,0,0,0,0,0,0,0,0,0,0,0,0,0,0
515,94927,14187883,Matemática básica para cursos superiores / 2002,0,0,0,0,0,0,0,0,0,0,0,0,0,0,0,1,0,0,0,0,0,0,0,0,0,0,0,0,0,0,0,0,0,0,0,0,0,0,0,0,0,0,0,0,0,0,0,0
515,94927,14187892,Matemática básica para cursos superiores / 2002,0,0,0,0,0,0,1,0,0,0,0,0,0,0,0,0,0,0,0,0,0,0,0,0,0,0,0,0,0,0,0,0,0,0,0,0,0,0,0,0,0,0,0,0,0,0,0,0
515,94927,14187900,Matemática básica para cursos superiores / 2002,0,0,0,0,0,0,0,0,0,0,0,0,0,0,0,0,0,0,0,0,0,0,0,0,0,0,1,0,0,0,0,0,0,0,0,0,0,0,0,0,0,0,0,0,0,0,0,0
515,111305,14335835,Cálculo - 2. ed. / 2010,0,0,0,1,1,0,0,1,1,1,0,0,0,0,1,1,1,1,0,0,0,0,0,0,0,0,1,0,0,0,0,0,0,0,0,0,0,0,0,0,0,0,0,0,1,1,1,0
515,140824,14152404,Cálculo - 3. ed. / 2014,0,0,0,1,1,1,1,1,1,1,1,1,0,1,3,1,2,1,0,0,0,0,1,1,0,0,1,0,1,0,1,1,1,1,1,1,1,1,0,2,0,1,1,0,1,0,0,0
515,140824,14152419,Cálculo - 3. ed. / 2014,0,0,1,1,2,2,1,2,0,0,0,0,0,0,1,1,1,1,1,1,0,0,0,0,0,0,1,1,0,0,0,1,1,1,1,1,0,1,0,2,0,3,1,0,1,1,1,1
515,140824,14152409,Cálculo - 3. ed. / 2014,0,0,0,1,2,0,0,1,1,2,0,0,0,0,2,1,1,1,1,1,1,1,1,0,0,1,0,0,0,0,1,0,2,1,0,0,0,1,0,1,2,1,2,0,1,0,0,2
515,140824,14152420,Cálculo - 3. ed. / 2014,0,0,1,1,1,1,0,1,0,1,1,0,0,1,1,2,1,1,1,1,2,1,1,0,0,0,1,0,1,1,0,0,0,1,0,2,1,1,0,2,2,1,0,0,0,0,0,0
515,140824,14152434,Cálculo - 3. ed. / 2014,0,0,1,1,1,1,0,1,1,1,0,0,0,0,1,1,1,1,0,1,0,1,1,0,0,1,0,0,0,0,1,1,1,1,1,0,1,1,0,2,1,1,1,0,0,2,1,0
515,140824,14152435,Cálculo - 3. ed. / 2014,0,0,1,1,1,1,1,1,0,0,0,0,0,0,1,1,1,1,1,1,1,1,1,0,0,0,2,0,0,0,0,2,0,1,2,1,1,0,0,1,1,1,1,0,1,1,0,0
515,140824,14152440,Cálculo - 3. ed. / 2014,0,0,2,0,2,1,1,0,1,1,1,0,0,0,1,1,1,2,1,3,1,1,1,0,0,0,1,1,1,1,0,1,1,0,1,0,0,0,0,2,0,0,0,0,0,0,0,0
515,140824,14152446,Cálculo - 3. ed. / 2014,0,0,1,1,1,1,1,1,1,1,1,0,0,0,1,1,1,1,1,1,0,0,0,0,0,0,1,1,0,0,1,1,1,1,1,1,1,1,0,1,0,0,1,0,1,1,1,0
515,140824,14316971,Cálculo - 3. ed. / 2014,0,0,1,0,0,0,0,1,1,1,0,0,0,0,1,1,1,1,1,1,1,1,1,0,0,1,1,0,0,0,0,1,1,1,0,2,0,1,0,1,1,1,1,0,1,1,1,2
515,140824,14152408,Cálculo - 3. ed. / 2014,0,0,1,1,1,2,2,1,0,1,0,0,0,0,1,1,2,1,0,1,1,1,0,0,0,1,0,1,0,0,0,1,1,1,1,1,1,1,0,2,0,0,1,0,0,0,0,0
515,140824,14152448,Cálculo - 3. ed. / 2014,0,0,1,1,1,1,0,1,1,0,1,0,0,0,1,1,1,0,2,1,0,0,0,0,0,0,1,0,0,0,1,0,0,0,3,0,0,0,0,2,0,1,1,0,2,2,1,2
515,140824,14152403,Cálculo - 3. ed. / 2014,0,0,1,1,1,1,0,1,1,1,1,0,0,0,1,1,2,1,0,1,2,1,1,1,0,0,1,0,0,0,0,1,0,0,0,2,1,0,0,1,1,0,2,0,0,0,0,0
515,140824,14152406,Cálculo - 3. ed. / 2014,0,0,0,2,1,1,1,1,1,1,1,0,0,0,1,1,0,1,0,1,1,0,0,0,0,0,1,1,0,0,0,2,0,0,0,1,1,1,0,1,1,0,1,0,1,1,1,1
515,140824,14152412,Cálculo - 3. ed. / 2014,0,1,1,1,1,1,1,1,2,0,1,0,0,0,1,1,0,1,0,1,1,1,1,0,0,1,1,1,0,1,1,0,2,0,0,0,0,0,0,0,0,1,0,0,0,1,1,1
515,140824,14152400,Cálculo - 3. ed. / 2014,0,0,1,1,1,1,0,1,1,1,1,0,0,0,1,1,1,1,0,2,1,0,0,0,0,0,1,1,0,0,1,1,1,1,1,1,1,1,0,2,0,0,0,0,0,0,0,0
515,140824,14152416,Cálculo - 3. ed. / 2014,1,0,1,1,3,2,2,1,2,2,2,1,0,0,1,1,1,1,0,0,0,0,0,0,0,0,0,0,0,0,2,0,0,0,0,0,0,1,0,2,0,0,0,0,0,0,0,0
515,140824,14152401,Cálculo - 3. ed. / 2014,1,1,1,1,1,1,1,1,1,0,0,0,0,0,1,1,1,1,0,1,1,1,1,1,0,0,1,0,0,0,0,1,1,1,1,0,0,0,0,1,0,0,0,0,0,0,0,0
515,140824,14152411,Cálculo - 3. ed. / 2014,0,0,1,1,1,1,1,2,1,1,0,0,0,0,1,1,1,0,1,1,0,0,0,0,0,0,0,0,0,0,1,0,0,0,1,0,0,1,0,2,1,2,1,0,1,0,0,0
515,140824,14152417,Cálculo - 3. ed. / 2014,0,0,1,1,0,1,1,1,1,1,2,0,0,0,1,1,0,1,0,0,0,0,0,0,0,0,0,0,0,0,0,2,0,2,1,1,0,2,2,1,1,0,0,0,0,0,0,0
515,140824,14152421,Cálculo - 3. ed. / 2014,0,0,1,1,1,1,1,1,1,1,1,0,0,0,1,1,1,0,0,0,0,0,0,0,0,0,0,0,0,0,1,1,1,0,0,0,0,0,0,2,1,2,1,0,1,1,1,0
515,140824,14152433,Cálculo - 3. ed. / 2014,1,1,1,1,1,1,0,1,1,1,1,0,0,0,1,0,0,0,0,0,1,0,0,0,0,0,0,0,0,0,1,0,3,1,1,1,1,1,0,1,1,0,0,0,0,0,0,1
515,140824,14152436,Cálculo - 3. ed. / 2014,0,0,1,0,1,1,1,1,1,1,1,0,0,0,1,1,2,0,1,1,1,1,0,0,0,0,1,0,0,0,0,1,1,1,0,0,0,1,0,1,0,2,0,0,0,0,0,0
515,140824,14152447,Cálculo - 3. ed. / 2014,0,0,0,1,1,1,2,1,1,1,1,0,0,0,1,1,1,0,0,1,1,1,1,0,0,0,0,0,0,0,0,0,0,0,0,0,0,0,0,1,1,1,2,0,1,1,1,0
515,140824,14152458,Cálculo - 3. ed. / 2014,0,0,0,2,1,1,1,1,1,1,1,1,0,0,1,1,1,1,0,0,0,0,0,0,0,0,0,0,0,0,0,1,2,0,1,0,0,0,0,2,0,0,1,0,1,1,1,0
515,140824,14152463,Cálculo - 3. ed. / 2014,0,0,0,2,1,0,0,0,0,0,2,1,0,0,1,1,1,1,1,1,2,1,1,0,0,0,1,0,0,0,2,1,1,2,0,0,0,1,0,0,0,0,0,0,0,0,0,0
515,140824,14152501,Cálculo - 3. ed. / 2014,0,0,1,1,1,1,1,1,1,1,1,0,0,0,1,1,1,1,1,1,1,1,1,0,0,0,2,1,0,1,1,0,0,0,0,0,0,0,0,1,0,0,0,0,0,0,0,0
515,140824,14152515,Cálculo - 3. ed. / 2014,1,1,1,1,1,1,0,1,1,1,0,1,0,0,1,1,1,1,1,1,1,1,1,0,0,1,0,1,0,0,0,1,1,1,0,0,0,0,0,0,0,0,0,0,0,0,0,0
515,140824,14152445,Cálculo - 3. ed. / 2014,1,1,2,1,1,2,1,1,0,0,0,0,0,0,0,0,0,0,0,0,2,1,1,0,0,0,1,0,0,0,0,1,1,1,1,0,0,0,0,1,1,1,0,1,0,0,0,0
515,140824,14152452,Cálculo - 3. ed. / 2014,0,0,1,1,1,1,0,1,1,1,1,0,0,0,1,1,0,0,1,0,0,0,0,0,0,0,1,1,0,0,0,1,1,1,1,2,1,1,0,1,1,0,0,0,0,0,0,0
515,140824,14152479,Cálculo - 3. ed. / 2014,0,0,0,1,2,1,1,1,1,1,1,1,0,0,2,1,1,1,0,1,1,2,0,0,0,1,0,1,0,0,1,1,0,0,0,0,0,0,0,0,0,0,0,0,0,0,0,0
515,140824,14152505,Cálculo - 3. ed. / 2014,0,0,0,1,1,2,1,1,1,0,2,0,0,0,1,1,0,0,0,1,1,1,0,0,0,1,1,0,0,0,1,1,1,1,1,1,1,0,0,0,0,0,0,0,0,0,0,0
515,140824,14152426,Cálculo - 3. ed. / 2014,0,0,0,0,0,0,0,0,1,1,1,0,0,0,1,1,1,1,0,0,0,0,0,0,0,0,1,0,1,1,0,1,1,1,1,1,1,1,1,0,1,1,1,0,1,0,0,0
515,140824,14152428,Cálculo - 3. ed. / 2014,1,0,1,1,2,1,1,1,2,2,0,1,0,0,2,1,1,2,0,0,0,0,0,0,0,0,1,0,0,0,1,0,0,1,0,0,0,0,0,0,0,0,0,0,0,0,0,0
515,140824,14152442,Cálculo - 3. ed. / 2014,0,0,1,1,0,1,1,1,1,1,1,1,0,0,2,1,1,1,1,0,0,0,0,0,0,0,1,1,0,0,0,0,1,0,1,2,0,0,0,1,0,0,0,0,0,0,0,0
515,140824,14152493,Cálculo - 3. ed. / 2014,0,0,2,2,1,1,1,0,0,0,1,0,0,0,1,1,1,1,0,0,0,0,0,0,0,0,1,1,0,1,0,1,1,1,1,1,1,1,0,0,0,0,0,0,0,0,0,0
515,140824,14152414,Cálculo - 3. ed. / 2014,0,0,1,1,1,1,1,1,2,2,1,0,0,0,1,1,0,0,0,0,0,0,0,0,0,1,0,0,0,0,1,1,1,0,0,0,0,0,0,2,1,1,0,0,0,0,0,0
515,140824,14152415,Cálculo - 3. ed. / 2014,0,0,2,1,0,1,0,0,2,1,1,0,0,0,1,1,1,0,1,1,1,1,2,0,0,0,0,0,0,0,0,0,0,0,0,0,0,0,0,0,1,0,0,0,1,0,1,1
515,140824,14152423,Cálculo - 3. ed. / 2014,0,0,0,2,1,0,1,1,1,1,0,0,0,0,3,1,1,1,0,1,1,1,1,1,0,0,1,0,1,0,0,0,0,0,0,0,0,0,0,0,0,0,1,0,0,0,0,0
515,140824,14152439,Cálculo - 3. ed. / 2014,0,0,1,1,1,0,0,0,0,0,0,0,0,0,1,1,2,1,0,1,1,0,1,1,0,0,0,0,0,0,0,1,0,0,1,1,0,2,1,1,0,0,2,0,0,0,0,0
515,140824,14152399,Cálculo - 3. ed. / 2014,0,0,1,0,0,2,0,1,1,1,1,1,0,0,1,1,1,1,1,1,1,1,0,1,0,0,1,0,0,0,0,1,0,0,0,0,0,0,0,0,0,0,0,0,1,0,0,0
515,140824,14152429,Cálculo - 3. ed. / 2014,1,0,1,1,1,2,1,1,1,1,1,1,0,0,1,1,1,1,1,0,0,0,0,0,0,0,0,0,0,0,1,0,1,0,1,0,0,0,0,0,0,0,0,0,0,0,0,0
515,140824,14152455,Cálculo - 3. ed. / 2014,0,0,1,1,1,1,1,1,1,1,1,0,0,0,1,1,0,0,0,0,1,1,1,1,0,0,1,0,0,0,0,1,1,1,1,0,0,0,0,0,0,0,0,0,0,0,0,0
515,140824,14152486,Cálculo - 3. ed. / 2014,0,0,0,1,1,0,0,0,1,1,1,0,0,0,1,1,1,1,0,0,0,0,0,0,0,0,1,1,0,1,0,1,1,1,1,1,1,0,0,1,1,0,0,0,0,0,0,0
515,140824,14152499,Cálculo - 3. ed. / 2014,0,0,1,1,1,2,1,0,1,1,0,0,0,0,1,1,1,1,0,0,0,0,0,0,0,0,1,1,0,1,0,1,1,0,0,0,0,0,1,1,1,0,0,0,0,0,0,0
515,140824,14152405,Cálculo - 3. ed. / 2014,0,0,1,1,1,1,1,1,1,1,1,0,0,0,1,1,1,0,0,0,0,0,0,0,0,0,0,0,0,0,0,0,0,0,0,0,0,0,0,1,1,2,1,1,1,0,0,0
515,140824,14152427,Cálculo - 3. ed. / 2014,0,0,1,1,0,0,1,2,1,1,1,0,0,0,1,1,1,1,0,1,2,1,1,0,0,0,0,0,0,0,0,0,0,0,0,0,0,0,0,1,1,0,0,0,0,0,0,0
515,140824,14152432,Cálculo - 3. ed. / 2014,0,0,0,1,1,1,1,1,1,1,1,0,0,0,1,1,1,0,0,0,0,0,0,0,0,0,0,0,0,0,0,0,0,1,1,1,1,1,0,1,0,0,1,0,1,0,0,0
515,140824,14152441,Cálculo - 3. ed. / 2014,0,0,1,1,1,1,1,2,1,1,0,0,0,0,1,1,2,1,0,1,1,2,1,0,0,0,0,0,0,0,0,0,0,0,0,0,0,0,0,0,0,0,0,0,0,0,0,0
515,140824,14152457,Cálculo - 3. ed. / 2014,1,1,2,1,0,1,0,1,1,1,0,0,0,0,1,1,0,0,0,0,0,0,0,1,0,0,1,0,0,0,0,0,1,0,0,0,0,1,0,2,0,1,1,0,0,0,0,0
515,140824,14152468,Cálculo - 3. ed. / 2014,0,0,1,1,1,1,1,1,1,1,1,1,0,0,1,1,1,1,1,0,0,2,0,0,0,0,0,0,0,0,0,0,0,0,0,0,0,0,0,1,1,0,0,0,0,0,0,0
515,140824,14152484,Cálculo - 3. ed. / 2014,0,0,0,2,1,1,0,0,0,0,0,0,0,0,1,1,2,1,1,1,1,1,1,1,0,0,1,1,0,0,0,1,1,0,0,0,0,0,0,0,0,0,0,0,0,0,0,0
515,140824,14152487,Cálculo - 3. ed. / 2014,0,0,0,2,2,1,1,1,0,0,0,0,0,1,1,1,1,1,0,1,0,0,0,0,0,0,1,0,0,0,0,1,1,1,0,1,0,0,0,1,0,0,0,0,0,0,0,0
515,140824,14152488,Cálculo - 3. ed. / 2014,0,0,0,1,2,1,1,1,1,1,0,0,0,0,2,1,1,1,0,0,1,0,0,0,0,1,0,0,0,0,1,0,0,0,0,0,0,0,0,1,1,1,0,0,0,0,0,0
515,140824,14152425,Cálculo - 3. ed. / 2014,0,0,0,1,1,1,2,1,1,1,1,0,0,0,1,0,1,0,0,0,0,0,0,0,0,0,1,0,0,0,0,1,1,1,1,1,0,0,0,0,0,0,0,0,1,0,0,0
515,140824,14152443,Cálculo - 3. ed. / 2014,0,0,1,1,1,0,1,1,1,1,1,0,0,0,1,0,1,0,0,0,0,0,0,0,0,0,1,0,0,0,1,1,0,0,0,0,0,0,0,2,1,1,0,0,1,0,0,0
515,140824,14152472,Cálculo - 3. ed. / 2014,0,0,1,1,1,1,0,0,1,1,1,1,0,0,1,1,1,1,0,0,0,0,0,0,0,0,0,0,0,0,1,0,0,1,1,1,1,1,0,0,0,0,0,0,0,0,0,0
515,140824,14152491,Cálculo - 3. ed. / 2014,0,0,1,1,2,1,0,1,1,1,1,1,0,0,1,1,1,1,1,1,1,1,0,0,0,0,0,0,0,0,0,0,0,0,0,0,0,0,0,0,0,0,0,0,0,0,0,0
515,140824,14152504,Cálculo - 3. ed. / 2014,0,0,0,1,1,1,0,1,1,1,1,1,0,0,2,2,1,1,0,1,1,0,1,0,0,0,0,0,0,0,0,0,0,0,0,0,0,0,0,1,0,0,0,0,0,0,0,0
515,140824,14152402,Cálculo - 3. ed. / 2014,0,0,1,1,1,1,1,2,1,1,0,0,0,0,1,1,0,0,1,1,1,1,1,0,0,0,0,0,0,0,1,0,0,0,0,0,0,0,0,0,0,0,0,0,0,0,0,0
515,140824,14152413,Cálculo - 3. ed. / 2014,0,0,1,1,1,1,0,1,1,0,0,0,0,0,1,1,1,0,1,0,0,0,1,0,0,0,1,0,0,0,0,1,1,0,0,0,0,0,0,1,1,0,1,0,0,0,0,0
515,140824,14152430,Cálculo - 3. ed. / 2014,0,0,1,1,1,0,1,1,1,0,0,0,0,0,1,1,1,1,0,0,0,0,0,0,0,0,0,0,0,0,0,2,1,1,0,0,0,0,0,2,0,0,1,0,0,0,0,0
515,140824,14152451,Cálculo - 3. ed. / 2014,0,0,0,1,1,1,1,1,1,1,1,0,0,0,1,1,1,0,0,0,0,0,0,0,0,0,0,0,0,0,0,1,0,0,0,0,0,0,0,1,0,1,1,0,1,1,0,0
515,140824,14152454,Cálculo - 3. ed. / 2014,0,0,1,1,1,1,0,1,0,1,1,0,0,0,1,1,1,1,0,0,0,0,0,0,0,0,0,0,0,0,0,0,0,0,0,0,0,1,0,1,1,1,1,0,1,0,0,0
515,140824,14152512,Cálculo - 3. ed. / 2014,0,0,0,2,1,1,1,1,0,0,0,0,0,1,1,1,0,1,1,2,1,1,1,0,0,1,0,0,0,0,0,0,0,0,0,0,0,0,0,0,0,0,0,0,0,0,0,0
515,140824,14152407,Cálculo - 3. ed. / 2014,0,0,2,2,1,1,0,1,1,1,0,0,0,0,1,0,1,0,1,1,2,0,1,0,0,0,0,0,0,0,0,0,0,0,0,0,0,0,0,0,0,0,0,0,0,0,0,0
515,140824,14152480,Cálculo - 3. ed. / 2014,1,1,0,2,1,1,0,0,0,0,0,0,0,0,2,1,1,1,0,1,0,0,0,0,0,0,1,0,0,0,0,1,1,1,0,0,0,0,0,0,0,0,0,0,0,0,0,0
515,140824,14152481,Cálculo - 3. ed. / 2014,0,0,0,1,2,0,0,1,1,1,0,0,0,0,1,1,1,1,1,1,1,1,1,0,0,1,0,0,0,0,0,0,0,0,0,0,0,0,0,0,0,0,0,0,0,0,0,0
515,140824,14152490,Cálculo - 3. ed. / 2014,0,0,0,1,1,1,0,1,1,1,0,0,0,0,1,1,1,1,1,1,1,1,0,0,0,0,1,0,0,0,1,0,0,0,0,0,0,0,0,0,0,0,0,0,0,0,0,0
515,140824,14152508,Cálculo - 3. ed. / 2014,0,0,0,1,0,0,0,1,1,2,0,0,0,0,2,1,0,1,0,0,0,0,0,0,0,0,0,0,0,0,2,1,1,0,1,0,0,0,0,1,0,0,0,0,1,0,0,0
515,140824,14152418,Cálculo - 3. ed. / 2014,1,1,1,1,1,1,0,1,1,1,0,0,0,0,1,0,0,0,0,0,0,0,0,0,0,0,1,0,0,0,1,1,0,0,0,0,0,0,0,1,0,0,1,0,0,0,0,0
515,140824,14152431,Cálculo - 3. ed. / 2014,0,0,1,1,1,1,1,1,1,1,0,0,0,0,1,0,0,0,0,0,0,0,0,0,0,0,0,0,0,0,0,0,0,0,0,1,1,1,0,1,1,1,0,0,0,0,0,0
515,140824,14152474,Cálculo - 3. ed. / 2014,0,0,0,1,1,1,1,0,0,0,0,0,0,0,1,1,0,0,0,1,1,1,0,0,0,0,1,0,0,0,0,0,0,0,0,0,0,1,0,1,1,0,1,0,0,0,0,1
515,140824,14152498,Cálculo - 3. ed. / 2014,0,0,0,1,1,1,1,1,0,0,0,0,0,0,1,2,1,1,0,0,0,0,0,0,0,1,1,0,0,0,1,1,1,0,0,0,0,0,0,0,0,0,0,0,0,0,0,0
515,140824,14152503,Cálculo - 3. ed. / 2014,1,1,2,1,1,1,0,0,0,0,0,0,0,0,2,1,0,1,0,0,0,0,0,0,0,1,0,0,0,0,0,1,1,0,0,0,0,1,0,0,0,0,0,0,0,0,0,0
515,140824,14152517,Cálculo - 3. ed. / 2014,0,0,0,1,1,1,1,1,1,1,1,0,0,0,0,0,0,0,0,1,1,1,1,1,0,1,1,0,0,0,0,0,0,0,0,0,0,0,0,0,0,0,0,0,0,0,0,0
515,140824,14152461,Cálculo - 3. ed. / 2014,0,0,0,1,1,1,1,1,0,0,0,0,0,0,1,0,0,0,0,1,1,1,1,1,0,1,1,0,0,0,0,1,0,0,0,0,0,0,0,0,0,0,0,0,0,0,0,0
515,140824,14152489,Cálculo - 3. ed. / 2014,0,0,1,1,1,1,1,1,1,1,1,1,0,0,1,1,1,0,0,0,0,0,0,0,0,0,0,0,0,0,0,0,1,0,0,0,0,0,0,0,0,0,0,0,0,0,0,0
515,140824,14152509,Cálculo - 3. ed. / 2014,0,0,1,1,1,1,0,1,1,1,1,1,0,0,2,1,1,1,0,0,0,0,0,0,0,0,0,0,0,0,0,0,0,0,0,0,0,0,0,0,0,0,0,0,0,0,0,0
515,140824,14152518,Cálculo - 3. ed. / 2014,0,0,2,1,1,1,1,1,2,1,0,0,0,0,1,1,1,1,0,0,0,0,0,0,0,0,0,0,0,0,0,0,0,0,0,0,0,0,0,0,0,0,0,0,0,0,0,0
515,140824,14152410,Cálculo - 3. ed. / 2014,0,0,2,0,1,1,1,1,1,0,0,0,0,0,1,1,1,0,0,0,0,0,0,0,0,1,1,0,0,0,0,1,0,0,0,0,0,0,0,0,0,0,0,0,0,0,0,0
515,140824,14152438,Cálculo - 3. ed. / 2014,0,0,1,0,2,1,1,0,1,1,1,1,0,0,1,0,0,0,0,0,0,0,0,0,0,0,1,0,0,0,1,1,0,0,0,0,0,0,0,0,0,0,0,0,0,0,0,0
515,140824,14152500,Cálculo - 3. ed. / 2014,0,0,0,1,1,1,0,0,2,1,1,0,0,0,1,1,0,1,1,0,1,0,0,0,0,1,0,0,0,0,0,0,0,0,0,0,0,0,0,0,0,0,0,0,0,0,0,0
515,140824,14152467,Cálculo - 3. ed. / 2014,0,0,1,0,1,1,0,1,1,1,0,0,0,0,1,1,1,1,0,0,0,0,0,0,0,0,0,0,0,0,0,0,1,1,0,0,0,0,0,0,0,0,0,0,0,0,0,0
515,140824,14152437,Cálculo - 3. ed. / 2014,1,0,1,1,0,0,1,0,1,0,0,0,0,0,1,1,1,0,0,0,0,0,0,0,0,0,0,0,0,0,1,1,1,0,0,0,0,0,0,0,0,0,0,0,0,0,0,0
515,140824,14152477,Cálculo - 3. ed. / 2014,0,0,0,2,1,0,0,0,0,0,0,0,0,0,1,1,1,1,0,1,1,1,1,0,0,0,0,0,0,0,0,0,0,0,0,0,0,0,0,0,0,0,0,0,0,0,0,0
515,140824,14152465,Cálculo - 3. ed. / 2014,0,0,0,2,0,0,0,1,0,0,0,0,0,0,1,1,1,1,0,0,0,0,0,0,0,0,0,0,0,0,3,0,0,0,0,0,0,0,0,0,0,0,0,0,0,0,0,0
515,140824,14152471,Cálculo - 3. ed. / 2014,0,0,0,2,1,1,1,0,0,0,0,0,0,0,1,1,1,1,0,0,0,0,0,0,0,0,1,0,0,0,0,0,0,0,0,0,0,0,0,0,0,0,0,0,0,0,0,0
515,140824,14152478,Cálculo - 3. ed. / 2014,0,0,0,2,1,1,0,0,0,0,0,0,0,0,1,2,1,1,0,1,0,0,0,0,0,0,0,0,0,0,0,0,0,0,0,0,0,0,0,0,0,0,0,0,0,0,0,0
515,140824,14152497,Cálculo - 3. ed. / 2014,1,1,1,1,1,2,0,0,0,0,0,0,0,0,1,1,1,0,0,0,0,0,0,0,0,0,0,0,0,0,0,0,0,0,0,0,0,0,0,0,0,0,0,0,0,0,0,0
515,140824,14152507,Cálculo - 3. ed. / 2014,0,0,0,1,1,1,1,0,0,0,0,0,0,0,1,1,2,1,0,0,1,0,0,0,0,0,0,0,0,0,0,0,0,0,0,0,0,0,0,0,0,0,0,0,0,0,0,0
515,140824,14152510,Cálculo - 3. ed. / 2014,0,0,0,1,2,1,1,1,1,0,0,0,0,0,1,1,1,0,0,0,0,0,0,0,0,0,0,0,0,0,0,0,0,0,0,0,0,0,0,0,0,0,0,0,0,0,0,0
515,140824,14152424,Cálculo - 3. ed. / 2014,0,0,0,0,1,0,0,0,0,0,0,0,0,0,1,1,0,0,0,1,1,1,1,0,0,0,0,0,0,0,0,2,0,0,0,0,0,0,0,0,0,0,0,0,0,0,0,0
515,140824,14152462,Cálculo - 3. ed. / 2014,0,0,0,1,1,1,0,0,0,0,0,0,0,0,1,0,1,0,0,0,0,0,0,1,0,0,1,0,1,1,0,0,0,0,0,0,0,0,0,0,0,0,0,0,0,0,0,0
515,140824,14152494,Cálculo - 3. ed. / 2014,0,0,0,1,0,0,0,1,1,0,1,1,0,0,1,1,0,0,0,0,0,0,0,1,0,0,1,0,0,0,0,0,0,0,0,0,0,0,0,0,0,0,0,0,0,0,0,0
515,140824,14152511,Cálculo - 3. ed. / 2014,0,0,0,2,1,1,1,1,0,0,0,0,0,0,1,1,1,0,0,0,0,0,0,0,0,0,0,0,0,0,0,0,0,0,0,0,0,0,0,0,0,0,0,0,0,0,0,0
515,140824,14152460,Cálculo - 3. ed. / 2014,0,0,0,2,1,1,0,0,0,0,0,0,0,0,1,1,1,1,0,0,0,0,0,0,0,0,0,0,0,0,0,0,0,0,0,0,0,0,0,0,0,0,0,0,0,0,0,0
515,140824,14152473,Cálculo - 3. ed. / 2014,0,0,0,1,1,1,1,0,0,0,0,0,0,0,1,1,1,1,0,0,0,0,0,0,0,0,0,0,0,0,0,0,0,0,0,0,0,0,0,0,0,0,0,0,0,0,0,0
515,140824,14152475,Cálculo - 3. ed. / 2014,0,0,1,1,1,1,1,1,1,1,0,0,0,0,0,0,0,0,0,0,0,0,0,0,0,0,0,0,0,0,0,0,0,0,0,0,0,0,0,0,0,0,0,0,0,0,0,0
515,140824,14152485,Cálculo - 3. ed. / 2014,0,0,0,1,2,0,0,0,0,1,0,0,0,0,1,1,1,1,0,0,0,0,0,0,0,0,0,0,0,0,0,0,0,0,0,0,0,0,0,0,0,0,0,0,0,0,0,0
515,140824,14152496,Cálculo - 3. ed. / 2014,0,0,0,1,2,0,0,0,0,0,0,0,0,0,3,0,1,1,0,0,0,0,0,0,0,0,0,0,0,0,0,0,0,0,0,0,0,0,0,0,0,0,0,0,0,0,0,0
515,140824,14152514,Cálculo - 3. ed. / 2014,0,0,0,2,1,1,0,1,1,1,1,0,0,0,0,0,0,0,0,0,0,0,0,0,0,0,0,0,0,0,0,0,0,0,0,0,0,0,0,0,0,0,0,0,0,0,0,0
515,140824,14152516,Cálculo - 3. ed. / 2014,0,0,0,1,2,1,1,0,0,0,0,0,0,0,0,0,0,0,0,0,0,0,0,0,0,0,0,0,0,0,0,0,0,0,0,0,0,0,0,0,0,0,0,0,1,1,1,0
515,140824,14152444,Cálculo - 3. ed. / 2014,0,0,1,1,1,1,0,0,0,0,0,0,0,0,1,1,0,0,0,0,0,0,0,0,0,0,0,0,0,0,0,0,0,1,0,0,0,0,0,0,0,0,0,0,0,0,0,0
515,140824,14152459,Cálculo - 3. ed. / 2014,2,0,2,1,0,2,0,0,0,0,0,0,0,0,0,0,0,0,0,0,0,0,0,0,0,0,0,0,0,0,0,0,0,0,0,0,0,0,0,0,0,0,0,0,0,0,0,0
515,140824,14152466,Cálculo - 3. ed. / 2014,0,0,0,2,1,1,1,0,0,0,0,0,0,0,0,2,0,0,0,0,0,0,0,0,0,0,0,0,0,0,0,0,0,0,0,0,0,0,0,0,0,0,0,0,0,0,0,0
515,140824,14152470,Cálculo - 3. ed. / 2014,0,0,0,2,1,1,0,0,0,0,0,0,0,0,1,1,0,0,0,0,0,0,0,0,0,1,0,0,0,0,0,0,0,0,0,0,0,0,0,0,0,0,0,0,0,0,0,0
515,140824,14152495,Cálculo - 3. ed. / 2014,1,1,2,1,1,1,0,0,0,0,0,0,0,0,0,0,0,0,0,0,0,0,0,0,0,0,0,0,0,0,0,0,0,0,0,0,0,0,0,0,0,0,0,0,0,0,0,0
515,140824,14152476,Cálculo - 3. ed. / 2014,0,0,0,1,2,1,1,0,0,0,0,0,0,0,0,1,0,0,0,0,0,0,0,0,0,0,0,0,0,0,0,0,0,0,0,0,0,0,0,0,0,0,0,0,0,0,0,0
515,140824,14152482,Cálculo - 3. ed. / 2014,0,0,0,1,1,1,2,0,0,0,0,0,0,0,1,0,0,0,0,0,0,0,0,0,0,0,0,0,0,0,0,0,0,0,0,0,0,0,0,0,0,0,0,0,0,0,0,0
515,140824,14152513,Cálculo - 3. ed. / 2014,0,0,1,1,1,1,1,0,0,0,0,0,0,0,0,0,0,0,0,0,0,0,0,0,0,0,0,0,0,0,0,0,1,0,0,0,0,0,0,0,0,0,0,0,0,0,0,0
515,140824,14152449,Cálculo - 3. ed. / 2014,0,0,0,1,2,0,0,0,0,0,0,0,0,0,1,1,0,0,0,0,0,0,0,0,0,0,0,0,0,0,0,0,0,0,0,0,0,0,0,0,0,0,0,0,0,0,0,0
515,140824,14152483,Cálculo - 3. ed. / 2014,0,0,0,1,1,0,0,1,1,0,1,0,0,0,0,0,0,0,0,0,0,0,0,0,0,0,0,0,0,0,0,0,0,0,0,0,0,0,0,0,0,0,0,0,0,0,0,0
515,140824,14152464,Cálculo - 3. ed. / 2014,0,0,0,1,1,1,0,0,0,0,0,0,0,0,0,0,0,0,0,0,0,0,0,0,0,0,0,0,0,0,0,1,0,0,0,0,0,0,0,0,0,0,0,0,0,0,0,0
515,140824,14152506,Cálculo - 3. ed. / 2014,0,0,0,1,0,0,0,0,0,0,0,0,0,0,1,1,1,0,0,0,0,0,0,0,0,0,0,0,0,0,0,0,0,0,0,0,0,0,0,0,0,0,0,0,0,0,0,0
515,140824,14152492,Cálculo - 3. ed. / 2014,0,0,0,1,1,1,0,0,0,0,0,0,0,0,0,0,0,0,0,0,0,0,0,0,0,0,0,0,0,0,0,0,0,0,0,0,0,0,0,0,0,0,0,0,0,0,0,0
515,141972,14373429,Cálculo - 12. ed. / 2012,0,0,0,0,0,0,0,0,0,0,0,0,0,0,0,0,0,0,0,0,0,0,0,0,0,0,0,0,0,0,0,0,0,0,0,0,0,0,0,1,0,0,1,0,2,2,1,2
515,141972,14372928,Cálculo - 12. ed. / 2012,0,0,0,0,0,0,0,0,0,0,0,0,0,0,0,0,0,0,0,0,0,0,0,0,0,0,0,0,0,0,0,0,0,0,0,0,0,0,0,1,1,0,2,1,0,0,0,0
515,141972,14373426,Cálculo - 12. ed. / 2012,0,0,0,0,0,0,0,0,0,0,0,0,0,0,0,0,0,0,0,0,0,0,0,0,0,0,0,0,0,0,0,0,0,0,0,0,0,0,0,0,0,0,0,0,0,0,0,1
515,141972,14373427,Cálculo - 12. ed. / 2012,0,0,0,0,0,0,0,0,0,0,0,0,0,0,0,0,0,0,0,0,0,0,0,0,0,0,0,0,0,0,0,0,0,0,0,0,1,0,0,0,0,0,0,0,0,0,0,0
515,141972,14373431,Cálculo - 12. ed. / 2012,0,0,0,0,0,0,0,0,0,0,0,0,0,0,0,0,0,0,0,0,0,0,0,0,0,0,0,0,0,0,0,0,0,0,0,0,0,0,0,0,0,0,0,0,0,0,0,1
515,141972,14373432,Cálculo - 12. ed. / 2012,0,0,0,0,0,0,0,0,0,0,0,0,0,0,0,0,0,0,0,0,0,0,0,0,0,0,0,0,0,0,0,0,0,0,0,0,0,0,0,1,0,0,0,0,0,0,0,0
515,150270,14152633,"Cálculo, : / 2009",0,0,0,0,0,1,1,1,1,1,1,1,0,0,1,0,0,0,0,0,0,0,0,0,0,0,0,0,0,0,0,0,0,0,0,0,0,0,0,0,0,0,0,0,0,0,0,0
515,150270,14152649,"Cálculo, : / 2009",0,0,0,0,0,0,0,0,0,0,0,0,0,0,0,0,0,0,0,0,0,0,0,0,0,1,1,0,0,0,0,0,0,0,1,0,0,0,0,1,0,0,1,0,0,0,0,0
515,150270,14154176,"Cálculo, : / 2009",0,0,0,2,1,2,0,0,0,0,0,0,0,0,0,0,0,0,0,0,0,0,0,0,0,0,0,0,0,0,0,0,0,0,0,0,0,0,0,0,0,0,0,0,0,0,0,0
515,150270,14154195,"Cálculo, : / 2009",1,1,0,0,0,2,1,0,0,0,0,0,0,0,0,0,0,0,0,0,0,0,0,0,0,0,0,0,0,0,0,0,0,0,0,0,0,0,0,0,0,0,0,0,0,0,0,0
515,150270,14154177,"Cálculo, : / 2009",0,0,0,1,1,2,0,0,0,0,0,0,0,0,0,0,0,0,0,0,0,0,0,0,0,0,0,0,0,0,0,0,0,0,0,0,0,0,0,0,0,0,0,0,0,0,0,0
515,150270,14154178,"Cálculo, : / 2009",0,0,0,0,1,2,1,0,0,0,0,0,0,0,0,0,0,0,0,0,0,0,0,0,0,0,0,0,0,0,0,0,0,0,0,0,0,0,0,0,0,0,0,0,0,0,0,0
515,150270,14154193,"Cálculo, : / 2009",0,0,0,0,2,1,0,1,0,0,0,0,0,0,0,0,0,0,0,0,0,0,0,0,0,0,0,0,0,0,0,0,0,0,0,0,0,0,0,0,0,0,0,0,0,0,0,0
515,150270,14152636,"Cálculo, : / 2009",0,0,0,0,2,1,0,0,0,0,0,0,0,0,0,0,0,0,0,0,0,0,0,0,0,0,0,0,0,0,0,0,0,0,0,0,0,0,0,0,0,0,0,0,0,0,0,0
515,150270,14152655,"Cálculo, : / 2009",0,0,0,1,1,1,0,0,0,0,0,0,0,0,0,0,0,0,0,0,0,0,0,0,0,0,0,0,0,0,0,0,0,0,0,0,0,0,0,0,0,0,0,0,0,0,0,0
515,150270,14152663,"Cálculo, : / 2009",0,0,0,0,1,1,1,0,0,0,0,0,0,0,0,0,0,0,0,0,0,0,0,0,0,0,0,0,0,0,0,0,0,0,0,0,0,0,0,0,0,0,0,0,0,0,0,0
515,150270,14152664,"Cálculo, : / 2009",0,0,1,0,0,0,0,0,0,0,0,0,0,0,1,1,0,0,0,0,0,0,0,0,0,0,0,0,0,0,0,0,0,0,0,0,0,0,0,0,0,0,0,0,0,0,0,0
515,150270,14152626,"Cálculo, : / 2009",0,0,0,0,0,0,0,0,0,0,0,0,0,0,0,0,0,0,0,0,0,0,0,0,0,0,0,0,0,0,0,0,0,1,1,0,0,0,0,0,0,0,0,0,0,0,0,0
515,150270,14154181,"Cálculo, : / 2009",0,0,0,0,1,1,0,0,0,0,0,0,0,0,0,0,0,0,0,0,0,0,0,0,0,0,0,0,0,0,0,0,0,0,0,0,0,0,0,0,0,0,0,0,0,0,0,0
515,150270,14152625,"Cálculo, : / 2009",0,0,0,0,0,1,0,0,0,0,0,0,0,0,0,0,0,0,0,0,0,0,0,0,0,0,0,0,0,0,0,0,0,0,0,0,0,0,0,0,0,0,0,0,0,0,0,0
515,150270,14152627,"Cálculo, : / 2009",0,0,0,0,0,0,0,0,0,0,0,0,0,0,0,0,0,0,0,0,0,0,0,1,0,0,0,0,0,0,0,0,0,0,0,0,0,0,0,0,0,0,0,0,0,0,0,0
515,150270,14152634,"Cálculo, : / 2009",0,0,0,0,0,0,0,0,0,0,0,0,0,0,0,0,0,0,0,0,0,0,0,0,0,0,0,0,0,0,0,0,0,0,0,0,0,0,0,0,0,0,0,0,0,0,0,1
515,150270,14152665,"Cálculo, : / 2009",0,0,1,0,0,0,0,0,0,0,0,0,0,0,0,0,0,0,0,0,0,0,0,0,0,0,0,0,0,0,0,0,0,0,0,0,0,0,0,0,0,0,0,0,0,0,0,0
515,151366,14158480,Pré-cálculo - 3. ed. rev. e ampl. / 2014,0,0,1,1,0,1,0,0,1,0,0,0,0,1,1,1,1,1,0,1,0,0,0,0,0,0,1,0,1,0,0,1,0,0,0,0,0,0,0,0,1,1,1,0,0,0,0,0
515,173972,14373564,Cálculo - 4. ed. / 2016,0,0,0,0,0,0,0,0,0,0,0,0,0,0,0,0,0,0,0,0,0,0,0,0,0,0,0,0,0,0,0,0,0,0,0,0,0,0,0,1,0,0,0,1,0,0,0,0
515,211778,14361181,Cálculo: volume 1 - 6. ed. / 2016,0,0,0,0,0,0,0,0,0,0,0,0,0,0,0,1,1,1,1,1,1,1,2,1,0,0,1,0,0,0,1,1,0,1,0,0,0,0,0,1,0,1,1,0,1,1,1,1
515,211778,14374398,Cálculo: volume 1 - 6. ed. / 2016,0,0,0,0,0,0,0,0,0,0,0,0,0,0,0,0,0,0,0,0,0,0,0,0,0,0,0,0,0,0,0,0,0,0,0,0,0,0,0,0,0,1,0,1,0,0,0,0
515.15,1877,14154338,"Cálculo com geometria analítica, O - 3. ed. / 1994",0,0,1,0,0,0,2,1,1,1,1,1,0,0,1,1,2,1,0,0,0,0,0,0,0,0,1,0,1,0,0,1,1,1,1,0,0,0,0,0,0,0,0,0,0,0,0,0
515.15,1877,14154324,"Cálculo com geometria analítica, O - 3. ed. / 1994",1,0,1,1,1,1,1,0,0,0,0,0,0,0,0,0,0,0,0,0,1,1,1,1,0,0,1,0,0,0,0,2,0,1,1,1,1,1,0,0,0,0,0,0,0,0,0,0
515.15,1877,14154336,"Cálculo com geometria analítica, O - 3. ed. / 1994",0,0,0,1,1,2,0,0,0,0,0,0,0,0,1,0,0,0,0,0,0,0,0,0,0,0,2,2,0,0,0,0,0,1,3,0,0,0,0,0,0,0,0,0,0,0,0,0
515.15,1877,14154330,"Cálculo com geometria analítica, O - 3. ed. / 1994",0,0,0,0,0,0,0,0,0,0,0,0,0,0,1,1,1,1,0,1,1,1,1,1,0,0,0,0,0,0,0,0,0,1,0,0,0,1,0,0,0,0,0,0,0,1,0,0
515.15,1877,14154332,"Cálculo com geometria analítica, O - 3. ed. / 1994",0,0,1,1,1,1,1,0,0,0,0,0,0,0,0,0,0,0,0,0,0,0,0,0,0,0,1,0,0,0,0,1,1,1,1,2,0,0,0,0,0,0,0,0,0,0,0,0
515.15,1877,14154329,"Cálculo com geometria analítica, O - 3. ed. / 1994",0,0,2,0,0,0,1,0,0,0,0,0,0,0,0,0,1,0,0,0,0,0,0,0,0,0,0,0,0,0,0,1,1,1,1,0,0,1,0,0,0,0,0,0,0,0,0,0
515.15,1877,14154323,"Cálculo com geometria analítica, O - 3. ed. / 1994",0,0,1,0,1,1,0,0,0,0,0,0,0,0,1,1,1,1,1,0,0,0,0,0,0,0,0,0,0,0,0,0,0,0,0,0,0,0,0,0,0,0,0,0,0,0,0,0
515.15,1877,14154322,"Cálculo com geometria analítica, O - 3. ed. / 1994",0,0,1,0,0,0,0,0,0,0,0,0,0,0,0,0,0,0,0,0,0,0,0,0,0,0,1,1,0,0,1,1,1,1,0,0,0,0,0,0,0,0,0,0,0,0,0,0
515.15,1877,14154334,"Cálculo com geometria analítica, O - 3. ed. / 1994",0,0,1,0,0,0,0,0,0,0,0,0,0,0,0,0,0,0,0,0,0,0,0,0,0,0,1,0,0,0,1,1,0,1,0,0,0,0,0,0,0,0,0,0,0,0,0,0
515.15,1877,14154335,"Cálculo com geometria analítica, O - 3. ed. / 1994",0,0,0,0,1,1,0,0,0,0,0,0,0,0,0,0,0,0,0,0,0,0,0,0,0,0,0,0,0,0,0,0,0,1,1,0,0,0,0,0,0,0,0,0,0,0,0,0
515.15,1877,14154326,"Cálculo com geometria analítica, O - 3. ed. / 1994",0,0,0,0,0,0,0,0,0,0,0,0,0,0,0,0,0,0,0,0,0,0,0,0,0,0,0,0,0,0,0,0,0,0,0,0,0,0,0,0,0,0,0,0,0,2,1,0
515.15,1877,14154331,"Cálculo com geometria analítica, O - 3. ed. / 1994",0,0,1,0,0,0,0,0,0,0,0,0,0,0,0,0,0,0,0,0,0,0,0,0,0,1,0,1,0,0,0,0,0,0,0,0,0,0,0,0,0,0,0,0,0,0,0,0
515.15,1877,14154327,"Cálculo com geometria analítica, O - 3. ed. / 1994",0,0,0,0,0,1,0,0,0,0,0,0,0,0,0,0,0,0,0,0,0,0,0,0,0,0,0,0,0,0,0,0,0,0,0,0,0,0,0,1,0,0,0,0,0,0,0,0
515.15,1877,14154328,"Cálculo com geometria analítica, O - 3. ed. / 1994",0,0,0,0,1,0,0,0,0,0,0,0,0,0,0,0,0,0,0,0,0,0,0,0,0,0,1,0,0,0,0,0,0,0,0,0,0,0,0,0,0,0,0,0,0,0,0,0
515.15,1877,14154320,"Cálculo com geometria analítica, O - 3. ed. / 1994",0,0,0,0,0,1,0,0,0,0,0,0,0,0,0,0,0,0,0,0,0,0,0,0,0,0,0,0,0,0,0,0,0,0,0,0,0,0,0,0,0,0,0,0,0,0,0,0
515.15,1877,14154325,"Cálculo com geometria analítica, O - 3. ed. / 1994",0,0,0,1,0,0,0,0,0,0,0,0,0,0,0,0,0,0,0,0,0,0,0,0,0,0,0,0,0,0,0,0,0,0,0,0,0,0,0,0,0,0,0,0,0,0,0,0
515.35,49907,14180640,Equações diferenciais - 3. ed. / 2001,0,0,1,2,1,1,0,1,0,0,0,0,0,0,1,1,1,1,1,0,0,0,1,0,0,1,0,1,0,0,0,1,1,1,1,1,1,0,0,0,0,0,0,0,0,0,0,0
515.35,49907,14180645,Equações diferenciais - 3. ed. / 2001,0,0,1,1,1,2,0,0,0,0,0,0,0,0,1,1,0,0,1,1,1,1,1,0,0,0,1,1,1,0,0,1,1,1,0,0,0,0,0,0,0,0,0,0,0,0,0,0
515.35,49907,14180652,Equações diferenciais - 3. ed. / 2001,0,0,1,1,1,1,0,0,0,0,0,0,0,0,1,1,1,1,0,0,0,2,1,0,0,1,0,1,0,1,0,1,1,1,0,0,0,0,0,0,0,0,0,0,0,0,0,0
515.35,49907,14160391,Equações diferenciais - 3. ed. / 2001,0,0,1,1,1,2,0,0,0,0,0,0,0,0,1,1,1,1,0,0,0,0,0,0,0,0,1,1,0,1,0,1,1,0,0,0,0,0,0,2,0,0,0,0,0,0,0,0
515.35,49907,14160393,Equações diferenciais - 3. ed. / 2001,0,0,1,1,1,1,1,0,0,0,0,1,0,0,1,1,1,1,0,0,0,0,0,0,0,1,0,0,1,0,0,1,1,1,0,0,0,0,0,0,1,0,0,0,0,0,0,0
515.35,49907,14180644,Equações diferenciais - 3. ed. / 2001,1,1,2,1,1,1,0,0,0,0,0,0,0,0,1,1,0,0,1,1,0,0,0,1,0,0,1,0,0,0,0,1,1,0,0,0,0,0,0,0,1,0,0,0,0,0,0,0
515.35,49907,14180655,Equações diferenciais - 3. ed. / 2001,0,0,1,1,1,1,1,0,0,0,0,0,0,0,1,1,1,1,1,0,0,0,0,0,0,1,0,0,0,0,0,1,1,1,1,0,0,0,0,0,1,0,0,0,0,0,0,0
515.35,49907,14160394,Equações diferenciais - 3. ed. / 2001,0,0,1,1,1,1,1,2,0,0,0,0,0,0,1,1,2,1,1,0,0,0,0,0,0,0,1,0,0,0,0,0,0,0,0,0,0,0,0,0,0,0,0,0,1,0,0,0
515.35,49907,14180648,Equações diferenciais - 3. ed. / 2001,0,0,1,0,1,1,0,0,0,0,0,0,0,1,1,1,1,1,2,0,0,0,0,0,0,1,1,0,0,0,0,1,0,0,0,0,0,0,0,0,1,0,0,0,0,0,0,0
515.35,49907,14180654,Equações diferenciais - 3. ed. / 2001,0,0,1,1,1,2,1,1,0,0,0,0,0,0,1,1,1,1,0,1,0,0,0,0,0,1,0,1,0,0,0,0,0,0,0,0,0,0,0,0,0,0,0,0,0,0,0,0
515.35,49907,14180657,Equações diferenciais - 3. ed. / 2001,0,0,1,1,1,1,1,0,0,0,0,0,0,0,1,1,1,1,1,0,0,0,0,0,0,0,1,1,0,1,1,0,0,0,0,0,0,0,0,0,0,0,0,0,0,0,0,0
515.35,49907,14180658,Equações diferenciais - 3. ed. / 2001,1,1,2,0,0,1,0,0,0,0,0,0,0,0,1,1,1,1,0,0,0,0,0,0,0,1,0,1,0,0,0,1,1,0,0,0,0,0,0,0,0,0,0,0,0,0,0,0
515.35,49907,14180646,Equações diferenciais - 3. ed. / 2001,0,0,1,1,1,1,0,0,0,0,0,0,0,0,0,1,1,1,1,0,1,1,0,0,0,0,0,0,0,0,0,0,0,0,0,0,0,0,0,0,0,0,0,0,1,0,1,0
515.35,49907,14180660,Equações diferenciais - 3. ed. / 2001,0,0,2,1,1,1,1,0,0,0,0,0,0,0,1,1,1,1,1,0,0,0,0,0,0,0,0,0,0,0,0,1,0,0,0,0,0,0,0,0,0,0,0,0,0,0,0,0
515.35,49907,14160388,Equações diferenciais - 3. ed. / 2001,1,1,1,1,1,1,0,0,0,0,0,0,0,0,0,0,0,1,1,0,0,0,0,0,0,0,0,0,0,0,0,0,0,0,0,0,0,0,0,0,0,0,0,0,1,1,1,0
515.35,49907,14160389,Equações diferenciais - 3. ed. / 2001,0,0,1,1,1,1,1,0,0,0,0,0,0,0,1,1,2,2,0,0,0,0,0,0,0,0,0,0,0,0,0,0,0,0,0,0,0,0,0,0,0,0,0,0,0,0,0,0
515.35,49907,14180653,Equações diferenciais - 3. ed. / 2001,0,0,1,1,1,1,1,0,0,0,0,0,0,0,1,1,0,1,0,0,0,0,0,0,0,0,0,0,0,0,0,0,0,0,0,0,0,0,0,0,1,0,1,0,0,1,0,0
515.35,49907,14160413,Equações diferenciais - 3. ed. / 2001,0,0,1,1,1,1,0,0,0,0,0,0,0,0,0,0,0,1,1,0,0,0,0,0,0,0,0,0,0,0,0,0,1,0,0,0,0,0,0,1,1,1,0,0,0,0,0,0
515.35,49907,14180662,Equações diferenciais - 3. ed. / 2001,0,0,2,1,1,1,0,0,0,0,0,0,0,0,1,2,1,1,0,0,0,0,0,0,0,0,0,0,0,0,0,0,0,0,0,0,0,0,0,0,0,0,0,0,0,0,0,0
515.35,49907,14160409,Equações diferenciais - 3. ed. / 2001,0,0,1,1,1,1,1,0,0,0,0,0,0,0,0,0,0,0,1,0,0,0,0,0,0,0,0,0,0,0,0,0,1,0,0,0,0,0,0,1,0,1,0,0,0,0,0,0
515.35,49907,14180641,Equações diferenciais - 3. ed. / 2001,0,0,1,1,1,1,1,1,1,0,0,0,0,0,1,0,0,1,0,0,0,0,0,0,0,0,0,0,0,0,0,0,0,0,0,0,0,0,0,0,0,0,0,0,0,0,0,0
515.35,49907,14180647,Equações diferenciais - 3. ed. / 2001,0,0,1,1,1,1,0,0,0,0,0,0,0,0,0,1,1,1,1,0,0,0,0,0,0,1,0,0,0,0,0,0,0,0,0,0,0,0,0,0,0,0,0,0,0,0,0,0
515.35,49907,14180651,Equações diferenciais - 3. ed. / 2001,0,0,1,1,1,1,1,0,0,0,0,0,0,0,1,1,1,1,0,0,0,0,0,0,0,0,0,0,0,0,0,0,0,0,0,0,0,0,0,0,0,0,0,0,0,0,0,0
515.35,49907,14160397,Equações diferenciais - 3. ed. / 2001,0,0,2,0,0,1,0,0,0,0,0,0,0,0,0,0,0,1,0,0,0,0,0,0,0,0,1,1,0,1,1,0,0,0,0,0,0,0,0,0,0,0,0,0,0,0,0,0
515.35,49907,14160398,Equações diferenciais - 3. ed. / 2001,0,0,1,1,1,2,0,0,0,0,0,1,0,0,0,0,0,1,1,0,0,0,0,0,0,0,0,0,0,0,0,0,0,0,0,0,0,0,0,0,0,0,0,0,0,0,0,0
515.35,49907,14160421,Equações diferenciais - 3. ed. / 2001,0,0,1,1,1,1,1,1,0,0,0,1,0,0,0,0,1,0,0,0,0,0,0,0,0,0,0,0,0,0,0,0,0,0,0,0,0,0,0,0,0,0,0,0,0,0,0,0
515.35,49907,14180642,Equações diferenciais - 3. ed. / 2001,0,0,1,1,0,1,0,0,0,0,0,0,0,0,2,1,1,1,0,0,0,0,0,0,0,0,0,0,0,0,0,0,0,0,0,0,0,0,0,0,0,0,0,0,0,0,0,0
515.35,49907,14180659,Equações diferenciais - 3. ed. / 2001,0,0,1,1,1,1,0,0,0,0,0,0,0,0,0,0,0,1,1,0,0,0,0,0,0,0,0,0,0,0,0,0,0,0,0,0,0,0,0,0,0,1,1,0,0,0,0,0
515.35,49907,14180663,Equações diferenciais - 3. ed. / 2001,0,0,1,1,0,0,0,0,0,0,0,0,0,0,1,1,0,1,1,0,0,0,0,0,0,0,0,0,0,0,0,0,0,0,0,0,0,0,0,1,1,0,0,0,0,0,0,0
515.35,49907,14160400,Equações diferenciais - 3. ed. / 2001,0,0,2,1,2,2,0,0,0,0,0,0,0,0,0,0,0,0,0,0,0,0,0,0,0,0,0,0,0,0,0,0,0,0,0,0,0,0,0,0,0,0,0,0,0,0,0,0
515.35,49907,14160403,Equações diferenciais - 3. ed. / 2001,0,0,1,1,1,1,1,1,1,0,0,0,0,0,0,0,0,0,0,0,0,0,0,0,0,0,0,0,0,0,0,0,0,0,0,0,0,0,0,0,0,0,0,0,0,0,0,0
515.35,49907,14160426,Equações diferenciais - 3. ed. / 2001,0,0,2,1,2,1,1,0,0,0,0,0,0,0,0,0,0,0,0,0,0,0,0,0,0,0,0,0,0,0,0,0,0,0,0,0,0,0,0,0,0,0,0,0,0,0,0,0
515.35,49907,14160411,Equações diferenciais - 3. ed. / 2001,0,0,1,2,1,0,2,0,0,0,0,0,0,0,0,0,0,0,0,0,0,0,0,0,0,0,0,0,0,0,0,0,0,0,0,0,0,0,0,0,0,0,0,0,0,0,0,0
515.35,49907,14160417,Equações diferenciais - 3. ed. / 2001,0,0,2,1,1,1,1,0,0,0,0,0,0,0,0,0,0,0,0,0,0,0,0,0,0,0,0,0,0,0,0,0,0,0,0,0,0,0,0,0,0,0,0,0,0,0,0,0
515.35,49907,14180650,Equações diferenciais - 3. ed. / 2001,0,0,1,1,1,1,0,0,0,0,0,0,0,0,0,0,0,0,1,0,0,0,0,0,0,0,0,0,0,0,0,0,0,0,0,0,0,0,0,0,1,0,0,0,0,0,0,0
515.35,49907,14180656,Equações diferenciais - 3. ed. / 2001,0,0,1,1,1,1,0,0,0,0,0,0,0,1,0,0,0,1,0,0,0,0,0,0,0,0,0,0,0,0,0,0,0,0,0,0,0,0,0,0,0,0,0,0,0,0,0,0
515.35,49907,14160396,Equações diferenciais - 3. ed. / 2001,0,0,1,1,1,1,1,0,0,0,0,0,0,0,0,0,0,0,0,0,0,0,0,0,0,0,0,0,0,0,0,0,0,0,0,0,0,0,0,0,0,0,0,0,0,0,0,0
515.35,49907,14160402,Equações diferenciais - 3. ed. / 2001,0,0,1,1,1,1,1,0,0,0,0,0,0,0,0,0,0,0,0,0,0,0,0,0,0,0,0,0,0,0,0,0,0,0,0,0,0,0,0,0,0,0,0,0,0,0,0,0
515.35,49907,14160404,Equações diferenciais - 3. ed. / 2001,0,0,1,1,1,1,1,0,0,0,0,0,0,0,0,0,0,0,0,0,0,0,0,0,0,0,0,0,0,0,0,0,0,0,0,0,0,0,0,0,0,0,0,0,0,0,0,0
515.35,49907,14160420,Equações diferenciais - 3. ed. / 2001,0,0,1,1,1,1,1,0,0,0,0,0,0,0,0,0,0,0,0,0,0,0,0,0,0,0,0,0,0,0,0,0,0,0,0,0,0,0,0,0,0,0,0,0,0,0,0,0
515.35,49907,14160422,Equações diferenciais - 3. ed. / 2001,0,0,1,1,2,0,1,0,0,0,0,0,0,0,0,0,0,0,0,0,0,0,0,0,0,0,0,0,0,0,0,0,0,0,0,0,0,0,0,0,0,0,0,0,0,0,0,0
515.35,49907,14180649,Equações diferenciais - 3. ed. / 2001,0,0,1,1,1,0,0,0,0,0,0,0,0,0,0,1,0,1,0,0,0,0,0,0,0,0,0,0,0,0,0,0,0,0,0,0,0,0,0,0,0,0,0,0,0,0,0,0
515.35,49907,14180661,Equações diferenciais - 3. ed. / 2001,0,0,1,1,1,0,0,0,0,0,0,0,0,0,1,1,0,0,0,0,0,0,0,0,0,0,0,0,0,0,0,0,0,0,0,0,0,0,0,0,0,0,0,0,0,0,0,0
515.35,49907,14160407,Equações diferenciais - 3. ed. / 2001,0,0,1,0,2,1,0,0,0,0,0,0,0,0,0,0,0,0,0,0,0,0,0,0,0,0,0,0,0,0,0,0,0,0,0,0,0,0,0,0,0,0,0,0,0,0,0,0
515.35,49907,14160408,Equações diferenciais - 3. ed. / 2001,0,0,1,1,1,1,0,0,0,0,0,0,0,0,0,0,0,0,0,0,0,0,0,0,0,0,0,0,0,0,0,0,0,0,0,0,0,0,0,0,0,0,0,0,0,0,0,0
515.35,49907,14160410,Equações diferenciais - 3. ed. / 2001,0,0,1,1,1,1,0,0,0,0,0,0,0,0,0,0,0,0,0,0,0,0,0,0,0,0,0,0,0,0,0,0,0,0,0,0,0,0,0,0,0,0,0,0,0,0,0,0
515.35,49907,14160412,Equações diferenciais - 3. ed. / 2001,0,0,1,1,0,0,2,0,0,0,0,0,0,0,0,0,0,0,0,0,0,0,0,0,0,0,0,0,0,0,0,0,0,0,0,0,0,0,0,0,0,0,0,0,0,0,0,0
515.35,49907,14160414,Equações diferenciais - 3. ed. / 2001,0,0,1,1,0,2,0,0,0,0,0,0,0,0,0,0,0,0,0,0,0,0,0,0,0,0,0,0,0,0,0,0,0,0,0,0,0,0,0,0,0,0,0,0,0,0,0,0
515.35,49907,14160416,Equações diferenciais - 3. ed. / 2001,0,0,1,1,0,1,0,0,0,0,0,0,0,0,0,0,0,0,0,0,0,0,0,0,0,0,0,0,0,0,0,0,0,0,0,0,0,0,0,1,0,0,0,0,0,0,0,0
515.35,49907,14160423,Equações diferenciais - 3. ed. / 2001,0,0,2,1,0,1,0,0,0,0,0,0,0,0,0,0,0,0,0,0,0,0,0,0,0,0,0,0,0,0,0,0,0,0,0,0,0,0,0,0,0,0,0,0,0,0,0,0
515.35,49907,14160425,Equações diferenciais - 3. ed. / 2001,0,0,1,1,1,1,0,0,0,0,0,0,0,0,0,0,0,0,0,0,0,0,0,0,0,0,0,0,0,0,0,0,0,0,0,0,0,0,0,0,0,0,0,0,0,0,0,0
515.35,49907,14180643,Equações diferenciais - 3. ed. / 2001,0,0,2,1,1,0,0,0,0,0,0,0,0,0,0,0,0,0,0,0,0,0,0,0,0,0,0,0,0,0,0,0,0,0,0,0,0,0,0,0,0,0,0,0,0,0,0,0
515.35,49907,14160415,Equações diferenciais - 3. ed. / 2001,0,0,1,0,0,0,2,0,0,0,0,0,0,0,0,0,0,0,0,0,0,0,0,0,0,0,0,0,0,0,0,0,0,0,0,0,0,0,0,0,0,0,0,0,0,0,0,0
515.35,49907,14160405,Equações diferenciais - 3. ed. / 2001,0,0,1,0,1,0,0,0,0,0,0,0,0,0,0,0,0,0,0,0,0,0,0,0,0,0,0,0,0,0,0,0,0,0,0,0,0,0,0,0,0,0,0,0,0,0,0,0
515.35,49907,14160424,Equações diferenciais - 3. ed. / 2001,0,0,1,1,0,0,0,0,0,0,0,0,0,0,0,0,0,0,0,0,0,0,0,0,0,0,0,0,0,0,0,0,0,0,0,0,0,0,0,0,0,0,0,0,0,0,0,0
515.35,88020,14338625,Equações diferenciais elementares e problemas de valores de contorno - 8. ed. / 2006,0,0,0,0,0,0,0,0,0,0,0,0,0,0,0,0,0,0,0,0,0,0,0,0,0,0,0,0,0,0,0,0,0,0,0,0,0,0,0,0,1,0,0,0,0,0,0,0
515.35,114637,14168722,Equações diferenciais elementares e problemas de valores de contorno - 9. ed. / 2010,0,0,1,1,0,0,0,0,0,0,0,0,0,1,1,1,1,1,0,0,0,0,0,0,0,0,0,0,0,0,0,0,0,0,0,0,0,0,0,1,1,1,1,1,0,0,0,0
515.35,114637,14168726,Equações diferenciais elementares e problemas de valores de contorno - 9. ed. / 2010,0,0,0,0,0,0,0,0,0,0,0,0,0,0,1,1,1,1,1,0,0,0,0,0,0,0,0,0,0,0,0,0,0,0,0,0,0,0,0,1,1,0,1,0,1,1,1,1
515.35,114637,14168707,Equações diferenciais elementares e problemas de valores de contorno - 9. ed. / 2010,0,0,1,1,1,1,1,0,0,0,0,0,0,0,1,1,1,1,0,0,0,0,0,0,0,0,0,0,0,0,0,0,0,0,0,0,0,0,0,0,1,0,0,0,0,0,0,0
515.35,114637,14168714,Equações diferenciais elementares e problemas de valores de contorno - 9. ed. / 2010,0,0,1,0,2,0,0,0,0,0,0,0,0,0,0,0,0,0,0,0,0,0,0,0,0,0,0,0,0,0,0,0,0,1,0,2,1,1,0,1,1,0,0,0,0,0,0,0
515.35,114637,14168704,Equações diferenciais elementares e problemas de valores de contorno - 9. ed. / 2010,0,0,1,1,0,0,0,0,0,0,0,0,0,0,1,1,1,1,0,0,0,0,0,0,0,0,1,0,0,0,0,0,0,0,0,0,0,0,0,1,0,0,0,0,0,0,0,0
515.35,114637,14168706,Equações diferenciais elementares e problemas de valores de contorno - 9. ed. / 2010,0,0,0,0,0,0,0,0,0,0,0,0,0,0,1,1,1,1,1,1,0,0,1,0,0,0,0,0,0,0,0,0,0,0,0,0,0,0,0,1,0,0,0,0,0,0,0,0
515.35,114637,14168703,Equações diferenciais elementares e problemas de valores de contorno - 9. ed. / 2010,0,0,0,0,0,0,0,0,0,0,0,0,0,0,2,1,0,2,1,0,0,0,0,0,0,0,0,0,0,0,0,0,0,0,0,0,0,0,0,1,0,0,0,0,0,0,0,0
515.35,114637,14168705,Equações diferenciais elementares e problemas de valores de contorno - 9. ed. / 2010,0,0,1,1,1,1,0,0,0,0,0,0,0,0,1,1,1,0,0,0,0,0,0,0,0,0,0,0,0,0,0,0,0,0,0,0,0,0,0,0,0,0,0,0,0,0,0,0
515.35,114637,14168708,Equações diferenciais elementares e problemas de valores de contorno - 9. ed. / 2010,0,0,0,1,2,1,0,0,0,0,0,0,0,0,1,1,0,0,0,0,0,0,0,0,0,0,0,0,0,0,0,0,0,0,0,0,0,0,0,1,0,0,0,0,0,0,0,0
515.35,114637,14168719,Equações diferenciais elementares e problemas de valores de contorno - 9. ed. / 2010,0,0,1,1,1,0,0,0,0,0,0,0,0,0,1,1,1,1,0,0,0,0,0,0,0,0,0,0,0,0,0,0,0,0,0,0,0,0,0,0,0,0,0,0,0,0,0,0
515.35,114637,14168724,Equações diferenciais elementares e problemas de valores de contorno - 9. ed. / 2010,0,0,0,0,0,0,0,0,0,0,0,0,0,0,1,1,0,1,0,0,0,0,0,0,0,0,0,0,0,0,1,1,1,0,0,0,0,0,0,0,0,0,0,1,0,0,0,0
515.35,114637,14168725,Equações diferenciais elementares e problemas de valores de contorno - 9. ed. / 2010,0,0,1,1,0,1,0,0,0,0,0,0,0,0,1,1,1,0,0,0,0,0,0,0,0,0,0,0,0,0,0,0,0,0,0,0,0,0,0,0,0,1,0,0,0,0,0,0
515.35,114637,14168732,Equações diferenciais elementares e problemas de valores de contorno - 9. ed. / 2010,0,0,0,0,0,0,0,0,0,0,0,0,0,0,1,1,1,1,1,1,0,0,0,0,0,0,0,0,0,0,0,0,0,0,0,0,0,0,0,0,0,1,0,0,0,0,0,0
515.35,114637,14168712,Equações diferenciais elementares e problemas de valores de contorno - 9. ed. / 2010,0,0,1,1,1,0,0,0,0,0,0,0,0,0,1,1,1,0,0,0,0,0,0,0,0,0,0,0,0,0,0,0,0,0,0,0,0,0,0,0,0,0,0,0,0,0,0,0
515.35,114637,14168716,Equações diferenciais elementares e problemas de valores de contorno - 9. ed. / 2010,0,0,1,1,1,2,0,0,0,0,0,0,0,0,1,0,0,0,0,0,0,0,0,0,0,0,0,0,0,0,0,0,0,0,0,0,0,0,0,0,0,0,0,0,0,0,0,0
515.35,114637,14168731,Equações diferenciais elementares e problemas de valores de contorno - 9. ed. / 2010,0,0,0,0,0,0,0,0,0,0,0,0,0,0,1,1,1,1,0,0,0,0,0,0,0,0,0,0,0,0,0,0,0,0,0,0,0,0,0,1,1,0,0,0,0,0,0,0
515.35,114637,14168710,Equações diferenciais elementares e problemas de valores de contorno - 9. ed. / 2010,0,0,0,0,0,0,0,0,0,0,0,0,0,0,1,0,0,1,0,0,0,0,0,0,0,0,0,0,0,0,0,0,0,0,0,0,0,0,0,1,0,1,1,0,0,0,0,0
515.35,114637,14168717,Equações diferenciais elementares e problemas de valores de contorno - 9. ed. / 2010,0,0,0,0,0,0,0,0,0,0,0,0,0,0,1,2,1,1,0,0,0,0,0,0,0,0,0,0,0,0,0,0,0,0,0,0,0,0,0,0,0,0,0,0,0,0,0,0
515.35,114637,14168723,Equações diferenciais elementares e problemas de valores de contorno - 9. ed. / 2010,0,0,0,1,1,1,0,0,0,0,0,0,0,0,1,1,0,0,0,0,0,0,0,0,0,0,0,0,0,0,0,0,0,0,0,0,0,0,0,0,0,0,0,0,0,0,0,0
515.35,114637,14168727,Equações diferenciais elementares e problemas de valores de contorno - 9. ed. / 2010,0,0,0,0,0,0,0,0,0,0,0,0,0,0,1,1,1,1,1,0,0,0,0,0,0,0,0,0,0,0,0,0,0,0,0,0,0,0,0,0,0,0,0,0,0,0,0,0
515.35,114637,14168728,Equações diferenciais elementares e problemas de valores de contorno - 9. ed. / 2010,0,0,0,0,0,0,0,0,0,0,0,0,0,0,2,1,1,1,0,0,0,0,0,0,0,0,0,0,0,0,0,0,0,0,0,0,0,0,0,0,0,0,0,0,0,0,0,0
515.35,114637,14168711,Equações diferenciais elementares e problemas de valores de contorno - 9. ed. / 2010,0,0,1,1,1,0,0,0,0,0,0,0,0,0,0,0,0,0,0,0,0,0,0,0,0,0,0,0,0,0,0,0,0,0,0,0,0,0,0,1,0,0,0,0,0,0,0,0
515.35,114637,14168715,Equações diferenciais elementares e problemas de valores de contorno - 9. ed. / 2010,0,0,0,0,0,0,0,0,0,0,0,0,0,0,1,1,1,1,0,0,0,0,0,0,0,0,0,0,0,0,0,0,0,0,0,0,0,0,0,0,0,0,0,0,0,0,0,0
515.35,114637,14168718,Equações diferenciais elementares e problemas de valores de contorno - 9. ed. / 2010,0,0,0,0,0,0,0,0,0,0,0,0,0,0,2,0,1,1,0,0,0,0,0,0,0,0,0,0,0,0,0,0,0,0,0,0,0,0,0,0,0,0,0,0,0,0,0,0
515.35,114637,14168721,Equações diferenciais elementares e problemas de valores de contorno - 9. ed. / 2010,0,0,1,1,1,0,0,0,0,0,0,0,0,0,0,0,0,0,0,0,0,0,0,0,0,0,0,0,0,0,0,0,0,0,0,0,0,0,0,0,0,0,0,0,0,0,0,0
515.35,114637,14168709,Equações diferenciais elementares e problemas de valores de contorno - 9. ed. / 2010,0,0,0,0,0,0,0,0,0,0,0,0,0,0,1,1,0,0,0,0,0,0,0,0,0,0,0,0,0,0,0,0,0,0,0,0,0,0,0,0,0,0,0,0,0,0,0,0
515.35,114637,14168713,Equações diferenciais elementares e problemas de valores de contorno - 9. ed. / 2010,0,0,1,1,0,0,0,0,0,0,0,0,0,0,0,0,0,0,0,0,0,0,0,0,0,0,0,0,0,0,0,0,0,0,0,0,0,0,0,0,0,0,0,0,0,0,0,0
515.35,114637,14168729,Equações diferenciais elementares e problemas de valores de contorno - 9. ed. / 2010,0,0,0,0,0,0,0,0,0,0,0,0,0,0,1,1,0,0,0,0,0,0,0,0,0,0,0,0,0,0,0,0,0,0,0,0,0,0,0,0,0,0,0,0,0,0,0,0
515.35,114637,14168730,Equações diferenciais elementares e problemas de valores de contorno - 9. ed. / 2010,0,0,0,0,0,0,0,0,0,0,0,0,0,0,0,0,0,0,0,0,0,0,0,0,0,0,0,0,0,0,0,0,0,0,0,0,0,0,0,1,1,0,0,0,0,0,0,0
515.35,131826,14338721,"Differential equations, dynamical systems and an introduction to chaos / 2004",0,0,0,0,2,0,0,0,0,0,0,0,0,0,0,0,0,0,0,0,0,0,0,0,0,0,0,0,0,0,0,0,0,0,0,0,0,0,0,0,0,0,0,0,0,0,0,0
515.62,84606,14175168,"Introduction to the finite element method, An - 3rd ed. / 2006",0,0,0,0,0,0,0,0,0,0,0,0,0,0,0,0,0,0,0,1,1,1,1,0,0,0,0,0,0,0,0,0,0,0,0,0,0,1,0,1,1,1,1,0,0,0,0,0
515.62,84606,14175170,"Introduction to the finite element method, An - 3rd ed. / 2006",0,0,0,0,0,0,0,0,0,0,0,0,0,0,0,0,0,0,0,2,1,1,1,0,0,0,0,0,0,0,0,0,0,0,0,0,0,0,0,0,0,0,0,0,0,0,0,0
515.62,84606,14175192,"Introduction to the finite element method, An - 3rd ed. / 2006",0,0,0,0,0,0,0,0,0,0,0,0,0,0,0,0,0,0,0,1,1,1,1,0,0,0,0,0,0,0,0,0,0,0,0,0,0,0,0,0,0,0,0,0,0,0,0,0
515.62,84606,14175176,"Introduction to the finite element method, An - 3rd ed. / 2006",0,1,1,1,0,0,0,0,0,0,0,0,0,0,0,0,0,0,0,0,0,0,0,0,0,0,0,0,0,0,0,0,0,0,0,0,0,0,0,0,0,0,0,0,0,0,0,0
515.62,84606,14175178,"Introduction to the finite element method, An - 3rd ed. / 2006",0,0,0,0,0,0,0,0,0,0,0,0,0,0,0,0,0,0,0,0,0,0,0,0,0,0,0,0,0,0,0,0,0,0,0,0,0,0,0,0,0,0,0,0,0,0,2,0
519,158307,14188443,Numerical optimization - 2nd. ed. / 2006,0,0,0,0,0,0,0,0,0,0,0,0,0,0,0,0,0,0,0,0,0,0,0,0,0,0,0,0,0,0,0,0,0,0,0,0,0,1,0,0,0,0,0,0,0,0,0,0
519.2,108201,14157472,Probabilidade e estatística : para engenharia e ciências - 8. ed. / 2009,0,0,0,0,0,0,0,0,0,0,0,0,0,0,0,0,0,1,0,1,0,0,0,0,0,0,0,0,0,0,1,0,0,0,0,0,0,0,0,0,0,0,0,0,0,0,0,0
519.2,108201,14181526,Probabilidade e estatística : para engenharia e ciências - 8. ed. / 2009,0,0,0,0,0,0,0,0,0,0,0,0,0,0,0,0,0,1,1,0,0,0,0,0,0,0,0,0,0,0,1,0,0,0,0,0,0,0,0,0,0,0,0,0,0,0,0,0
519.2,116781,14157504,Noções de probabilidade e estatística - 7. ed. rev. / 2010,0,0,0,0,1,1,1,0,0,0,0,0,0,0,0,0,0,0,0,0,0,0,0,0,0,0,0,0,0,0,1,0,2,0,0,0,0,0,1,0,0,0,0,0,0,0,0,0
519.2,116781,14157503,Noções de probabilidade e estatística - 7. ed. rev. / 2010,0,0,0,0,0,0,1,1,0,0,0,0,0,0,0,0,0,0,0,0,0,0,0,0,0,0,0,0,0,0,0,0,0,0,0,0,0,0,1,1,0,1,1,0,0,0,0,0
519.3,45951,14175107,"Course in game theory, A / 1994",0,0,0,0,0,0,1,1,0,0,0,0,0,0,0,1,0,1,0,1,0,0,0,0,0,0,0,0,0,0,0,0,0,0,0,0,0,0,0,0,0,0,0,0,0,0,0,0
519.4,10182,92118,"Cálculo numérico computacional : teoria e prática : algorismos em pseudo-linguagem, indicações de software matemático, 150 exercícios resolvidos, exercícios propostos / 1989",0,0,0,0,0,0,0,0,0,0,0,0,0,0,0,0,0,0,0,0,0,0,0,0,0,0,0,0,0,0,0,0,0,0,0,0,0,1,0,0,0,0,0,0,0,0,0,0
519.4,45041,14153817,Cálculo numérico: aspectos teóricos e computacionais - 2. ed. / 1997,0,0,1,0,0,0,0,1,1,2,1,0,0,0,0,0,0,0,0,1,1,1,2,0,0,0,0,0,0,0,0,0,0,0,0,0,0,0,0,0,0,0,0,0,0,0,0,0
519.4,45041,14150368,Cálculo numérico: aspectos teóricos e computacionais - 2. ed. / 1997,1,1,1,0,0,0,0,1,0,0,0,0,0,0,0,0,0,0,0,1,1,1,1,0,0,0,0,0,0,0,0,0,0,0,0,0,0,0,0,0,0,0,0,0,0,0,0,0
519.4,45041,14153809,Cálculo numérico: aspectos teóricos e computacionais - 2. ed. / 1997,1,1,1,0,0,1,1,1,1,1,0,0,0,0,0,0,0,0,0,0,0,0,0,0,0,0,0,0,0,0,0,0,0,0,0,0,0,0,0,0,0,0,0,0,0,0,0,0
519.4,45041,14153823,Cálculo numérico: aspectos teóricos e computacionais - 2. ed. / 1997,1,1,1,0,0,0,0,1,1,1,1,1,0,0,0,0,0,0,0,0,0,0,0,0,0,0,0,0,0,0,0,0,0,0,0,0,0,0,0,0,0,0,0,0,0,0,0,0
519.4,45041,14153805,Cálculo numérico: aspectos teóricos e computacionais - 2. ed. / 1997,1,1,2,0,0,0,0,1,1,0,0,0,0,0,0,0,0,0,0,0,0,0,0,0,0,0,0,0,0,0,0,0,0,0,0,0,0,0,0,0,0,0,0,0,0,0,0,0
519.4,45041,14153827,Cálculo numérico: aspectos teóricos e computacionais - 2. ed. / 1997,0,0,0,0,1,0,2,1,0,0,0,0,0,0,0,0,0,0,0,0,0,0,0,0,0,0,0,0,0,0,0,0,0,0,0,0,0,0,0,1,0,1,0,0,0,0,0,0
519.4,45041,14360963,Cálculo numérico: aspectos teóricos e computacionais - 2. ed. / 1997,0,0,0,0,0,0,0,0,0,0,0,0,0,0,0,0,0,0,0,1,1,1,1,0,0,0,0,0,0,0,0,0,0,0,0,0,0,0,0,1,0,0,0,0,0,0,0,0
519.4,45041,14153807,Cálculo numérico: aspectos teóricos e computacionais - 2. ed. / 1997,0,0,0,0,0,0,0,1,1,1,1,0,0,0,0,0,0,0,0,0,0,0,0,0,0,0,0,0,0,0,0,0,0,0,0,0,0,0,0,0,0,0,0,0,0,0,0,0
519.4,45041,14153811,Cálculo numérico: aspectos teóricos e computacionais - 2. ed. / 1997,0,0,0,0,0,0,0,1,1,1,1,0,0,0,0,0,0,0,0,0,0,0,0,0,0,0,0,0,0,0,0,0,0,0,0,0,0,0,0,0,0,0,0,0,0,0,0,0
519.4,45041,14153816,Cálculo numérico: aspectos teóricos e computacionais - 2. ed. / 1997,0,0,0,0,0,0,0,0,0,0,0,0,0,0,0,0,0,0,0,2,1,0,0,0,0,0,0,0,0,0,0,0,0,0,0,0,0,0,0,0,0,0,0,0,0,0,0,0
519.4,45041,14153821,Cálculo numérico: aspectos teóricos e computacionais - 2. ed. / 1997,0,0,0,0,0,0,0,0,0,0,0,0,0,0,0,1,1,1,0,0,0,0,0,0,0,0,0,0,0,0,0,0,0,0,0,0,0,0,0,0,0,0,0,0,0,0,0,0
519.4,45041,14153812,Cálculo numérico: aspectos teóricos e computacionais - 2. ed. / 1997,0,0,0,0,0,0,0,1,1,0,0,0,0,0,0,0,0,0,0,0,0,0,0,0,0,0,0,0,0,0,0,0,0,0,0,0,0,0,0,0,0,0,0,0,0,0,0,0
519.4,45041,14153815,Cálculo numérico: aspectos teóricos e computacionais - 2. ed. / 1997,0,0,0,0,0,0,0,1,1,0,0,0,0,0,0,0,0,0,0,0,0,0,0,0,0,0,0,0,0,0,0,0,0,0,0,0,0,0,0,0,0,0,0,0,0,0,0,0
519.4,45041,14153804,Cálculo numérico: aspectos teóricos e computacionais - 2. ed. / 1997,0,0,0,0,0,0,0,1,0,0,0,0,0,0,0,0,0,0,0,0,0,0,0,0,0,0,0,0,0,0,0,0,0,0,0,0,0,0,0,0,0,0,0,0,0,0,0,0
519.4,45041,14153819,Cálculo numérico: aspectos teóricos e computacionais - 2. ed. / 1997,0,0,0,0,0,0,0,1,0,0,0,0,0,0,0,0,0,0,0,0,0,0,0,0,0,0,0,0,0,0,0,0,0,0,0,0,0,0,0,0,0,0,0,0,0,0,0,0
519.4,45041,14153822,Cálculo numérico: aspectos teóricos e computacionais - 2. ed. / 1997,0,0,0,0,0,0,0,1,0,0,0,0,0,0,0,0,0,0,0,0,0,0,0,0,0,0,0,0,0,0,0,0,0,0,0,0,0,0,0,0,0,0,0,0,0,0,0,0
519.4,60919,14152797,Cálculo numérico: (com aplicações) - 2. ed / 1987,0,0,1,1,1,1,1,1,1,1,0,0,0,0,0,0,0,0,0,0,0,0,0,0,0,0,0,0,0,0,0,0,0,0,0,0,0,0,0,0,0,0,0,0,0,0,0,0
519.4,60919,14152796,Cálculo numérico: (com aplicações) - 2. ed / 1987,0,0,0,0,0,0,0,1,1,2,2,0,0,0,0,0,0,0,0,0,0,0,0,0,0,0,0,0,0,0,0,0,0,0,0,0,0,0,0,0,0,0,0,0,1,0,0,0
519.4,60919,14149918,Cálculo numérico: (com aplicações) - 2. ed / 1987,0,0,1,1,0,0,0,1,1,1,1,0,0,0,0,0,0,0,0,0,0,0,0,0,0,0,0,0,0,0,0,0,0,0,0,0,0,0,0,0,0,0,0,0,0,0,0,0
519.4,60919,14149929,Cálculo numérico: (com aplicações) - 2. ed / 1987,0,0,0,0,0,0,0,1,0,2,0,0,0,0,0,0,0,0,0,0,0,0,0,0,0,0,0,0,0,0,0,0,0,0,0,0,0,0,0,2,1,0,0,0,0,0,0,0
519.4,60919,14152787,Cálculo numérico: (com aplicações) - 2. ed / 1987,0,0,0,0,0,0,0,0,2,1,1,1,0,0,0,0,0,0,0,0,0,0,0,0,0,0,0,0,0,0,0,0,0,0,0,0,0,0,0,0,0,0,0,0,0,0,0,0
519.4,60919,14149926,Cálculo numérico: (com aplicações) - 2. ed / 1987,0,0,0,0,0,0,0,0,2,1,1,0,0,0,0,0,0,0,0,0,0,0,0,0,0,0,0,0,0,0,0,0,0,0,0,0,0,0,0,0,0,0,0,0,0,0,0,0
519.4,60919,14152767,Cálculo numérico: (com aplicações) - 2. ed / 1987,0,0,0,0,0,0,0,0,0,0,0,0,0,0,0,0,0,0,0,1,1,1,1,0,0,0,0,0,0,0,0,0,0,0,0,0,0,0,0,0,0,0,0,0,0,0,0,0
519.4,60919,14152771,Cálculo numérico: (com aplicações) - 2. ed / 1987,0,0,0,0,0,0,0,0,1,2,1,0,0,0,0,0,0,0,0,0,0,0,0,0,0,0,0,0,0,0,0,0,0,0,0,0,0,0,0,0,0,0,0,0,0,0,0,0
519.4,60919,14149912,Cálculo numérico: (com aplicações) - 2. ed / 1987,0,0,0,0,0,0,0,0,2,1,0,0,0,0,0,0,0,0,0,0,0,0,0,0,0,0,0,0,0,0,0,0,0,0,0,0,0,0,0,0,0,0,0,0,0,0,0,0
519.4,60919,14152784,Cálculo numérico: (com aplicações) - 2. ed / 1987,0,0,0,0,0,0,0,1,1,0,0,0,0,0,1,0,0,0,0,0,0,0,0,0,0,0,0,0,0,0,0,0,0,0,0,0,0,0,0,0,0,0,0,0,0,0,0,0
519.4,60919,14152795,Cálculo numérico: (com aplicações) - 2. ed / 1987,0,0,0,0,0,0,0,0,0,0,0,0,0,0,0,1,1,1,0,0,0,0,0,0,0,0,0,0,0,0,0,0,0,0,0,0,0,0,0,0,0,0,0,0,0,0,0,0
519.4,60919,14152765,Cálculo numérico: (com aplicações) - 2. ed / 1987,0,0,1,0,0,0,0,0,0,0,0,0,0,0,0,0,0,0,0,0,0,0,0,0,0,0,0,0,0,0,0,0,0,0,0,0,0,0,0,0,0,0,0,0,0,0,0,0
519.4,60919,14152772,Cálculo numérico: (com aplicações) - 2. ed / 1987,0,0,0,0,0,0,0,0,0,0,0,0,0,0,0,0,0,0,0,0,0,0,0,0,0,0,0,0,0,0,0,0,0,0,0,0,0,0,0,1,0,0,0,0,0,0,0,0
519.4,60919,14152786,Cálculo numérico: (com aplicações) - 2. ed / 1987,0,0,0,1,0,0,0,0,0,0,0,0,0,0,0,0,0,0,0,0,0,0,0,0,0,0,0,0,0,0,0,0,0,0,0,0,0,0,0,0,0,0,0,0,0,0,0,0
519.4,89124,14150574,Cálculo numérico: características matemáticas e computacionais dos métodos numéricos / 2003,1,0,0,0,0,0,0,0,0,0,0,0,0,0,0,0,0,0,0,0,0,0,0,0,0,0,0,0,0,0,0,0,0,0,0,0,0,0,0,0,0,0,0,0,0,0,0,0
519.4,140708,14151232,Matemática discreta para computação e informática - 4. ed. / 2013,0,0,1,1,1,1,1,1,1,0,0,0,0,0,0,0,0,0,0,1,0,0,0,0,0,0,0,0,0,0,0,0,0,1,1,0,0,0,0,1,0,0,0,0,0,0,0,0
519.4,140708,14151207,Matemática discreta para computação e informática - 4. ed. / 2013,0,0,1,1,0,0,0,0,0,0,0,0,0,0,0,0,0,0,0,0,0,0,0,0,0,0,0,0,0,0,0,0,0,0,0,0,0,0,0,0,0,0,0,0,0,3,2,1
519.4,140708,14151234,Matemática discreta para computação e informática - 4. ed. / 2013,0,0,1,1,1,1,1,2,0,0,0,0,0,0,0,0,0,0,0,0,0,0,0,0,0,0,0,0,0,0,0,0,0,1,0,0,0,0,0,0,0,0,0,0,0,0,0,0
519.4,140708,14151206,Matemática discreta para computação e informática - 4. ed. / 2013,0,0,0,0,0,0,0,0,0,0,0,0,0,0,0,0,0,0,0,0,0,0,0,0,0,0,0,0,0,0,0,0,1,1,1,1,1,1,0,1,0,0,0,0,0,0,0,0
519.4,140708,14151208,Matemática discreta para computação e informática - 4. ed. / 2013,0,0,0,0,0,0,0,0,0,0,0,0,0,0,0,0,0,0,0,0,0,0,0,0,0,0,0,0,0,0,0,0,1,1,1,1,1,0,0,0,1,0,0,0,1,0,0,0
519.4,140708,14151209,Matemática discreta para computação e informática - 4. ed. / 2013,0,0,0,0,0,0,0,0,0,0,0,0,0,0,0,0,0,0,0,0,0,0,0,0,0,0,0,0,0,0,0,0,1,1,0,0,0,0,0,0,0,0,0,0,0,0,0,0
519.4,140708,14151212,Matemática discreta para computação e informática - 4. ed. / 2013,0,0,0,0,0,0,0,0,0,0,0,0,0,0,0,0,0,0,0,0,0,0,0,0,0,0,0,0,0,0,0,0,0,1,1,0,0,0,0,0,0,0,0,0,0,0,0,0
519.4,140708,14151225,Matemática discreta para computação e informática - 4. ed. / 2013,0,0,0,1,1,0,0,0,0,0,0,0,0,0,0,0,0,0,0,0,0,0,0,0,0,0,0,0,0,0,0,0,0,0,0,0,0,0,0,0,0,0,0,0,0,0,0,0
519.4,140708,14151231,Matemática discreta para computação e informática - 4. ed. / 2013,0,0,0,1,0,0,0,1,0,0,0,0,0,0,0,0,0,0,0,0,0,0,0,0,0,0,0,0,0,0,0,0,0,0,0,0,0,0,0,0,0,0,0,0,0,0,0,0
519.4,140708,14151203,Matemática discreta para computação e informática - 4. ed. / 2013,0,0,0,1,0,0,0,0,0,0,0,0,0,0,0,0,0,0,0,0,0,0,0,0,0,0,0,0,0,0,0,0,0,0,0,0,0,0,0,0,0,0,0,0,0,0,0,0
519.4,140708,14151211,Matemática discreta para computação e informática - 4. ed. / 2013,0,0,1,0,0,0,0,0,0,0,0,0,0,0,0,0,0,0,0,0,0,0,0,0,0,0,0,0,0,0,0,0,0,0,0,0,0,0,0,0,0,0,0,0,0,0,0,0
519.4,140708,14151215,Matemática discreta para computação e informática - 4. ed. / 2013,0,0,0,0,0,0,0,0,0,0,0,0,0,0,0,0,0,0,0,0,0,0,0,0,0,0,0,0,0,0,0,0,1,0,0,0,0,0,0,0,0,0,0,0,0,0,0,0
519.4,140708,14151233,Matemática discreta para computação e informática - 4. ed. / 2013,0,0,0,1,0,0,0,0,0,0,0,0,0,0,0,0,0,0,0,0,0,0,0,0,0,0,0,0,0,0,0,0,0,0,0,0,0,0,0,0,0,0,0,0,0,0,0,0
519.5,107518,14148594,Estatística aplicada - 4. ed. / 2010,0,0,2,1,1,1,1,1,0,0,0,0,0,0,0,0,0,0,0,2,1,1,1,0,0,0,1,0,1,1,0,0,0,0,1,0,0,0,0,0,0,0,0,0,0,0,0,0
519.5,107518,14148604,Estatística aplicada - 4. ed. / 2010,1,1,1,1,0,0,0,0,0,0,0,0,0,0,0,0,0,0,0,0,0,0,0,0,0,0,1,1,0,1,0,2,0,1,1,0,0,0,0,0,1,1,0,0,0,0,0,0
519.5,107518,14148608,Estatística aplicada - 4. ed. / 2010,0,0,0,0,0,0,0,0,0,2,1,0,0,0,1,1,0,0,0,1,0,0,0,0,0,0,0,0,0,0,0,0,0,0,0,0,0,0,0,0,0,0,0,0,0,0,0,0
519.5,107518,14148577,Estatística aplicada - 4. ed. / 2010,0,0,0,0,0,0,0,0,0,0,0,0,0,0,0,0,0,0,0,0,0,0,0,0,0,0,0,0,0,0,0,0,0,0,0,0,0,0,0,0,0,0,0,0,0,0,3,1
519.5,107518,14148580,Estatística aplicada - 4. ed. / 2010,0,0,0,0,0,0,0,1,1,1,1,0,0,0,0,0,0,0,0,0,0,0,0,0,0,0,0,0,0,0,0,0,0,0,0,0,0,0,0,0,0,0,0,0,0,0,0,0
519.5,107518,14148611,Estatística aplicada - 4. ed. / 2010,0,0,1,1,1,1,0,0,0,0,0,0,0,0,0,0,0,0,0,0,0,0,0,0,0,0,0,0,0,0,0,0,0,0,0,0,0,0,0,0,0,0,0,0,0,0,0,0
519.5,107518,14148615,Estatística aplicada - 4. ed. / 2010,0,0,0,0,0,0,0,0,0,0,0,0,0,0,0,0,0,0,0,0,0,0,0,0,0,0,0,0,0,0,0,0,0,0,1,1,1,1,0,0,0,0,0,0,0,0,0,0
519.5,107518,14148582,Estatística aplicada - 4. ed. / 2010,0,0,1,1,1,0,0,0,0,0,0,0,0,0,0,0,0,0,0,0,0,0,0,0,0,0,0,0,0,0,0,0,0,0,0,0,0,0,0,0,0,0,0,0,0,0,0,0
519.5,107518,14148587,Estatística aplicada - 4. ed. / 2010,0,0,0,0,1,0,0,0,0,0,0,0,0,0,1,0,0,0,0,0,0,0,0,0,0,0,0,0,0,0,0,0,0,0,0,0,0,0,0,0,0,0,0,0,0,0,0,0
519.5,107518,14148599,Estatística aplicada - 4. ed. / 2010,1,1,0,0,0,0,0,0,0,0,0,0,0,0,0,0,0,0,0,0,0,0,0,0,0,0,0,0,0,0,0,0,0,0,0,0,0,0,0,0,0,0,0,0,0,0,0,0
519.5,107518,14148613,Estatística aplicada - 4. ed. / 2010,0,0,2,0,0,0,0,0,0,0,0,0,0,0,0,0,0,0,0,0,0,0,0,0,0,0,0,0,0,0,0,0,0,0,0,0,0,0,0,0,0,0,0,0,0,0,0,0
519.5,107518,14148576,Estatística aplicada - 4. ed. / 2010,0,0,1,0,0,0,0,0,0,0,0,0,0,0,0,0,0,0,0,0,0,0,0,0,0,0,0,0,0,0,0,0,0,0,0,0,0,0,0,0,0,0,0,0,0,0,0,0
519.5,107518,14148590,Estatística aplicada - 4. ed. / 2010,0,0,0,0,0,0,0,0,0,0,0,0,0,0,0,0,0,0,0,0,0,0,0,0,0,0,0,0,0,0,0,0,0,0,1,0,0,0,0,0,0,0,0,0,0,0,0,0
519.5,107518,14148601,Estatística aplicada - 4. ed. / 2010,1,0,0,0,0,0,0,0,0,0,0,0,0,0,0,0,0,0,0,0,0,0,0,0,0,0,0,0,0,0,0,0,0,0,0,0,0,0,0,0,0,0,0,0,0,0,0,0
519.5,107518,14148610,Estatística aplicada - 4. ed. / 2010,0,0,1,0,0,0,0,0,0,0,0,0,0,0,0,0,0,0,0,0,0,0,0,0,0,0,0,0,0,0,0,0,0,0,0,0,0,0,0,0,0,0,0,0,0,0,0,0
519.5,107518,14148614,Estatística aplicada - 4. ed. / 2010,0,0,1,0,0,0,0,0,0,0,0,0,0,0,0,0,0,0,0,0,0,0,0,0,0,0,0,0,0,0,0,0,0,0,0,0,0,0,0,0,0,0,0,0,0,0,0,0
519.5,117038,14372731,Estatística básica: probabilidade e inferência / 2010,0,0,0,0,0,0,0,0,0,0,0,0,0,0,0,0,0,0,0,0,0,0,0,0,0,0,0,0,0,0,0,0,0,0,0,0,1,0,0,1,0,1,0,0,1,1,2,1
519.5,117085,14149873,Estatística para cursos de engenharia e informática - 3. ed. / 2004,0,0,0,0,0,0,0,0,0,1,0,0,0,0,0,1,1,1,0,1,1,1,1,1,0,0,1,0,1,1,0,0,0,0,0,0,0,0,0,0,0,0,0,0,0,0,0,0
519.5,117085,14150402,Estatística para cursos de engenharia e informática - 3. ed. / 2004,0,0,1,1,1,2,0,1,2,0,0,0,0,0,0,0,0,0,0,0,0,0,0,0,0,0,0,0,0,0,0,0,0,0,2,0,0,0,0,0,0,0,0,0,0,0,0,0
519.5,117085,14149874,Estatística para cursos de engenharia e informática - 3. ed. / 2004,0,0,0,0,0,0,0,0,0,0,0,0,0,0,0,0,0,0,0,0,0,2,1,0,0,0,1,0,0,0,1,1,0,0,0,0,0,0,0,0,0,0,0,0,0,0,0,0
519.5,117085,14150396,Estatística para cursos de engenharia e informática - 3. ed. / 2004,0,0,0,0,0,0,0,0,0,0,0,0,0,0,1,1,0,1,0,0,0,0,0,0,0,0,0,0,0,0,0,0,0,0,0,0,0,0,0,0,0,0,0,0,1,1,0,0
519.5,117085,14149882,Estatística para cursos de engenharia e informática - 3. ed. / 2004,0,0,0,0,0,0,0,0,0,0,1,0,0,0,0,0,0,0,0,0,0,0,0,0,0,0,0,0,0,0,0,0,1,2,0,0,0,0,0,0,0,0,0,0,0,0,0,0
519.5,117085,14149885,Estatística para cursos de engenharia e informática - 3. ed. / 2004,0,0,0,0,0,0,0,1,1,1,1,0,0,0,0,0,0,0,0,0,0,0,0,0,0,0,0,0,0,0,0,0,0,0,0,0,0,0,0,0,0,0,0,0,0,0,0,0
519.5,117085,14149868,Estatística para cursos de engenharia e informática - 3. ed. / 2004,0,0,0,1,0,0,0,1,1,0,0,0,0,0,0,0,0,0,0,0,0,0,0,0,0,0,0,0,0,0,0,0,0,0,0,0,0,0,0,0,0,0,0,0,0,0,0,0
519.5,117085,14149875,Estatística para cursos de engenharia e informática - 3. ed. / 2004,0,0,0,0,1,0,0,0,0,1,1,0,0,0,0,0,0,0,0,0,0,0,0,0,0,0,0,0,0,0,0,0,0,0,0,0,0,0,0,0,0,0,0,0,0,0,0,0
519.5,117085,14149876,Estatística para cursos de engenharia e informática - 3. ed. / 2004,1,1,1,0,0,0,0,0,0,0,0,0,0,0,0,0,0,0,0,0,0,0,0,0,0,0,0,0,0,0,0,0,0,0,0,0,0,0,0,0,0,0,0,0,0,0,0,0
519.5,117085,14149881,Estatística para cursos de engenharia e informática - 3. ed. / 2004,1,1,1,0,0,0,0,0,0,0,0,0,0,0,0,0,0,0,0,0,0,0,0,0,0,0,0,0,0,0,0,0,0,0,0,0,0,0,0,0,0,0,0,0,0,0,0,0
519.5,117085,14149886,Estatística para cursos de engenharia e informática - 3. ed. / 2004,0,0,0,0,0,0,0,0,0,0,0,0,0,0,0,0,0,0,0,0,0,0,0,0,0,0,0,0,0,0,0,0,0,0,1,1,0,0,0,1,0,0,0,0,0,0,0,0
519.5,117085,14150414,Estatística para cursos de engenharia e informática - 3. ed. / 2004,0,0,1,0,1,0,0,0,0,0,0,0,0,0,0,0,0,0,1,0,0,0,0,0,0,0,0,0,0,0,0,0,0,0,0,0,0,0,0,0,0,0,0,0,0,0,0,0
519.5,117085,14149869,Estatística para cursos de engenharia e informática - 3. ed. / 2004,1,1,0,0,0,0,0,0,0,0,0,0,0,0,0,0,0,0,0,0,0,0,0,0,0,0,0,0,0,0,0,0,0,0,0,0,0,0,0,0,0,0,0,0,0,0,0,0
519.5,117085,14149871,Estatística para cursos de engenharia e informática - 3. ed. / 2004,1,1,0,0,0,0,0,0,0,0,0,0,0,0,0,0,0,0,0,0,0,0,0,0,0,0,0,0,0,0,0,0,0,0,0,0,0,0,0,0,0,0,0,0,0,0,0,0
519.5,117085,14149880,Estatística para cursos de engenharia e informática - 3. ed. / 2004,0,0,0,0,0,0,0,0,0,0,0,0,0,0,1,0,0,1,0,0,0,0,0,0,0,0,0,0,0,0,0,0,0,0,0,0,0,0,0,0,0,0,0,0,0,0,0,0
519.5,117085,14150410,Estatística para cursos de engenharia e informática - 3. ed. / 2004,0,0,0,0,0,0,0,0,0,0,0,0,0,0,0,0,0,0,0,0,0,0,0,0,0,0,1,1,0,0,0,0,0,0,0,0,0,0,0,0,0,0,0,0,0,0,0,0
519.5,117085,14150412,Estatística para cursos de engenharia e informática - 3. ed. / 2004,0,0,0,0,0,0,0,0,0,0,0,0,0,0,0,0,0,0,0,0,0,0,0,0,0,0,0,0,0,0,0,0,0,0,0,0,0,0,0,1,1,0,0,0,0,0,0,0
519.5,117085,14149872,Estatística para cursos de engenharia e informática - 3. ed. / 2004,0,0,0,0,0,0,0,0,0,0,0,0,0,0,0,0,0,0,0,0,0,1,0,0,0,0,0,0,0,0,0,0,0,0,0,0,0,0,0,0,0,0,0,0,0,0,0,0
519.5,117085,14150395,Estatística para cursos de engenharia e informática - 3. ed. / 2004,1,0,0,0,0,0,0,0,0,0,0,0,0,0,0,0,0,0,0,0,0,0,0,0,0,0,0,0,0,0,0,0,0,0,0,0,0,0,0,0,0,0,0,0,0,0,0,0
519.5,117085,14150397,Estatística para cursos de engenharia e informática - 3. ed. / 2004,0,0,0,0,0,0,0,0,0,0,0,0,0,0,0,0,0,0,0,0,0,0,0,0,0,0,0,0,0,0,0,0,0,0,0,0,0,1,0,0,0,0,0,0,0,0,0,0
519.5,132418,14149056,Estatística aplicada e probabilidade para engenheiros - 5. ed. / 2012,0,0,1,1,1,2,0,1,0,2,0,1,0,0,1,1,0,0,0,2,1,1,1,0,0,0,1,0,1,1,0,0,0,0,0,0,0,0,0,1,0,1,1,0,0,2,1,2
519.5,132418,14149050,Estatística aplicada e probabilidade para engenheiros - 5. ed. / 2012,1,1,0,0,1,1,1,1,0,0,1,0,0,0,0,0,0,0,0,0,0,0,0,0,0,0,2,0,0,0,0,1,0,0,0,0,0,0,0,0,0,0,0,0,0,0,2,1
519.5,132418,14149063,Estatística aplicada e probabilidade para engenheiros - 5. ed. / 2012,0,0,1,1,1,0,2,1,1,1,1,0,0,0,0,0,0,0,0,0,1,1,1,0,0,0,1,0,0,0,0,0,0,0,0,0,0,0,0,0,0,0,0,0,0,0,0,0
519.5,132418,14149060,Estatística aplicada e probabilidade para engenheiros - 5. ed. / 2012,0,0,1,1,1,1,1,1,1,1,1,0,0,0,0,0,0,0,0,0,0,0,1,0,0,0,1,0,0,0,1,0,0,0,0,0,0,0,0,0,0,0,0,0,0,0,0,0
519.5,132418,14149053,Estatística aplicada e probabilidade para engenheiros - 5. ed. / 2012,0,0,1,0,1,1,1,1,0,0,1,0,0,0,0,0,0,0,0,0,1,1,0,0,0,0,1,0,0,0,0,1,0,0,0,0,0,0,0,0,0,0,0,0,0,0,0,0
519.5,132418,14149075,Estatística aplicada e probabilidade para engenheiros - 5. ed. / 2012,0,0,0,0,0,0,0,0,0,0,0,0,0,0,0,0,0,0,0,0,0,0,0,0,0,0,1,1,0,0,0,0,0,0,0,0,0,0,0,0,0,0,0,0,1,1,1,1
519.5,132418,14149073,Estatística aplicada e probabilidade para engenheiros - 5. ed. / 2012,0,0,1,2,1,1,0,0,0,0,0,0,0,0,0,0,0,0,0,0,0,0,0,0,0,0,0,0,0,0,0,0,0,0,0,0,0,0,0,0,0,0,0,0,0,0,0,0
519.5,132418,14149057,Estatística aplicada e probabilidade para engenheiros - 5. ed. / 2012,0,0,1,1,1,0,0,0,0,0,0,0,0,0,0,0,0,0,0,0,0,0,0,0,0,0,0,0,0,0,0,0,0,0,0,0,0,0,0,0,0,0,0,0,0,0,0,1
519.5,132418,14149055,Estatística aplicada e probabilidade para engenheiros - 5. ed. / 2012,0,0,0,0,0,0,0,0,0,0,0,0,0,0,0,0,0,0,0,0,0,0,0,0,0,0,0,0,0,0,0,0,0,0,0,0,0,0,0,0,2,1,0,0,0,0,0,0
519.5,132418,14149062,Estatística aplicada e probabilidade para engenheiros - 5. ed. / 2012,1,1,1,0,0,0,0,0,0,0,0,0,0,0,0,0,0,0,0,0,0,0,0,0,0,0,0,0,0,0,0,0,0,0,0,0,0,0,0,0,0,0,0,0,0,0,0,0
519.5,132418,14149066,Estatística aplicada e probabilidade para engenheiros - 5. ed. / 2012,0,0,1,1,1,0,0,0,0,0,0,0,0,0,0,0,0,0,0,0,0,0,0,0,0,0,0,0,0,0,0,0,0,0,0,0,0,0,0,0,0,0,0,0,0,0,0,0
519.5,132418,14149070,Estatística aplicada e probabilidade para engenheiros - 5. ed. / 2012,0,0,1,1,0,1,0,0,0,0,0,0,0,0,0,0,0,0,0,0,0,0,0,0,0,0,0,0,0,0,0,0,0,0,0,0,0,0,0,0,0,0,0,0,0,0,0,0
519.5,132418,14149065,Estatística aplicada e probabilidade para engenheiros - 5. ed. / 2012,0,0,1,1,0,0,0,0,0,0,0,0,0,0,0,0,0,0,0,0,0,0,0,0,0,0,0,0,0,0,0,0,0,0,0,0,0,0,0,0,0,0,0,0,0,0,0,0
519.5,132418,14149068,Estatística aplicada e probabilidade para engenheiros - 5. ed. / 2012,1,1,0,0,0,0,0,0,0,0,0,0,0,0,0,0,0,0,0,0,0,0,0,0,0,0,0,0,0,0,0,0,0,0,0,0,0,0,0,0,0,0,0,0,0,0,0,0
519.5,132418,14149058,Estatística aplicada e probabilidade para engenheiros - 5. ed. / 2012,0,0,0,0,0,0,0,0,0,0,0,0,0,0,0,0,0,0,0,0,0,0,0,0,0,0,0,0,0,0,0,0,0,0,0,0,0,0,0,0,0,1,0,0,0,0,0,0
519.5,132418,14149077,Estatística aplicada e probabilidade para engenheiros - 5. ed. / 2012,0,0,1,0,0,0,0,0,0,0,0,0,0,0,0,0,0,0,0,0,0,0,0,0,0,0,0,0,0,0,0,0,0,0,0,0,0,0,0,0,0,0,0,0,0,0,0,0
519.5,140210,14151256,Estatística básica - 8. ed. / 2014,1,1,1,1,0,1,0,0,0,2,1,1,0,0,0,0,0,0,0,0,0,0,0,0,0,0,0,0,0,0,0,0,0,0,0,0,0,0,0,1,1,2,0,0,0,1,1,1
519.5,140210,14151263,Estatística básica - 8. ed. / 2014,0,0,1,1,1,1,1,1,1,1,1,0,0,0,1,1,0,0,0,0,0,0,0,1,0,0,1,0,0,0,0,0,0,0,0,0,0,0,0,0,0,0,0,0,1,0,0,0
519.5,140210,14151274,Estatística básica - 8. ed. / 2014,0,0,1,1,0,0,0,0,0,0,0,0,0,0,0,0,0,0,0,0,0,0,1,0,0,0,0,0,0,0,0,0,0,0,0,0,0,0,0,2,0,0,1,0,2,2,1,2
519.5,140210,14151277,Estatística básica - 8. ed. / 2014,0,0,2,1,0,0,0,0,0,0,0,0,0,0,0,0,0,0,0,0,0,0,0,0,0,0,1,0,0,0,0,1,2,1,0,0,0,0,0,1,1,1,1,0,1,0,0,0
519.5,140210,14151258,Estatística básica - 8. ed. / 2014,0,0,1,1,0,0,0,0,0,0,0,0,0,0,0,0,0,0,0,0,0,0,0,0,0,1,1,0,1,0,0,0,0,1,1,0,0,0,0,1,1,0,1,0,0,0,0,0
519.5,140210,14151269,Estatística básica - 8. ed. / 2014,0,0,1,1,1,1,1,0,1,1,1,0,0,0,0,0,0,0,0,0,0,0,0,0,0,0,0,0,0,0,0,0,0,0,0,0,0,0,0,1,1,0,0,0,0,0,0,0
519.5,140210,14151252,Estatística básica - 8. ed. / 2014,1,1,1,1,1,2,0,0,0,0,0,0,0,0,0,0,0,0,0,0,0,0,0,0,0,0,0,0,0,0,0,0,0,0,0,0,0,0,0,0,0,0,0,0,0,0,1,0
519.5,140210,14151260,Estatística básica - 8. ed. / 2014,0,0,1,1,1,1,1,1,1,0,0,0,0,0,0,0,0,0,0,0,0,0,0,0,0,0,0,0,0,0,0,0,0,0,0,0,0,0,0,0,0,0,0,0,1,0,0,0
519.5,140210,14151279,Estatística básica - 8. ed. / 2014,1,0,1,1,0,0,0,0,0,0,0,0,0,0,0,0,0,0,0,0,0,0,0,0,0,0,0,0,0,0,0,0,0,0,0,0,0,0,0,1,1,1,1,0,1,0,0,0
519.5,140210,14151255,Estatística básica - 8. ed. / 2014,0,0,1,2,1,1,0,1,1,0,0,0,0,0,0,0,0,0,0,0,0,0,0,0,0,0,0,0,0,0,0,0,0,0,0,0,0,0,0,0,0,0,0,0,0,0,0,0
519.5,140210,14151265,Estatística básica - 8. ed. / 2014,0,0,0,1,1,1,1,1,1,1,0,0,0,0,0,0,0,0,0,0,0,0,0,0,0,0,0,0,0,0,0,0,0,0,0,0,0,0,0,0,0,0,0,0,0,0,0,0
519.5,140210,14151267,Estatística básica - 8. ed. / 2014,0,0,1,1,1,0,1,0,0,0,0,0,0,0,0,0,0,0,0,0,0,0,0,0,0,0,0,0,0,0,0,0,0,0,0,0,0,0,0,1,0,0,0,0,0,0,0,0
519.5,140210,14151273,Estatística básica - 8. ed. / 2014,0,0,0,0,1,1,1,0,0,0,0,0,0,0,0,0,0,0,0,0,0,0,0,0,0,0,0,0,0,0,0,0,0,0,0,0,0,0,0,0,0,0,0,0,0,1,1,0
519.5,140210,14151276,Estatística básica - 8. ed. / 2014,0,0,1,0,1,1,0,0,0,0,0,0,0,0,0,0,0,0,0,0,0,0,0,0,0,0,0,0,0,0,0,0,0,0,0,0,0,0,0,0,0,0,0,0,1,1,0,0
519.5,140210,14151257,Estatística básica - 8. ed. / 2014,0,0,1,1,1,0,0,0,0,0,0,0,0,0,0,0,0,0,0,0,0,0,0,0,0,0,0,0,0,0,0,0,0,0,0,0,0,0,0,0,0,0,0,0,0,0,0,0
519.5,140210,14151266,Estatística básica - 8. ed. / 2014,0,0,0,1,1,1,0,0,0,0,0,0,0,0,0,0,0,0,0,0,0,0,0,0,0,0,0,0,0,0,0,0,0,0,0,0,0,0,0,0,0,0,0,0,0,0,0,0
519.5,140210,14151275,Estatística básica - 8. ed. / 2014,0,0,1,1,1,0,0,0,0,0,0,0,0,0,0,0,0,0,0,0,0,0,0,0,0,0,0,0,0,0,0,0,0,0,0,0,0,0,0,0,0,0,0,0,0,0,0,0
519.5,140210,14151278,Estatística básica - 8. ed. / 2014,0,0,1,1,1,0,0,0,0,0,0,0,0,0,0,0,0,0,0,0,0,0,0,0,0,0,0,0,0,0,0,0,0,0,0,0,0,0,0,0,0,0,0,0,0,0,0,0
519.5,140210,14151280,Estatística básica - 8. ed. / 2014,0,0,1,0,1,0,0,0,0,0,0,0,0,0,0,0,0,0,0,0,0,0,0,0,0,0,0,0,0,0,0,0,0,0,0,0,0,0,0,0,0,1,0,0,0,0,0,0
519.5,140210,14151254,Estatística básica - 8. ed. / 2014,0,0,1,1,0,0,0,0,0,0,0,0,0,0,0,0,0,0,0,0,0,0,0,0,0,0,0,0,0,0,0,0,0,0,0,0,0,0,0,0,0,0,0,0,0,0,0,0
519.5,140210,14151259,Estatística básica - 8. ed. / 2014,0,0,1,1,0,0,0,0,0,0,0,0,0,0,0,0,0,0,0,0,0,0,0,0,0,0,0,0,0,0,0,0,0,0,0,0,0,0,0,0,0,0,0,0,0,0,0,0
519.5,140210,14151271,Estatística básica - 8. ed. / 2014,0,0,0,0,0,0,0,0,0,0,0,0,0,0,0,0,0,0,0,0,0,0,0,0,0,0,0,0,0,0,0,0,0,0,0,0,0,0,0,2,0,0,0,0,0,0,0,0
519.5,140210,14151272,Estatística básica - 8. ed. / 2014,0,0,1,1,0,0,0,0,0,0,0,0,0,0,0,0,0,0,0,0,0,0,0,0,0,0,0,0,0,0,0,0,0,0,0,0,0,0,0,0,0,0,0,0,0,0,0,0
519.5,140210,14151253,Estatística básica - 8. ed. / 2014,0,0,0,0,1,0,0,0,0,0,0,0,0,0,0,0,0,0,0,0,0,0,0,0,0,0,0,0,0,0,0,0,0,0,0,0,0,0,0,0,0,0,0,0,0,0,0,0
519.5,140210,14151262,Estatística básica - 8. ed. / 2014,0,0,1,0,0,0,0,0,0,0,0,0,0,0,0,0,0,0,0,0,0,0,0,0,0,0,0,0,0,0,0,0,0,0,0,0,0,0,0,0,0,0,0,0,0,0,0,0
519.5,168039,14218462,Estatística básica para os cursos de ciências exatas e tecnológicas / 2015,1,1,1,1,1,1,1,1,0,1,0,0,0,0,1,1,1,1,1,1,1,1,1,0,0,0,0,0,0,0,0,1,1,1,0,0,0,0,0,0,0,0,0,0,0,0,0,0
519.5,168039,14218464,Estatística básica para os cursos de ciências exatas e tecnológicas / 2015,0,0,0,0,0,0,0,0,0,0,0,0,0,0,0,0,0,1,0,2,1,1,1,0,0,0,1,0,1,1,0,1,1,1,0,0,0,1,0,1,0,1,1,0,1,1,1,1
519.5,168039,14218463,Estatística básica para os cursos de ciências exatas e tecnológicas / 2015,0,0,1,1,0,1,0,0,0,1,1,0,0,0,0,0,0,1,0,0,0,0,0,0,0,0,0,0,0,0,1,0,0,0,1,1,0,0,0,1,1,0,1,0,0,0,0,0
519.5,188114,14286974,Estatística básica - 9. ed. / 2017,0,1,1,1,0,0,0,0,1,1,1,1,0,0,1,0,0,0,0,0,0,0,0,0,0,0,0,0,0,0,0,0,1,1,0,0,0,0,0,1,1,1,1,0,0,0,0,0
519.5,188114,14360962,Estatística básica - 9. ed. / 2017,0,0,0,0,0,0,0,0,0,0,0,0,0,0,1,1,0,0,0,0,0,0,1,1,0,0,1,0,0,0,0,1,0,1,0,0,0,0,0,0,0,0,1,0,1,1,1,0
519.5,190295,14344664,Estatística aplicada - 6. ed. / 2016,0,0,0,0,0,0,0,0,0,0,0,0,0,0,0,0,0,0,0,1,1,0,0,0,0,1,1,0,0,0,0,0,0,1,1,1,1,1,0,0,0,0,0,1,2,1,2,1
5.195.024.658,33897,14149048,Estatística aplicada à administração / 1981,0,0,0,1,0,0,0,1,1,1,1,0,0,0,0,0,0,0,0,0,0,0,0,0,0,0,0,0,0,0,0,0,0,0,0,0,0,0,0,0,0,0,0,0,0,0,0,0
5.195.024.658,33897,14149043,Estatística aplicada à administração / 1981,0,0,0,0,0,0,0,0,0,0,0,0,0,0,0,0,2,1,0,1,0,0,0,0,0,0,0,0,0,0,0,0,0,0,0,0,0,0,0,0,0,0,0,0,0,0,0,0
5.195.024.658,33897,14149030,Estatística aplicada à administração / 1981,0,0,1,0,0,0,0,0,0,0,0,0,0,0,0,0,0,0,0,0,0,0,0,0,0,0,1,0,0,0,0,0,0,0,0,0,0,0,0,0,0,0,0,0,0,0,0,0
5.195.024.658,33897,14149049,Estatística aplicada à administração / 1981,0,0,0,0,2,0,0,0,0,0,0,0,0,0,0,0,0,0,0,0,0,0,0,0,0,0,0,0,0,0,0,0,0,0,0,0,0,0,0,0,0,0,0,0,0,0,0,0
5.195.024.658,33897,14149013,Estatística aplicada à administração / 1981,0,0,0,0,0,0,0,0,0,0,0,0,0,0,0,0,0,0,0,0,0,0,0,0,0,0,0,0,0,0,1,0,0,0,0,0,0,0,0,0,0,0,0,0,0,0,0,0
5.195.024.658,33897,14149014,Estatística aplicada à administração / 1981,0,0,0,0,0,0,0,0,0,0,0,0,0,0,0,0,0,0,0,0,0,0,0,0,0,0,0,0,0,0,0,0,0,0,0,0,0,0,0,0,0,0,0,0,0,0,1,0
5.195.024.658,33897,14149017,Estatística aplicada à administração / 1981,0,0,0,0,0,0,0,0,0,0,1,0,0,0,0,0,0,0,0,0,0,0,0,0,0,0,0,0,0,0,0,0,0,0,0,0,0,0,0,0,0,0,0,0,0,0,0,0
5.195.024.658,33897,14149019,Estatística aplicada à administração / 1981,0,0,0,0,0,0,0,0,0,0,1,0,0,0,0,0,0,0,0,0,0,0,0,0,0,0,0,0,0,0,0,0,0,0,0,0,0,0,0,0,0,0,0,0,0,0,0,0
519.535,100870,14372320,"Análise multivariada : para os cursos de administração, ciências contábeis e economia / 2007",0,0,0,0,0,0,0,0,0,0,0,0,0,0,0,0,0,0,0,0,0,0,0,0,0,0,0,0,0,0,0,0,0,0,0,0,1,0,0,1,0,0,0,0,0,0,0,0
519.72,150741,14155495,Programação linear - 6. ed. / 2012,0,0,0,0,0,0,0,0,0,0,0,0,0,0,0,0,0,0,0,0,0,0,0,0,0,0,0,0,0,0,0,0,0,0,0,0,0,0,0,0,1,0,0,0,0,1,1,1
519.72,150741,14155496,Programação linear - 6. ed. / 2012,0,0,0,0,0,0,0,0,0,0,0,0,0,0,0,0,0,0,0,0,0,0,0,0,0,0,0,0,0,0,0,0,0,0,0,0,0,1,0,0,0,0,0,0,0,0,0,0
519.82,126490,14160948,Teoria de filas / 2007,0,0,0,0,0,0,0,0,0,0,0,0,0,0,0,0,0,1,0,1,1,0,0,0,0,0,0,0,0,0,0,0,0,0,0,0,0,0,0,0,0,0,0,0,0,0,0,0
520,171692,14220262,Astronomia hoje / 2010,0,0,0,0,0,0,0,0,0,0,0,0,0,0,1,0,0,0,0,0,0,0,0,1,0,0,0,0,0,0,0,0,0,0,0,0,0,0,0,3,0,0,0,0,0,0,0,0
526,116666,14152820,Cartografia básica / 2008,1,1,1,1,1,0,0,0,0,0,0,0,0,0,0,0,0,0,0,0,0,0,0,0,0,0,0,0,0,0,0,0,0,0,0,0,0,0,0,0,0,0,0,0,0,0,0,0
526,116666,14152812,Cartografia básica / 2008,0,0,0,2,1,1,0,0,0,0,0,0,0,0,0,0,0,0,0,0,0,0,0,0,0,0,0,0,0,0,0,0,0,0,0,0,0,0,0,0,0,0,0,0,0,0,0,0
526.98,151246,14158187,Topografia - 3. ed. / 2013,1,0,1,1,1,1,1,1,1,1,1,1,0,0,0,0,0,0,0,0,0,0,0,0,0,0,0,0,0,0,0,0,0,0,0,0,0,0,0,0,0,0,0,0,0,0,0,0
526.98,151246,14158184,Topografia - 3. ed. / 2013,0,0,0,0,0,0,0,0,0,0,0,0,0,0,0,0,0,0,0,0,1,1,1,0,0,0,0,0,0,0,0,0,0,0,0,0,0,0,0,0,0,0,0,0,0,0,0,0
526.98,151246,14158185,Topografia - 3. ed. / 2013,0,0,0,0,0,0,0,1,0,0,0,0,0,0,0,0,0,0,0,0,0,0,0,0,0,0,0,0,0,0,0,0,0,0,0,0,0,0,0,0,0,0,0,0,0,0,0,0
526.98,151450,14158203,Topografia aplicada à engenharia civil - 2. ed. / 2013,1,0,1,1,1,1,1,1,1,1,1,1,0,0,0,0,0,0,0,0,0,0,0,0,0,0,0,0,0,0,0,0,0,0,0,0,0,0,0,0,0,0,0,0,0,0,0,0
526.98,151450,14158201,Topografia aplicada à engenharia civil - 2. ed. / 2013,0,0,0,0,0,0,0,0,1,1,1,0,0,0,0,0,0,0,0,0,0,0,0,0,0,0,0,0,0,0,0,0,0,0,0,0,0,0,0,0,0,0,0,0,0,0,0,0
52.698.076,83800,14148960,"Exercícios de topografia - 3. ed. rev., ampl. / 1975",1,0,1,1,1,1,1,1,1,1,1,1,0,0,0,0,0,0,0,0,0,0,0,0,0,0,0,0,0,0,0,0,0,0,0,0,0,0,0,0,0,0,0,0,0,0,0,0
52.698.076,83800,14148961,"Exercícios de topografia - 3. ed. rev., ampl. / 1975",0,0,0,0,0,0,0,1,0,0,0,0,0,0,0,0,0,0,0,0,0,0,0,0,0,0,0,0,0,0,0,0,0,0,0,0,0,0,0,0,0,0,0,0,0,0,0,0
52.698.076,83800,14148962,"Exercícios de topografia - 3. ed. rev., ampl. / 1975",0,0,0,0,0,0,0,0,0,0,0,0,0,0,0,0,0,0,0,0,0,1,0,0,0,0,0,0,0,0,0,0,0,0,0,0,0,0,0,0,0,0,0,0,0,0,0,0
530,98981,14151378,Física - 12. ed. / 2008,0,0,0,0,2,1,1,0,0,0,0,0,0,0,1,1,1,1,0,1,1,1,1,1,0,0,1,0,1,0,0,0,0,0,0,0,0,0,0,2,0,0,0,0,0,0,0,0
530,98981,14151396,Física - 12. ed. / 2008,0,0,0,1,1,1,1,1,1,1,0,0,0,0,0,0,0,0,0,0,0,0,0,0,0,0,0,0,0,0,0,0,0,0,0,0,0,0,0,1,2,1,0,0,0,0,0,0
530,98981,14335703,Física - 12. ed. / 2008,0,0,0,2,1,1,1,0,0,0,0,0,0,0,1,0,0,0,0,0,0,0,0,0,0,1,1,0,0,0,0,1,0,0,0,0,0,0,0,0,0,0,0,0,0,0,0,0
530,98981,14151368,Física - 12. ed. / 2008,0,0,0,0,0,0,0,0,0,0,0,0,0,0,1,0,0,0,0,2,1,0,0,0,0,1,0,0,0,0,1,1,0,0,0,0,0,0,0,1,0,0,0,0,0,0,0,0
530,98981,14151351,Física - 12. ed. / 2008,0,0,0,1,1,1,1,2,0,0,0,0,0,0,0,0,0,0,0,0,0,0,0,0,0,1,0,0,0,0,0,0,0,0,0,0,0,0,0,0,0,0,0,0,0,0,0,0
530,98981,14151324,Física - 12. ed. / 2008,1,0,0,0,0,0,0,0,0,0,0,0,0,0,0,1,1,1,0,0,0,0,0,0,0,1,0,0,0,0,0,0,0,0,0,0,0,0,0,0,0,0,0,0,0,0,0,0
530,98981,14151353,Física - 12. ed. / 2008,0,0,0,1,1,1,0,1,1,0,0,0,0,0,0,0,0,0,0,0,0,0,0,0,0,0,0,0,0,0,0,0,0,0,0,0,0,0,0,0,0,0,0,0,0,0,0,0
530,98981,14151459,Física - 12. ed. / 2008,0,0,0,0,0,0,0,0,0,0,0,0,0,0,1,1,1,1,0,1,0,0,0,0,0,0,0,0,0,0,0,0,0,0,0,0,0,0,0,0,0,0,0,0,0,0,0,0
530,98981,14151386,Física - 12. ed. / 2008,1,0,1,1,1,0,0,0,0,0,0,0,0,0,0,0,0,0,0,0,0,0,0,0,0,0,0,0,0,0,0,0,0,0,0,0,0,0,0,0,0,0,0,0,0,0,0,0
530,98981,14151393,Física - 12. ed. / 2008,0,0,0,1,0,0,1,0,0,0,0,0,0,0,0,0,0,0,0,0,0,0,0,0,0,0,0,0,0,0,0,0,0,0,0,0,0,0,0,1,1,0,0,0,0,0,0,0
530,98981,14151469,Física - 12. ed. / 2008,1,1,1,1,0,0,0,0,0,0,0,0,0,0,0,0,0,0,0,0,0,0,0,0,0,0,0,0,0,0,0,0,0,0,0,0,0,0,0,0,0,0,0,0,0,0,0,0
530,98981,14151326,Física - 12. ed. / 2008,0,0,0,2,1,0,0,0,0,0,0,0,0,0,0,0,0,0,0,0,0,0,0,0,0,0,0,0,0,0,0,0,0,0,0,0,0,0,0,0,0,0,0,0,0,0,0,0
530,98981,14151341,Física - 12. ed. / 2008,0,0,0,0,0,0,0,0,0,0,0,0,0,0,0,1,1,1,0,0,0,0,0,0,0,0,0,0,0,0,0,0,0,0,0,0,0,0,0,0,0,0,0,0,0,0,0,0
530,98981,14151346,Física - 12. ed. / 2008,0,0,0,0,0,0,0,1,1,1,0,0,0,0,0,0,0,0,0,0,0,0,0,0,0,0,0,0,0,0,0,0,0,0,0,0,0,0,0,0,0,0,0,0,0,0,0,0
530,98981,14151367,Física - 12. ed. / 2008,0,0,0,0,0,0,0,0,0,0,0,0,0,0,1,1,1,0,0,0,0,0,0,0,0,0,0,0,0,0,0,0,0,0,0,0,0,0,0,0,0,0,0,0,0,0,0,0
530,98981,14151379,Física - 12. ed. / 2008,0,0,0,0,0,1,0,0,0,0,0,0,0,0,1,1,0,0,0,0,0,0,0,0,0,0,0,0,0,0,0,0,0,0,0,0,0,0,0,0,0,0,0,0,0,0,0,0
530,98981,14151383,Física - 12. ed. / 2008,0,0,1,1,1,0,0,0,0,0,0,0,0,0,0,0,0,0,0,0,0,0,0,0,0,0,0,0,0,0,0,0,0,0,0,0,0,0,0,0,0,0,0,0,0,0,0,0
530,98981,14151466,Física - 12. ed. / 2008,0,0,1,0,1,1,0,0,0,0,0,0,0,0,0,0,0,0,0,0,0,0,0,0,0,0,0,0,0,0,0,0,0,0,0,0,0,0,0,0,0,0,0,0,0,0,0,0
530,98981,14151470,Física - 12. ed. / 2008,0,0,0,0,1,1,0,1,0,0,0,0,0,0,0,0,0,0,0,0,0,0,0,0,0,0,0,0,0,0,0,0,0,0,0,0,0,0,0,0,0,0,0,0,0,0,0,0
530,98981,14151476,Física - 12. ed. / 2008,0,0,0,0,0,0,0,0,0,0,0,0,0,0,0,0,0,0,0,0,0,0,0,0,0,0,0,0,0,0,0,0,0,0,0,0,0,0,0,2,0,0,1,0,0,0,0,0
530,98981,14151483,Física - 12. ed. / 2008,0,0,0,1,1,1,0,0,0,0,0,0,0,0,0,0,0,0,0,0,0,0,0,0,0,0,0,0,0,0,0,0,0,0,0,0,0,0,0,0,0,0,0,0,0,0,0,0
530,98981,14180284,Física - 12. ed. / 2008,1,1,1,0,0,0,0,0,0,0,0,0,0,0,0,0,0,0,0,0,0,0,0,0,0,0,0,0,0,0,0,0,0,0,0,0,0,0,0,0,0,0,0,0,0,0,0,0
530,98981,14151323,Física - 12. ed. / 2008,0,0,0,0,0,0,0,0,0,0,0,0,0,0,0,0,0,0,0,0,0,0,0,0,0,1,0,0,0,0,0,0,0,0,0,0,0,0,0,1,0,0,0,0,0,0,0,0
530,98981,14151327,Física - 12. ed. / 2008,0,0,0,1,1,0,0,0,0,0,0,0,0,0,0,0,0,0,0,0,0,0,0,0,0,0,0,0,0,0,0,0,0,0,0,0,0,0,0,0,0,0,0,0,0,0,0,0
530,98981,14151347,Física - 12. ed. / 2008,0,0,0,1,1,0,0,0,0,0,0,0,0,0,0,0,0,0,0,0,0,0,0,0,0,0,0,0,0,0,0,0,0,0,0,0,0,0,0,0,0,0,0,0,0,0,0,0
530,98981,14151363,Física - 12. ed. / 2008,0,0,0,0,0,0,0,0,0,0,0,0,0,0,1,1,0,0,0,0,0,0,0,0,0,0,0,0,0,0,0,0,0,0,0,0,0,0,0,0,0,0,0,0,0,0,0,0
530,98981,14151394,Física - 12. ed. / 2008,0,0,0,1,1,0,0,0,0,0,0,0,0,0,0,0,0,0,0,0,0,0,0,0,0,0,0,0,0,0,0,0,0,0,0,0,0,0,0,0,0,0,0,0,0,0,0,0
530,98981,14151451,Física - 12. ed. / 2008,0,0,0,0,0,0,0,0,0,0,0,0,0,0,1,0,0,0,0,0,0,0,0,0,0,0,1,0,0,0,0,0,0,0,0,0,0,0,0,0,0,0,0,0,0,0,0,0
530,98981,14180257,Física - 12. ed. / 2008,0,0,0,0,0,0,1,0,1,0,0,0,0,0,0,0,0,0,0,0,0,0,0,0,0,0,0,0,0,0,0,0,0,0,0,0,0,0,0,0,0,0,0,0,0,0,0,0
530,98981,14180311,Física - 12. ed. / 2008,0,0,0,0,0,0,0,0,1,0,0,0,0,0,0,0,0,0,0,0,0,0,0,0,0,0,0,0,0,0,0,0,0,1,0,0,0,0,0,0,0,0,0,0,0,0,0,0
530,98981,14151343,Física - 12. ed. / 2008,0,0,0,0,0,1,0,0,0,0,0,0,0,0,0,0,0,0,0,0,0,0,0,0,0,0,0,0,0,0,0,0,0,0,0,0,0,0,0,0,0,0,0,0,0,0,0,0
530,98981,14151348,Física - 12. ed. / 2008,0,0,0,0,0,0,0,0,0,0,0,0,0,0,0,0,0,0,0,0,0,0,0,0,0,1,0,0,0,0,0,0,0,0,0,0,0,0,0,0,0,0,0,0,0,0,0,0
530,98981,14151370,Física - 12. ed. / 2008,0,0,0,0,0,0,0,0,0,0,0,0,0,0,0,0,0,0,0,0,0,0,0,0,0,0,0,0,0,0,0,0,0,0,0,0,0,0,0,1,0,0,0,0,0,0,0,0
530,98981,14151376,Física - 12. ed. / 2008,0,0,0,1,0,0,0,0,0,0,0,0,0,0,0,0,0,0,0,0,0,0,0,0,0,0,0,0,0,0,0,0,0,0,0,0,0,0,0,0,0,0,0,0,0,0,0,0
530,98981,14151389,Física - 12. ed. / 2008,0,0,1,0,0,0,0,0,0,0,0,0,0,0,0,0,0,0,0,0,0,0,0,0,0,0,0,0,0,0,0,0,0,0,0,0,0,0,0,0,0,0,0,0,0,0,0,0
530,98981,14151463,Física - 12. ed. / 2008,0,0,0,0,0,0,0,0,0,0,0,0,0,0,0,0,0,0,0,0,0,0,0,0,0,0,0,0,0,0,1,0,0,0,0,0,0,0,0,0,0,0,0,0,0,0,0,0
530,98981,14151488,Física - 12. ed. / 2008,0,0,0,0,1,0,0,0,0,0,0,0,0,0,0,0,0,0,0,0,0,0,0,0,0,0,0,0,0,0,0,0,0,0,0,0,0,0,0,0,0,0,0,0,0,0,0,0
530,98981,14180247,Física - 12. ed. / 2008,0,0,0,0,0,0,0,0,0,0,0,0,0,0,0,0,0,0,0,0,0,0,0,0,0,0,0,0,0,0,0,0,0,0,0,0,0,1,0,0,0,0,0,0,0,0,0,0
530,98981,14180288,Física - 12. ed. / 2008,0,0,0,0,0,0,0,0,0,0,0,0,0,0,0,0,0,0,0,0,0,0,0,0,0,0,0,0,0,0,0,0,0,0,0,0,1,0,0,0,0,0,0,0,0,0,0,0
530,113818,14150137,Física para cientistas e engenheiros - 6. ed. / 2009,0,0,0,1,1,1,1,1,1,1,1,0,0,0,1,1,1,1,0,0,0,0,0,0,0,1,0,0,0,0,1,0,0,0,0,0,0,0,0,0,0,0,0,0,0,0,0,0
530,113818,14150071,Física para cientistas e engenheiros - 6. ed. / 2009,0,0,1,1,1,1,2,1,1,1,1,0,0,0,1,0,0,0,0,0,0,0,0,0,0,0,0,0,0,0,0,0,0,0,0,0,0,0,0,0,0,0,0,0,0,0,0,0
530,113818,14150024,Física para cientistas e engenheiros - 6. ed. / 2009,1,0,1,1,2,1,1,1,1,1,0,0,0,0,0,0,0,0,0,0,0,0,0,0,0,0,0,0,0,0,0,0,0,0,0,0,0,0,0,0,0,0,0,0,0,0,0,0
530,113818,14150127,Física para cientistas e engenheiros - 6. ed. / 2009,0,0,1,1,1,0,0,0,0,0,1,1,0,0,0,1,1,1,0,0,0,0,0,0,0,0,0,0,0,0,0,0,0,0,0,0,0,0,0,0,0,0,0,0,0,0,0,0
530,113818,14150080,Física para cientistas e engenheiros - 6. ed. / 2009,0,0,1,1,1,1,1,1,0,0,0,0,0,0,0,0,0,0,0,0,0,0,0,0,0,1,0,0,0,0,0,0,0,0,0,0,0,0,0,0,0,0,0,0,0,0,0,0
530,113818,14150027,Física para cientistas e engenheiros - 6. ed. / 2009,1,0,0,2,1,1,1,0,0,0,0,0,0,0,0,0,0,0,0,0,0,0,0,0,0,0,0,0,0,0,0,0,0,0,0,0,0,0,0,0,0,0,0,0,0,0,0,0
530,113818,14150054,Física para cientistas e engenheiros - 6. ed. / 2009,0,0,0,0,0,0,0,0,0,0,0,0,0,0,0,0,0,0,0,0,0,0,0,0,0,0,0,0,0,0,0,0,0,0,0,0,0,0,0,0,0,0,0,0,1,2,1,2
530,113818,14150142,Física para cientistas e engenheiros - 6. ed. / 2009,0,0,0,0,1,0,0,1,1,1,1,1,0,0,0,0,0,0,0,0,0,0,0,0,0,0,0,0,0,0,0,0,0,0,0,0,0,0,0,0,0,0,0,0,0,0,0,0
530,113818,14150031,Física para cientistas e engenheiros - 6. ed. / 2009,0,0,1,0,1,1,1,0,0,0,0,0,0,0,1,0,0,0,0,0,0,0,0,0,0,0,0,0,0,0,0,0,0,0,0,0,0,0,0,0,0,0,0,0,0,0,0,0
530,113818,14150070,Física para cientistas e engenheiros - 6. ed. / 2009,0,0,1,1,1,0,0,0,0,0,0,0,0,0,0,0,0,0,0,0,0,0,0,0,0,1,1,0,0,0,0,0,0,0,0,0,0,0,0,0,0,0,0,0,0,0,0,0
530,113818,14150129,Física para cientistas e engenheiros - 6. ed. / 2009,0,0,0,0,0,0,0,0,0,0,0,0,0,0,0,0,0,0,0,0,0,0,0,0,0,0,0,0,0,0,0,0,0,0,0,0,0,0,0,1,1,1,1,0,1,0,0,0
530,113818,14150207,Física para cientistas e engenheiros - 6. ed. / 2009,0,0,0,0,0,0,0,2,1,1,1,0,0,0,0,0,0,0,0,0,0,0,0,0,0,0,0,0,0,0,0,0,0,0,0,0,0,0,0,0,0,0,0,0,0,0,0,0
530,113818,14150025,Física para cientistas e engenheiros - 6. ed. / 2009,0,0,0,0,0,0,0,0,0,0,0,0,0,0,0,0,0,0,0,0,0,0,0,0,0,0,1,0,0,0,1,1,1,0,0,0,0,0,0,0,0,0,0,0,0,0,0,0
530,113818,14150029,Física para cientistas e engenheiros - 6. ed. / 2009,0,0,1,1,1,1,0,0,0,0,0,0,0,0,0,0,0,0,0,0,0,0,0,0,0,0,0,0,0,0,0,0,0,0,0,0,0,0,0,0,0,0,0,0,0,0,0,0
530,113818,14150047,Física para cientistas e engenheiros - 6. ed. / 2009,0,0,1,1,1,1,0,0,0,0,0,0,0,0,0,0,0,0,0,0,0,0,0,0,0,0,0,0,0,0,0,0,0,0,0,0,0,0,0,0,0,0,0,0,0,0,0,0
530,113818,14150051,Física para cientistas e engenheiros - 6. ed. / 2009,0,0,2,1,0,0,1,0,0,0,0,0,0,0,0,0,0,0,0,0,0,0,0,0,0,0,0,0,0,0,0,0,0,0,0,0,0,0,0,0,0,0,0,0,0,0,0,0
530,113818,14150074,Física para cientistas e engenheiros - 6. ed. / 2009,0,0,1,1,1,1,0,0,0,0,0,0,0,0,0,0,0,0,0,0,0,0,0,0,0,0,0,0,0,0,0,0,0,0,0,0,0,0,0,0,0,0,0,0,0,0,0,0
530,113818,14150096,Física para cientistas e engenheiros - 6. ed. / 2009,0,0,1,1,1,1,0,0,0,0,0,0,0,0,0,0,0,0,0,0,0,0,0,0,0,0,0,0,0,0,0,0,0,0,0,0,0,0,0,0,0,0,0,0,0,0,0,0
530,113818,14150098,Física para cientistas e engenheiros - 6. ed. / 2009,0,0,0,1,1,0,0,0,0,0,0,0,0,0,1,1,0,0,0,0,0,0,0,0,0,0,0,0,0,0,0,0,0,0,0,0,0,0,0,0,0,0,0,0,0,0,0,0
530,113818,14150106,Física para cientistas e engenheiros - 6. ed. / 2009,0,0,0,2,1,1,0,0,0,0,0,0,0,0,0,0,0,0,0,0,0,0,0,0,0,0,0,0,0,0,0,0,0,0,0,0,0,0,0,0,0,0,0,0,0,0,0,0
530,113818,14150226,Física para cientistas e engenheiros - 6. ed. / 2009,0,0,0,0,0,0,0,0,0,0,0,0,0,0,0,0,0,0,0,0,0,0,0,0,0,0,0,0,0,0,0,0,0,0,0,0,0,0,0,2,0,1,1,0,0,0,0,0
530,113818,14150252,Física para cientistas e engenheiros - 6. ed. / 2009,0,0,0,1,1,1,1,0,0,0,0,0,0,0,0,0,0,0,0,0,0,0,0,0,0,0,0,0,0,0,0,0,0,0,0,0,0,0,0,0,0,0,0,0,0,0,0,0
530,113818,14150028,Física para cientistas e engenheiros - 6. ed. / 2009,0,0,1,1,1,0,0,0,0,0,0,0,0,0,0,0,0,0,0,0,0,0,0,0,0,0,0,0,0,0,0,0,0,0,0,0,0,0,0,0,0,0,0,0,0,0,0,0
530,113818,14150065,Física para cientistas e engenheiros - 6. ed. / 2009,0,0,1,1,1,0,0,0,0,0,0,0,0,0,0,0,0,0,0,0,0,0,0,0,0,0,0,0,0,0,0,0,0,0,0,0,0,0,0,0,0,0,0,0,0,0,0,0
530,113818,14150068,Física para cientistas e engenheiros - 6. ed. / 2009,0,0,0,0,0,0,0,0,0,0,0,0,0,0,0,0,0,0,0,0,0,0,0,0,0,0,0,0,0,0,0,0,0,0,0,0,0,0,0,1,1,1,0,0,0,0,0,0
530,113818,14150087,Física para cientistas e engenheiros - 6. ed. / 2009,0,0,0,1,1,1,0,0,0,0,0,0,0,0,0,0,0,0,0,0,0,0,0,0,0,0,0,0,0,0,0,0,0,0,0,0,0,0,0,0,0,0,0,0,0,0,0,0
530,113818,14150120,Física para cientistas e engenheiros - 6. ed. / 2009,0,0,0,0,0,0,0,0,0,0,0,0,0,0,0,0,0,0,0,0,0,0,0,0,0,0,0,0,0,0,0,0,0,0,0,0,0,0,0,0,0,0,0,0,1,1,1,0
530,113818,14150144,Física para cientistas e engenheiros - 6. ed. / 2009,1,1,1,0,0,0,0,0,0,0,0,0,0,0,0,0,0,0,0,0,0,0,0,0,0,0,0,0,0,0,0,0,0,0,0,0,0,0,0,0,0,0,0,0,0,0,0,0
530,113818,14150022,Física para cientistas e engenheiros - 6. ed. / 2009,0,0,1,1,0,0,0,0,0,0,0,0,0,0,0,0,0,0,0,0,0,0,0,0,0,0,0,0,0,0,0,0,0,0,0,0,0,0,0,0,0,0,0,0,0,0,0,0
530,113818,14150059,Física para cientistas e engenheiros - 6. ed. / 2009,0,0,1,1,0,0,0,0,0,0,0,0,0,0,0,0,0,0,0,0,0,0,0,0,0,0,0,0,0,0,0,0,0,0,0,0,0,0,0,0,0,0,0,0,0,0,0,0
530,113818,14150060,Física para cientistas e engenheiros - 6. ed. / 2009,0,0,1,0,0,0,0,0,0,0,0,0,0,0,0,0,0,0,0,0,0,0,0,0,0,0,0,0,0,0,0,0,0,0,0,0,0,0,0,1,0,0,0,0,0,0,0,0
530,113818,14150066,Física para cientistas e engenheiros - 6. ed. / 2009,0,0,0,2,0,0,0,0,0,0,0,0,0,0,0,0,0,0,0,0,0,0,0,0,0,0,0,0,0,0,0,0,0,0,0,0,0,0,0,0,0,0,0,0,0,0,0,0
530,113818,14150088,Física para cientistas e engenheiros - 6. ed. / 2009,1,0,1,0,0,0,0,0,0,0,0,0,0,0,0,0,0,0,0,0,0,0,0,0,0,0,0,0,0,0,0,0,0,0,0,0,0,0,0,0,0,0,0,0,0,0,0,0
530,113818,14150090,Física para cientistas e engenheiros - 6. ed. / 2009,0,0,0,0,0,0,0,0,0,0,0,0,0,0,0,0,0,0,0,0,0,0,0,0,0,0,0,0,0,0,0,0,0,0,0,0,0,0,0,2,0,0,0,0,0,0,0,0
530,113818,14150094,Física para cientistas e engenheiros - 6. ed. / 2009,0,0,1,0,0,0,0,0,0,0,0,0,0,0,0,1,0,0,0,0,0,0,0,0,0,0,0,0,0,0,0,0,0,0,0,0,0,0,0,0,0,0,0,0,0,0,0,0
530,113818,14150110,Física para cientistas e engenheiros - 6. ed. / 2009,0,0,0,0,0,0,0,0,0,0,0,0,0,0,0,0,0,0,0,0,0,0,0,0,0,0,0,0,0,0,0,1,1,0,0,0,0,0,0,0,0,0,0,0,0,0,0,0
530,113818,14150121,Física para cientistas e engenheiros - 6. ed. / 2009,0,0,0,0,0,1,1,0,0,0,0,0,0,0,0,0,0,0,0,0,0,0,0,0,0,0,0,0,0,0,0,0,0,0,0,0,0,0,0,0,0,0,0,0,0,0,0,0
530,113818,14150143,Física para cientistas e engenheiros - 6. ed. / 2009,0,0,0,0,0,0,0,0,0,0,0,0,0,0,1,1,0,0,0,0,0,0,0,0,0,0,0,0,0,0,0,0,0,0,0,0,0,0,0,0,0,0,0,0,0,0,0,0
530,113818,14150163,Física para cientistas e engenheiros - 6. ed. / 2009,0,0,0,0,0,0,0,1,1,0,0,0,0,0,0,0,0,0,0,0,0,0,0,0,0,0,0,0,0,0,0,0,0,0,0,0,0,0,0,0,0,0,0,0,0,0,0,0
530,113818,14150179,Física para cientistas e engenheiros - 6. ed. / 2009,0,0,0,0,0,0,0,0,0,0,0,0,0,0,1,1,0,0,0,0,0,0,0,0,0,0,0,0,0,0,0,0,0,0,0,0,0,0,0,0,0,0,0,0,0,0,0,0
530,113818,14150234,Física para cientistas e engenheiros - 6. ed. / 2009,0,0,0,0,0,0,0,0,0,0,0,0,0,0,1,1,0,0,0,0,0,0,0,0,0,0,0,0,0,0,0,0,0,0,0,0,0,0,0,0,0,0,0,0,0,0,0,0
530,113818,14150039,Física para cientistas e engenheiros - 6. ed. / 2009,0,0,1,0,0,0,0,0,0,0,0,0,0,0,0,0,0,0,0,0,0,0,0,0,0,0,0,0,0,0,0,0,0,0,0,0,0,0,0,0,0,0,0,0,0,0,0,0
530,113818,14150041,Física para cientistas e engenheiros - 6. ed. / 2009,0,0,1,0,0,0,0,0,0,0,0,0,0,0,0,0,0,0,0,0,0,0,0,0,0,0,0,0,0,0,0,0,0,0,0,0,0,0,0,0,0,0,0,0,0,0,0,0
530,113818,14150055,Física para cientistas e engenheiros - 6. ed. / 2009,0,0,1,0,0,0,0,0,0,0,0,0,0,0,0,0,0,0,0,0,0,0,0,0,0,0,0,0,0,0,0,0,0,0,0,0,0,0,0,0,0,0,0,0,0,0,0,0
530,113818,14150056,Física para cientistas e engenheiros - 6. ed. / 2009,0,0,1,0,0,0,0,0,0,0,0,0,0,0,0,0,0,0,0,0,0,0,0,0,0,0,0,0,0,0,0,0,0,0,0,0,0,0,0,0,0,0,0,0,0,0,0,0
530,113818,14150064,Física para cientistas e engenheiros - 6. ed. / 2009,0,0,1,0,0,0,0,0,0,0,0,0,0,0,0,0,0,0,0,0,0,0,0,0,0,0,0,0,0,0,0,0,0,0,0,0,0,0,0,0,0,0,0,0,0,0,0,0
530,113818,14150082,Física para cientistas e engenheiros - 6. ed. / 2009,0,0,1,0,0,0,0,0,0,0,0,0,0,0,0,0,0,0,0,0,0,0,0,0,0,0,0,0,0,0,0,0,0,0,0,0,0,0,0,0,0,0,0,0,0,0,0,0
530,113818,14150103,Física para cientistas e engenheiros - 6. ed. / 2009,0,0,0,0,1,0,0,0,0,0,0,0,0,0,0,0,0,0,0,0,0,0,0,0,0,0,0,0,0,0,0,0,0,0,0,0,0,0,0,0,0,0,0,0,0,0,0,0
530,113818,14150105,Física para cientistas e engenheiros - 6. ed. / 2009,0,0,1,0,0,0,0,0,0,0,0,0,0,0,0,0,0,0,0,0,0,0,0,0,0,0,0,0,0,0,0,0,0,0,0,0,0,0,0,0,0,0,0,0,0,0,0,0
530,113818,14150109,Física para cientistas e engenheiros - 6. ed. / 2009,0,0,1,0,0,0,0,0,0,0,0,0,0,0,0,0,0,0,0,0,0,0,0,0,0,0,0,0,0,0,0,0,0,0,0,0,0,0,0,0,0,0,0,0,0,0,0,0
530,113818,14150114,Física para cientistas e engenheiros - 6. ed. / 2009,0,0,0,0,0,0,0,0,0,0,0,0,0,0,0,0,0,0,0,0,0,0,0,0,0,0,0,0,0,0,0,0,0,0,0,0,0,0,0,1,0,0,0,0,0,0,0,0
530,113818,14150126,Física para cientistas e engenheiros - 6. ed. / 2009,0,0,0,0,0,0,0,0,0,0,0,0,0,0,0,0,0,0,0,0,0,0,0,0,0,0,0,0,0,0,0,0,0,0,0,0,0,0,0,1,0,0,0,0,0,0,0,0
530,113818,14150131,Física para cientistas e engenheiros - 6. ed. / 2009,0,0,0,0,0,0,0,0,0,0,0,0,0,0,0,0,0,0,0,0,0,0,0,0,0,0,0,0,0,0,0,0,0,0,0,0,0,0,0,1,0,0,0,0,0,0,0,0
530,113818,14150134,Física para cientistas e engenheiros - 6. ed. / 2009,0,0,1,0,0,0,0,0,0,0,0,0,0,0,0,0,0,0,0,0,0,0,0,0,0,0,0,0,0,0,0,0,0,0,0,0,0,0,0,0,0,0,0,0,0,0,0,0
530,113818,14150140,Física para cientistas e engenheiros - 6. ed. / 2009,0,0,0,0,0,0,0,0,0,0,0,0,0,0,0,0,0,0,0,0,0,0,0,0,0,0,0,0,0,0,0,0,0,0,0,0,0,0,0,1,0,0,0,0,0,0,0,0
530,113818,14150205,Física para cientistas e engenheiros - 6. ed. / 2009,1,0,0,0,0,0,0,0,0,0,0,0,0,0,0,0,0,0,0,0,0,0,0,0,0,0,0,0,0,0,0,0,0,0,0,0,0,0,0,0,0,0,0,0,0,0,0,0
530,113818,14150209,Física para cientistas e engenheiros - 6. ed. / 2009,0,0,1,0,0,0,0,0,0,0,0,0,0,0,0,0,0,0,0,0,0,0,0,0,0,0,0,0,0,0,0,0,0,0,0,0,0,0,0,0,0,0,0,0,0,0,0,0
530,132455,14151682,Fundamentos de física - 9. ed. / 2012,0,0,0,1,1,1,1,1,1,1,1,1,0,0,1,1,1,0,0,0,0,0,0,0,0,1,1,0,0,0,1,1,0,1,1,0,0,0,0,2,1,2,1,0,0,0,0,0
530,132455,14151777,Fundamentos de física - 9. ed. / 2012,0,0,1,1,1,1,0,1,1,1,0,0,0,1,1,2,1,1,0,1,2,1,1,0,0,0,1,0,0,0,0,0,0,0,0,0,0,0,0,1,1,0,0,0,0,0,0,0
530,132455,14151727,Fundamentos de física - 9. ed. / 2012,0,0,0,0,0,0,2,1,1,1,1,0,0,0,1,1,1,1,1,1,0,0,0,0,0,0,1,0,0,0,0,0,0,0,0,0,0,0,0,2,1,1,1,0,1,0,0,0
530,132455,14151701,Fundamentos de física - 9. ed. / 2012,0,0,0,1,3,2,2,1,0,0,0,0,0,0,1,1,1,1,0,1,0,0,0,0,0,0,0,0,0,0,1,1,0,0,0,0,0,0,0,1,0,1,0,0,0,0,0,0
530,132455,14151745,Fundamentos de física - 9. ed. / 2012,0,0,0,0,0,1,2,1,0,0,0,0,0,0,1,1,1,1,1,1,0,0,0,0,0,0,0,0,0,0,0,0,0,0,0,0,0,0,0,5,1,1,1,0,0,0,0,0
530,132455,14151771,Fundamentos de física - 9. ed. / 2012,1,1,1,0,1,0,0,0,0,0,0,0,0,0,1,1,1,1,1,1,1,1,0,0,0,0,1,0,0,0,2,1,0,0,0,0,0,0,0,1,1,0,0,0,0,0,0,0
530,132455,14151788,Fundamentos de física - 9. ed. / 2012,0,0,1,0,2,0,0,0,0,0,0,0,0,0,1,1,1,1,0,2,1,1,1,1,0,0,1,0,0,0,0,1,1,0,0,0,0,0,1,1,0,0,0,0,0,0,0,0
530,132455,14151705,Fundamentos de física - 9. ed. / 2012,0,0,0,0,0,0,2,1,1,1,1,0,0,0,1,1,1,0,0,0,0,0,0,0,0,0,0,0,0,0,0,0,0,0,0,0,0,0,0,1,1,1,2,0,1,1,1,0
530,132455,14151732,Fundamentos de física - 9. ed. / 2012,0,0,0,1,2,1,1,0,0,0,0,0,0,0,0,0,0,0,0,0,0,0,0,0,0,1,0,1,0,0,1,1,1,1,1,1,1,1,0,2,0,0,0,0,0,0,0,0
530,132455,14151724,Fundamentos de física - 9. ed. / 2012,0,0,1,1,0,0,0,0,0,0,0,0,0,0,1,1,2,1,0,1,1,0,0,0,0,0,1,0,0,0,1,1,0,0,0,0,0,0,0,1,1,0,2,0,0,0,0,0
530,132455,14151675,Fundamentos de física - 9. ed. / 2012,0,0,0,1,1,1,1,1,0,0,0,0,0,0,0,0,0,0,1,0,0,0,0,0,0,0,1,1,0,0,1,2,0,1,0,0,0,0,0,1,1,1,0,0,0,0,0,0
530,132455,14151723,Fundamentos de física - 9. ed. / 2012,1,0,1,1,1,1,1,1,0,0,0,0,0,0,1,1,0,0,0,0,0,0,0,0,0,0,1,1,1,1,0,1,0,0,0,0,0,0,0,1,0,0,0,0,0,0,0,0
530,132455,14151748,Fundamentos de física - 9. ed. / 2012,0,0,0,0,0,0,0,0,0,0,0,0,0,0,1,1,1,1,1,1,1,1,0,0,0,1,0,1,0,0,1,1,0,0,0,0,0,0,0,1,1,0,1,0,0,0,0,0
530,132455,14151779,Fundamentos de física - 9. ed. / 2012,0,0,0,1,1,1,1,1,1,1,0,0,0,0,1,0,1,1,1,1,0,0,0,0,0,1,2,0,0,0,0,0,0,0,0,0,0,0,0,0,0,0,0,0,0,0,0,0
530,132455,14151798,Fundamentos de física - 9. ed. / 2012,0,0,0,0,0,0,0,1,1,1,1,1,0,0,0,0,0,0,0,1,1,1,1,0,0,0,0,0,0,0,0,0,0,0,0,0,0,0,0,0,0,0,0,0,1,2,1,2
530,132455,14151801,Fundamentos de física - 9. ed. / 2012,0,0,0,0,0,0,0,1,1,2,1,0,0,0,0,0,0,0,0,1,1,1,2,0,0,0,0,0,0,0,0,0,0,0,2,1,0,0,0,0,0,0,0,0,2,0,0,0
530,132455,14151851,Fundamentos de física - 9. ed. / 2012,0,0,0,0,0,0,0,0,0,0,0,0,0,0,0,0,0,0,0,0,0,0,0,0,0,0,0,0,0,0,0,0,0,0,1,2,1,1,0,3,1,1,2,0,1,1,1,0
530,132455,14151690,Fundamentos de física - 9. ed. / 2012,0,0,0,0,0,0,2,1,0,0,0,0,0,0,1,1,1,1,1,1,0,0,0,0,0,0,2,0,0,0,0,1,0,0,0,0,0,0,0,2,0,0,0,0,0,0,0,0
530,132455,14151700,Fundamentos de física - 9. ed. / 2012,0,0,0,1,2,1,0,0,0,0,0,0,0,0,1,1,1,1,0,1,1,1,0,0,0,1,0,0,0,0,1,0,0,0,0,0,0,0,0,0,0,0,1,0,0,0,0,0
530,132455,14151747,Fundamentos de física - 9. ed. / 2012,0,0,1,1,1,1,0,1,1,1,0,0,0,0,1,1,2,1,0,1,1,0,0,0,0,0,0,0,0,0,0,0,0,0,0,0,0,0,0,0,0,0,0,0,0,0,0,0
530,132455,14151767,Fundamentos de física - 9. ed. / 2012,0,0,0,0,0,0,0,0,0,0,0,0,0,0,1,2,1,1,0,1,1,1,2,0,0,1,0,0,0,0,1,1,0,0,0,0,0,0,0,1,0,0,0,0,0,0,0,0
530,132455,14151796,Fundamentos de física - 9. ed. / 2012,0,1,1,1,1,0,1,1,1,1,1,1,0,0,0,0,0,0,0,0,1,1,1,1,0,0,0,0,0,0,0,0,0,0,0,0,0,0,0,0,0,0,0,0,0,0,0,0
530,132455,14151693,Fundamentos de física - 9. ed. / 2012,0,0,0,0,1,1,1,1,1,1,1,1,0,0,1,1,1,1,0,1,0,0,0,0,0,0,0,0,0,0,0,0,0,0,0,0,0,0,0,0,0,0,0,0,0,0,0,0
530,132455,14151696,Fundamentos de física - 9. ed. / 2012,0,0,1,1,0,1,1,1,0,0,0,0,0,0,1,1,0,0,0,0,0,0,0,0,0,1,1,0,0,0,1,0,0,0,0,0,0,0,1,1,0,0,1,0,0,0,0,0
530,132455,14151720,Fundamentos de física - 9. ed. / 2012,0,0,2,0,0,0,0,0,0,0,0,0,0,0,1,1,0,0,0,0,0,0,0,0,0,1,0,1,0,0,0,1,1,1,0,0,0,0,0,1,1,1,1,0,0,0,0,0
530,132455,14151725,Fundamentos de física - 9. ed. / 2012,0,0,0,0,0,0,0,0,0,0,0,0,0,0,1,1,1,1,0,1,1,1,1,1,0,0,1,0,1,1,0,0,0,0,0,0,0,0,0,1,0,0,0,0,0,0,0,0
530,132455,14151750,Fundamentos de física - 9. ed. / 2012,0,0,1,1,0,0,0,0,0,1,1,2,0,0,2,1,0,0,0,0,0,0,0,0,0,0,0,0,0,0,0,0,0,0,0,0,0,0,0,2,1,1,0,0,0,0,0,0
530,132455,14151765,Fundamentos de física - 9. ed. / 2012,0,0,1,0,0,2,1,1,0,0,0,0,0,0,0,1,1,0,0,0,0,0,0,0,0,0,1,0,0,0,0,0,0,0,0,0,0,0,0,2,0,1,1,0,1,0,0,0
530,132455,14151774,Fundamentos de física - 9. ed. / 2012,0,0,0,2,1,2,2,0,0,0,0,0,0,0,0,0,0,1,0,0,0,0,0,0,0,0,1,0,0,0,0,0,1,0,0,0,0,1,0,1,0,0,1,0,0,0,0,0
530,132455,14151784,Fundamentos de física - 9. ed. / 2012,2,0,2,1,1,1,1,0,0,0,0,0,0,0,0,1,1,1,0,0,0,0,0,0,0,0,0,0,0,0,0,0,0,0,0,0,0,0,0,2,0,0,0,0,0,0,0,0
530,132455,14151790,Fundamentos de física - 9. ed. / 2012,0,0,1,1,1,1,1,1,1,1,1,0,0,0,1,1,1,0,0,0,0,0,0,0,0,0,1,0,0,0,0,0,0,0,0,0,0,0,0,0,0,0,0,0,0,0,0,0
530,132455,14151792,Fundamentos de física - 9. ed. / 2012,0,0,1,0,1,0,0,0,0,0,0,0,0,0,1,1,1,0,0,0,0,0,0,0,0,0,1,1,0,0,0,1,0,0,0,0,0,0,0,1,1,1,1,0,1,0,0,0
530,132455,14151679,Fundamentos de física - 9. ed. / 2012,0,0,0,0,1,1,0,1,0,0,0,0,0,0,1,1,1,0,1,0,0,0,0,0,0,1,0,0,0,0,0,0,1,0,0,0,0,0,0,2,0,1,0,0,0,0,0,0
530,132455,14151685,Fundamentos de física - 9. ed. / 2012,0,0,1,1,1,1,1,1,1,1,1,1,0,0,1,1,0,0,0,0,0,0,0,0,0,0,0,0,0,0,0,0,0,0,0,0,0,0,0,0,0,0,0,0,0,0,0,0
530,132455,14151704,Fundamentos de física - 9. ed. / 2012,1,0,1,1,1,1,1,0,0,0,0,0,0,0,1,1,2,1,0,1,0,0,0,0,0,0,0,0,0,0,0,0,0,0,0,0,0,0,0,0,0,0,0,0,0,0,0,0
530,132455,14151735,Fundamentos de física - 9. ed. / 2012,0,0,2,0,0,1,0,0,0,0,0,0,0,0,1,1,1,0,0,0,0,0,0,0,0,0,1,0,0,0,0,2,1,0,0,0,0,0,0,1,1,0,0,0,0,0,0,0
530,132455,14151716,Fundamentos de física - 9. ed. / 2012,0,0,0,0,0,0,0,0,0,0,0,0,0,0,1,1,1,0,0,0,0,0,0,0,0,1,1,0,0,0,1,1,0,0,0,0,0,0,0,1,1,1,1,0,0,0,0,0
530,132455,14151717,Fundamentos de física - 9. ed. / 2012,0,0,1,0,0,0,0,1,0,0,0,0,0,0,1,0,0,0,0,0,0,0,0,0,0,1,0,2,0,1,1,0,0,0,0,0,0,0,0,2,0,0,1,0,0,0,0,0
530,132455,14151734,Fundamentos de física - 9. ed. / 2012,0,0,0,0,0,0,0,0,0,0,0,0,0,0,0,0,0,0,0,0,0,0,0,0,0,1,1,0,0,0,0,2,0,0,0,0,0,0,0,1,1,2,1,1,1,0,0,0
530,132455,14151743,Fundamentos de física - 9. ed. / 2012,0,0,0,0,0,0,0,0,0,0,0,0,0,0,0,2,1,1,0,1,0,0,0,0,0,0,1,1,0,1,0,0,0,0,0,0,0,0,0,1,0,1,1,0,0,0,0,0
530,132455,14151780,Fundamentos de física - 9. ed. / 2012,0,0,1,0,0,1,1,1,0,0,0,0,0,0,1,0,0,0,2,1,0,0,0,0,0,1,0,0,0,0,0,1,0,0,0,0,0,0,0,1,0,0,0,0,0,0,0,0
530,132455,14151783,Fundamentos de física - 9. ed. / 2012,0,0,1,2,1,1,1,2,0,0,0,0,0,0,1,0,0,0,0,1,0,0,0,0,0,0,0,0,0,0,0,0,0,0,0,0,0,0,0,0,0,0,0,0,1,0,0,0
530,132455,14151736,Fundamentos de física - 9. ed. / 2012,0,0,1,1,0,0,0,0,0,0,0,0,0,0,1,1,0,0,0,0,0,0,0,0,0,0,0,0,0,0,0,0,0,0,0,0,0,0,0,1,2,1,2,0,0,0,0,0
530,132455,14151746,Fundamentos de física - 9. ed. / 2012,0,0,0,0,0,0,0,0,0,0,0,0,0,0,1,0,0,0,0,0,0,0,0,0,0,1,0,0,0,0,0,0,0,0,0,0,0,0,1,1,0,1,1,0,1,1,1,1
530,132455,14151755,Fundamentos de física - 9. ed. / 2012,0,0,0,1,1,1,1,1,0,0,0,0,0,0,1,1,1,1,1,0,0,0,0,0,0,0,0,0,0,0,0,0,0,0,0,0,0,0,0,0,0,0,0,0,0,0,0,0
530,132455,14151800,Fundamentos de física - 9. ed. / 2012,0,0,0,0,0,0,0,0,0,0,0,0,0,0,0,0,0,0,0,0,0,0,0,0,0,0,0,0,0,0,0,0,0,0,2,1,1,1,0,2,0,0,0,0,0,0,2,1
530,132455,14151829,Fundamentos de física - 9. ed. / 2012,0,0,0,0,0,0,0,1,1,1,1,1,0,0,0,0,0,0,0,0,0,0,0,0,0,0,0,0,0,0,0,0,0,1,1,1,1,0,0,0,0,0,0,0,0,1,0,0
530,132455,14151847,Fundamentos de física - 9. ed. / 2012,0,0,0,0,0,0,0,1,1,1,2,0,0,0,0,0,0,0,0,1,1,1,1,0,0,0,0,0,0,0,0,0,0,0,0,0,0,0,0,0,0,0,0,0,0,1,0,0
530,132455,14151870,Fundamentos de física - 9. ed. / 2012,1,0,1,1,2,1,1,2,0,1,0,0,0,0,0,0,0,0,0,0,0,0,0,0,0,0,0,0,0,0,0,0,0,0,0,0,0,0,0,0,0,0,0,0,0,0,0,0
530,132455,14151879,Fundamentos de física - 9. ed. / 2012,1,1,1,2,1,0,0,1,1,1,1,0,0,0,0,0,0,0,0,0,0,0,0,0,0,0,0,0,0,0,0,0,0,0,0,0,0,0,0,0,0,0,0,0,0,0,0,0
530,132455,14151892,Fundamentos de física - 9. ed. / 2012,0,0,0,0,0,0,0,1,1,1,0,0,0,0,0,0,0,0,0,1,2,1,1,0,0,0,1,0,0,0,0,0,0,1,0,0,0,0,0,0,0,0,0,0,0,0,0,0
530,132455,14151683,Fundamentos de física - 9. ed. / 2012,0,0,0,1,1,1,1,0,0,0,0,0,0,0,1,1,0,1,0,0,0,0,0,0,0,1,1,0,0,0,0,0,0,0,0,0,0,0,0,0,0,0,0,0,0,0,0,0
530,132455,14151695,Fundamentos de física - 9. ed. / 2012,0,0,2,0,1,1,1,1,0,0,0,0,0,0,0,0,0,0,0,0,0,0,0,0,0,1,0,0,0,0,0,0,0,0,0,0,0,0,0,1,1,0,0,0,0,0,0,0
530,132455,14151718,Fundamentos de física - 9. ed. / 2012,0,0,1,0,1,0,0,0,0,0,0,0,0,0,1,1,1,0,0,0,0,0,0,0,0,1,0,0,0,0,0,1,0,0,0,0,0,0,0,2,0,0,0,0,0,0,0,0
530,132455,14151721,Fundamentos de física - 9. ed. / 2012,0,0,1,1,0,1,0,0,0,0,0,0,0,0,1,1,2,1,0,1,0,0,0,0,0,0,0,0,0,0,0,0,0,0,0,0,0,0,0,0,0,0,0,0,0,0,0,0
530,132455,14151737,Fundamentos de física - 9. ed. / 2012,1,1,1,0,0,0,0,0,0,0,0,0,0,0,0,2,1,1,0,1,1,0,0,0,0,0,0,0,0,0,0,0,0,0,0,0,0,0,0,0,0,0,0,0,0,0,0,0
530,132455,14151741,Fundamentos de física - 9. ed. / 2012,0,0,0,0,1,1,0,1,1,0,0,0,0,0,1,1,1,0,0,0,0,0,0,0,0,0,0,0,0,0,0,0,0,0,0,0,0,0,0,1,0,0,0,0,1,0,0,0
530,132455,14151762,Fundamentos de física - 9. ed. / 2012,0,0,1,0,2,1,1,1,0,0,0,0,0,0,1,0,0,0,0,0,0,0,0,0,0,1,0,0,0,0,0,0,0,0,0,0,0,0,0,1,0,0,0,0,0,0,0,0
530,132455,14151768,Fundamentos de física - 9. ed. / 2012,0,0,0,0,0,1,1,1,0,0,0,0,0,0,1,1,0,1,1,1,1,0,0,0,0,0,0,0,0,0,0,0,0,0,0,0,0,0,0,0,0,0,0,0,0,0,0,0
530,132455,14151773,Fundamentos de física - 9. ed. / 2012,0,0,1,1,1,1,1,1,0,0,0,0,0,0,0,1,0,0,0,0,0,0,0,0,0,0,0,0,0,0,0,0,0,0,0,0,0,0,0,0,0,2,0,0,0,0,0,0
530,132455,14151778,Fundamentos de física - 9. ed. / 2012,0,0,0,1,0,0,0,0,0,0,0,0,0,0,1,1,1,0,0,0,0,0,0,0,0,1,1,0,0,0,0,1,1,1,0,0,0,0,0,0,0,0,0,0,0,0,0,0
530,132455,14151799,Fundamentos de física - 9. ed. / 2012,0,0,0,0,0,0,0,1,1,1,1,0,0,0,0,0,0,0,0,0,0,0,0,0,0,0,0,0,0,0,0,0,0,0,2,1,1,0,0,0,0,0,0,0,0,0,1,0
530,132455,14151845,Fundamentos de física - 9. ed. / 2012,1,0,0,0,0,0,0,1,1,1,1,0,0,0,0,0,0,0,0,0,1,0,2,0,0,0,0,0,0,0,0,0,0,0,1,0,0,0,0,0,0,0,0,0,0,0,0,0
530,132455,14151897,Fundamentos de física - 9. ed. / 2012,0,0,0,0,0,0,0,1,1,1,1,1,0,0,0,0,0,0,0,1,0,2,1,0,0,0,0,0,0,0,0,0,0,0,0,0,0,0,0,0,0,0,0,0,0,0,0,0
530,132455,14151786,Fundamentos de física - 9. ed. / 2012,2,0,0,4,1,1,0,0,0,0,0,0,0,0,0,0,0,0,0,0,0,0,0,0,0,0,0,0,0,0,0,0,0,0,0,0,0,0,0,0,0,0,0,0,0,0,0,0
530,132455,14151791,Fundamentos de física - 9. ed. / 2012,0,0,0,1,1,1,1,0,0,0,0,0,0,0,0,0,0,0,0,1,0,0,0,0,0,0,2,0,0,0,0,1,0,0,0,0,0,0,0,0,0,0,0,0,0,0,0,0
530,132455,14151793,Fundamentos de física - 9. ed. / 2012,0,0,1,1,1,1,0,0,0,0,0,0,0,0,0,0,0,0,0,0,0,0,0,0,0,1,1,0,0,0,0,1,0,0,0,0,0,0,0,1,0,0,0,0,0,0,0,0
530,132455,14151795,Fundamentos de física - 9. ed. / 2012,0,0,0,0,0,0,0,0,1,0,0,0,0,0,0,0,0,0,0,0,0,0,0,0,0,0,0,0,0,0,0,0,0,0,1,1,1,0,0,0,0,0,1,0,1,1,1,0
530,132455,14151810,Fundamentos de física - 9. ed. / 2012,0,0,0,0,0,0,0,2,1,1,1,0,0,0,0,0,0,0,0,1,1,1,0,0,0,0,0,0,0,0,0,0,0,0,0,0,0,0,0,0,0,0,0,0,0,0,0,0
530,132455,14151874,Fundamentos de física - 9. ed. / 2012,0,0,0,0,0,0,0,1,1,1,1,0,0,0,0,0,0,1,0,0,1,1,1,0,0,0,0,0,0,0,0,0,0,0,0,0,0,0,0,0,0,0,0,0,0,0,0,0
530,132455,14151883,Fundamentos de física - 9. ed. / 2012,0,0,0,0,0,0,0,1,2,0,0,1,0,0,0,0,0,0,0,0,2,1,1,0,0,0,0,0,0,0,0,0,0,0,0,0,0,0,0,0,0,0,0,0,0,0,0,0
530,132455,14151884,Fundamentos de física - 9. ed. / 2012,0,0,0,0,0,0,0,1,1,1,1,0,0,0,0,0,0,0,0,1,0,1,1,0,0,1,0,0,0,0,0,0,0,0,0,0,0,0,0,0,0,0,0,0,0,0,0,0
530,132455,14151901,Fundamentos de física - 9. ed. / 2012,0,0,0,0,0,0,0,0,0,0,0,0,0,0,0,0,0,1,0,0,0,0,0,0,0,0,0,0,0,0,0,0,0,0,1,1,1,1,0,1,0,0,0,0,0,1,1,0
530,132455,14151904,Fundamentos de física - 9. ed. / 2012,0,0,0,0,0,0,0,0,0,0,0,0,0,0,0,0,0,0,0,0,0,0,0,0,0,0,0,0,0,0,0,0,0,0,2,1,0,0,0,0,0,0,0,0,0,2,1,2
530,132455,14151674,Fundamentos de física - 9. ed. / 2012,0,0,0,0,0,0,0,0,0,0,0,0,0,0,0,0,0,0,0,0,0,0,0,0,0,0,0,0,0,0,0,0,0,0,0,0,0,0,0,1,1,1,0,0,1,1,1,1
530,132455,14151689,Fundamentos de física - 9. ed. / 2012,0,0,1,1,2,0,1,0,0,0,0,0,0,0,0,0,0,0,0,0,0,0,0,0,0,1,1,0,0,0,0,0,0,0,0,0,0,0,0,0,0,0,0,0,0,0,0,0
530,132455,14151692,Fundamentos de física - 9. ed. / 2012,0,0,1,0,0,0,0,0,0,0,0,0,0,0,1,1,1,0,0,0,0,0,0,0,0,1,1,0,0,0,0,1,0,0,0,0,0,0,0,0,0,0,0,0,0,0,0,0
530,132455,14151707,Fundamentos de física - 9. ed. / 2012,0,0,1,0,1,1,1,1,1,1,0,0,0,0,0,0,0,0,0,0,0,0,0,0,0,0,0,0,0,0,0,0,0,0,0,0,0,0,0,0,0,0,0,0,0,0,0,0
530,132455,14151740,Fundamentos de física - 9. ed. / 2012,0,0,0,1,0,0,0,0,0,0,0,0,0,0,0,0,0,0,0,0,0,0,0,0,0,0,2,0,0,0,1,1,1,1,0,0,0,0,0,0,0,0,0,0,0,0,0,0
530,132455,14151749,Fundamentos de física - 9. ed. / 2012,0,0,0,0,0,0,0,0,0,0,0,0,0,0,0,0,0,0,0,0,0,0,0,0,0,0,0,0,0,0,1,1,1,1,1,0,0,0,0,1,1,0,0,0,0,0,0,0
530,132455,14151805,Fundamentos de física - 9. ed. / 2012,1,0,0,0,0,0,0,0,0,0,0,0,0,0,0,0,0,0,0,0,0,0,0,0,0,0,0,0,0,0,0,0,0,0,2,2,1,1,0,0,0,0,0,0,0,0,0,0
530,132455,14151807,Fundamentos de física - 9. ed. / 2012,0,0,0,0,0,0,0,0,2,1,0,0,0,0,0,0,0,0,0,1,1,0,1,1,0,0,0,0,0,0,0,0,0,0,0,0,0,0,0,0,0,0,0,0,0,0,0,0
530,132455,14151809,Fundamentos de física - 9. ed. / 2012,0,0,0,0,0,0,0,1,1,1,0,0,0,0,0,0,0,0,0,0,2,0,0,0,0,0,0,0,0,0,0,0,0,0,0,0,2,0,0,0,0,0,0,0,0,0,0,0
530,132455,14151816,Fundamentos de física - 9. ed. / 2012,1,0,1,0,0,0,0,1,1,1,1,0,0,0,0,0,0,0,0,0,0,0,0,0,0,0,0,0,0,0,0,0,0,0,0,0,0,0,0,0,0,0,0,0,0,1,0,0
530,132455,14151862,Fundamentos de física - 9. ed. / 2012,0,0,0,0,0,0,0,0,0,0,0,0,0,0,0,0,0,0,0,0,0,0,0,0,0,0,0,0,0,0,0,0,0,0,2,1,1,0,0,0,0,0,0,0,0,2,1,0
530,132455,14151868,Fundamentos de física - 9. ed. / 2012,0,0,0,0,0,0,0,0,0,0,0,0,0,0,0,0,0,0,0,0,2,1,1,2,0,1,0,0,0,0,0,0,0,0,0,0,0,0,0,0,0,0,0,0,0,0,0,0
530,132455,14151877,Fundamentos de física - 9. ed. / 2012,0,0,0,0,0,0,0,1,0,0,0,0,0,0,0,0,0,0,0,0,0,0,0,0,0,0,0,0,0,0,0,0,0,0,1,2,1,2,0,0,0,0,0,0,0,0,0,0
530,132455,14151676,Fundamentos de física - 9. ed. / 2012,0,0,0,0,0,0,0,0,0,0,0,0,0,0,0,0,0,0,0,0,0,0,0,0,0,0,1,0,0,0,0,2,0,1,2,0,0,0,0,0,0,0,0,0,0,0,0,0
530,132455,14151677,Fundamentos de física - 9. ed. / 2012,0,0,1,0,1,1,1,1,0,0,0,0,0,0,0,0,0,0,0,0,0,0,0,0,0,1,0,0,0,0,0,0,0,0,0,0,0,0,0,0,0,0,0,0,0,0,0,0
530,132455,14151697,Fundamentos de física - 9. ed. / 2012,0,0,1,0,1,1,1,0,0,0,0,0,0,0,1,1,0,0,0,0,0,0,0,0,0,0,0,0,0,0,0,0,0,0,0,0,0,0,0,0,0,0,0,0,0,0,0,0
530,132455,14151711,Fundamentos de física - 9. ed. / 2012,0,0,0,0,0,1,1,1,0,0,0,0,0,0,1,1,1,0,0,0,0,0,0,0,0,0,0,0,0,0,0,0,0,0,0,0,0,0,0,0,0,0,0,0,0,0,0,0
530,132455,14151719,Fundamentos de física - 9. ed. / 2012,0,0,1,1,1,1,1,1,0,0,0,0,0,0,0,0,0,0,0,0,0,0,0,0,0,0,0,0,0,0,0,0,0,0,0,0,0,0,0,0,0,0,0,0,0,0,0,0
530,132455,14151728,Fundamentos de física - 9. ed. / 2012,0,0,0,1,1,0,0,0,0,0,0,0,0,0,0,0,0,0,0,0,0,0,0,0,0,0,1,0,0,0,0,1,0,0,0,0,0,0,0,0,0,1,0,0,1,0,0,0
530,132455,14151733,Fundamentos de física - 9. ed. / 2012,0,0,0,0,0,0,0,0,0,0,0,0,0,0,0,0,0,0,0,0,0,0,0,0,0,0,0,0,0,0,0,0,0,0,0,0,0,0,0,1,1,0,1,0,1,1,1,0
530,132455,14151756,Fundamentos de física - 9. ed. / 2012,0,1,1,2,1,0,0,0,0,0,0,0,0,0,1,0,0,0,0,0,0,0,0,0,0,0,0,0,0,0,0,0,0,0,0,0,0,0,0,0,0,0,0,0,0,0,0,0
530,132455,14151759,Fundamentos de física - 9. ed. / 2012,0,0,1,1,1,1,1,1,0,0,0,0,0,0,0,0,0,0,0,0,0,0,0,0,0,0,0,0,0,0,0,0,0,0,0,0,0,0,0,0,0,0,0,0,0,0,0,0
530,132455,14151760,Fundamentos de física - 9. ed. / 2012,0,0,0,0,0,0,0,0,0,0,0,0,0,0,0,0,1,1,0,0,0,0,0,0,0,1,1,0,0,0,1,1,0,0,0,0,0,0,0,0,0,0,0,0,0,0,0,0
530,132455,14151889,Fundamentos de física - 9. ed. / 2012,0,0,0,0,0,0,0,1,1,0,0,1,0,0,0,0,0,0,0,1,1,0,1,0,0,0,0,0,0,0,0,0,0,0,0,0,0,0,0,0,0,0,0,0,0,0,0,0
530,132455,14151912,Fundamentos de física - 9. ed. / 2012,0,0,0,0,0,0,0,0,2,1,0,0,0,0,0,0,0,0,0,0,1,1,1,0,0,0,0,0,0,0,0,0,0,0,0,0,0,0,0,0,0,0,0,0,0,0,0,0
530,132455,14151678,Fundamentos de física - 9. ed. / 2012,0,0,0,0,0,0,0,0,0,0,0,0,0,0,0,0,0,0,0,0,0,0,0,0,0,0,1,0,0,0,1,1,0,0,0,0,0,0,0,1,1,0,0,0,0,0,0,0
530,132455,14151751,Fundamentos de física - 9. ed. / 2012,0,0,1,0,1,1,0,0,0,0,0,0,0,0,1,1,0,0,0,0,0,0,0,0,0,0,0,0,0,0,0,0,0,0,0,0,0,0,0,0,0,0,0,0,0,0,0,0
530,132455,14151754,Fundamentos de física - 9. ed. / 2012,1,0,1,1,1,1,0,0,0,0,0,0,0,0,0,0,0,0,0,0,0,0,0,0,0,0,0,0,0,0,0,0,0,0,0,0,0,0,0,0,0,0,0,0,0,0,0,0
530,132455,14151763,Fundamentos de física - 9. ed. / 2012,0,0,0,0,0,0,0,0,0,0,0,0,0,0,0,0,0,0,0,0,0,0,0,0,0,0,0,0,0,0,1,1,0,0,0,0,0,0,0,1,0,0,2,0,0,0,0,0
530,132455,14151764,Fundamentos de física - 9. ed. / 2012,0,0,0,0,0,0,0,0,0,0,0,0,0,0,1,1,2,0,0,0,0,0,0,0,0,1,0,0,0,0,0,0,0,0,0,0,0,0,0,0,0,0,0,0,0,0,0,0
530,132455,14151781,Fundamentos de física - 9. ed. / 2012,0,0,0,1,0,0,0,0,0,0,0,0,0,0,0,0,0,0,0,0,0,0,0,0,0,0,0,0,0,0,0,0,0,0,0,0,0,0,0,2,0,1,1,0,0,0,0,0
530,132455,14151806,Fundamentos de física - 9. ed. / 2012,0,0,0,0,0,0,0,0,0,0,0,0,0,0,0,0,0,0,0,0,0,0,0,1,0,0,1,0,0,0,0,0,0,0,1,2,0,0,0,0,0,0,0,0,0,0,0,0
530,132455,14151839,Fundamentos de física - 9. ed. / 2012,0,0,1,0,0,0,0,1,1,1,1,0,0,0,0,0,0,0,0,0,0,0,0,0,0,0,0,0,0,0,0,0,0,0,0,0,0,0,0,0,0,0,0,0,0,0,0,0
530,132455,14151873,Fundamentos de física - 9. ed. / 2012,0,0,0,0,0,0,0,1,1,1,0,0,0,0,0,0,0,0,0,0,2,0,0,0,0,0,0,0,0,0,0,0,0,0,0,0,0,0,0,0,0,0,0,0,0,0,0,0
530,132455,14151896,Fundamentos de física - 9. ed. / 2012,0,0,0,0,0,0,0,2,1,1,1,0,0,0,0,0,0,0,0,0,0,0,0,0,0,0,0,0,0,0,0,0,0,0,0,0,0,0,0,0,0,0,0,0,0,0,0,0
530,132455,14151714,Fundamentos de física - 9. ed. / 2012,0,0,1,0,2,1,0,0,0,0,0,0,0,0,0,0,0,0,0,0,0,0,0,0,0,0,0,0,0,0,0,0,0,0,0,0,0,0,0,0,0,0,0,0,0,0,0,0
530,132455,14151722,Fundamentos de física - 9. ed. / 2012,0,0,1,1,1,1,0,0,0,0,0,0,0,0,0,0,0,0,0,0,0,0,0,0,0,0,0,0,0,0,0,0,0,0,0,0,0,0,0,0,0,0,0,0,0,0,0,0
530,132455,14151752,Fundamentos de física - 9. ed. / 2012,0,0,0,0,0,0,0,0,0,0,0,0,0,0,0,0,0,0,0,0,0,0,0,0,0,0,0,0,0,0,0,0,0,0,0,0,0,0,0,2,1,1,0,0,0,0,0,0
530,132455,14151766,Fundamentos de física - 9. ed. / 2012,0,0,1,0,0,0,0,0,0,0,0,0,0,0,1,0,0,0,0,0,0,0,0,0,0,1,0,1,0,0,0,0,0,0,0,0,0,0,0,0,0,0,0,0,0,0,0,0
530,132455,14151769,Fundamentos de física - 9. ed. / 2012,0,0,1,1,1,1,0,0,0,0,0,0,0,0,0,0,0,0,0,0,0,0,0,0,0,0,0,0,0,0,0,0,0,0,0,0,0,0,0,0,0,0,0,0,0,0,0,0
530,132455,14151770,Fundamentos de física - 9. ed. / 2012,0,0,1,1,1,1,0,0,0,0,0,0,0,0,0,0,0,0,0,0,0,0,0,0,0,0,0,0,0,0,0,0,0,0,0,0,0,0,0,0,0,0,0,0,0,0,0,0
530,132455,14151775,Fundamentos de física - 9. ed. / 2012,0,0,0,0,0,0,0,0,0,0,0,0,0,0,0,0,0,0,0,0,0,0,0,0,0,0,0,0,0,0,0,0,0,0,0,0,0,0,0,2,1,1,0,0,0,0,0,0
530,132455,14151804,Fundamentos de física - 9. ed. / 2012,0,0,0,1,1,0,0,1,1,0,0,0,0,0,0,0,0,0,0,0,0,0,0,0,0,0,0,0,0,0,0,0,0,0,0,0,0,0,0,0,0,0,0,0,0,0,0,0
530,132455,14151821,Fundamentos de física - 9. ed. / 2012,0,0,0,0,0,0,0,0,0,0,0,0,0,0,0,0,0,0,0,0,0,0,0,0,0,0,0,0,0,0,0,0,0,0,0,0,0,0,0,0,0,0,0,0,0,2,1,1
530,132455,14151825,Fundamentos de física - 9. ed. / 2012,0,0,0,0,0,0,0,0,1,1,1,1,0,0,0,0,0,0,0,0,0,0,0,0,0,0,0,0,0,0,0,0,0,0,0,0,0,0,0,0,0,0,0,0,0,0,0,0
530,132455,14151827,Fundamentos de física - 9. ed. / 2012,0,0,0,0,0,0,0,1,1,1,1,0,0,0,0,0,0,0,0,0,0,0,0,0,0,0,0,0,0,0,0,0,0,0,0,0,0,0,0,0,0,0,0,0,0,0,0,0
530,132455,14151831,Fundamentos de física - 9. ed. / 2012,0,0,0,0,0,0,0,0,0,3,0,1,0,0,0,0,0,0,0,0,0,0,0,0,0,0,0,0,0,0,0,0,0,0,0,0,0,0,0,0,0,0,0,0,0,0,0,0
530,132455,14151842,Fundamentos de física - 9. ed. / 2012,0,0,0,0,0,0,0,0,1,2,0,1,0,0,0,0,0,0,0,0,0,0,0,0,0,0,0,0,0,0,0,0,0,0,0,0,0,0,0,0,0,0,0,0,0,0,0,0
530,132455,14151843,Fundamentos de física - 9. ed. / 2012,0,0,0,0,0,0,0,0,0,0,0,0,0,0,0,0,0,0,0,0,0,0,0,0,0,0,0,0,0,0,0,0,0,0,0,0,0,0,0,0,0,0,0,0,0,2,1,1
530,132455,14151856,Fundamentos de física - 9. ed. / 2012,0,0,0,0,0,0,0,1,1,1,1,0,0,0,0,0,0,0,0,0,0,0,0,0,0,0,0,0,0,0,0,0,0,0,0,0,0,0,0,0,0,0,0,0,0,0,0,0
530,132455,14151867,Fundamentos de física - 9. ed. / 2012,0,0,0,0,0,0,0,0,1,1,0,0,0,0,0,0,0,0,0,0,1,1,0,0,0,0,0,0,0,0,0,0,0,0,0,0,0,0,0,0,0,0,0,0,0,0,0,0
530,132455,14151885,Fundamentos de física - 9. ed. / 2012,0,0,0,0,0,0,0,1,1,1,1,0,0,0,0,0,0,0,0,0,0,0,0,0,0,0,0,0,0,0,0,0,0,0,0,0,0,0,0,0,0,0,0,0,0,0,0,0
530,132455,14151893,Fundamentos de física - 9. ed. / 2012,0,0,0,0,0,0,0,0,0,0,0,0,0,0,0,1,0,0,1,0,1,1,0,0,0,0,0,0,0,0,0,0,0,0,0,0,0,0,0,0,0,0,0,0,0,0,0,0
530,132455,14151698,Fundamentos de física - 9. ed. / 2012,0,0,0,0,0,0,0,0,0,0,0,0,0,0,0,0,0,0,0,0,0,0,0,0,0,0,2,0,0,0,0,0,0,0,0,0,0,0,0,1,0,0,0,0,0,0,0,0
530,132455,14151702,Fundamentos de física - 9. ed. / 2012,0,0,0,0,0,0,0,0,0,0,0,0,0,0,0,2,1,0,0,0,0,0,0,0,0,0,0,0,0,0,0,0,0,0,0,0,0,0,0,0,0,0,0,0,0,0,0,0
530,132455,14151730,Fundamentos de física - 9. ed. / 2012,0,0,0,0,1,0,0,0,0,0,0,0,0,0,0,0,0,0,0,0,0,0,0,0,0,1,0,0,0,0,0,0,0,0,0,0,0,0,0,1,0,0,0,0,0,0,0,0
530,132455,14151744,Fundamentos de física - 9. ed. / 2012,0,0,0,0,0,0,0,0,0,0,0,0,0,0,1,1,1,0,0,0,0,0,0,0,0,0,0,0,0,0,0,0,0,0,0,0,0,0,0,0,0,0,0,0,0,0,0,0
530,132455,14151758,Fundamentos de física - 9. ed. / 2012,0,0,0,0,0,0,0,0,0,0,0,0,0,0,0,0,0,0,0,0,0,0,0,0,0,0,1,0,0,0,0,0,1,1,0,0,0,0,0,0,0,0,0,0,0,0,0,0
530,132455,14151772,Fundamentos de física - 9. ed. / 2012,0,0,1,0,0,2,0,0,0,0,0,0,0,0,0,0,0,0,0,0,0,0,0,0,0,0,0,0,0,0,0,0,0,0,0,0,0,0,0,0,0,0,0,0,0,0,0,0
530,132455,14151789,Fundamentos de física - 9. ed. / 2012,0,0,0,0,0,0,0,0,0,0,0,0,0,0,1,0,0,0,0,0,0,0,0,0,0,0,0,0,0,0,0,0,0,0,0,0,0,0,0,1,1,0,0,0,0,0,0,0
530,132455,14151802,Fundamentos de física - 9. ed. / 2012,0,0,0,0,0,0,0,1,1,0,1,0,0,0,0,0,0,0,0,0,0,0,0,0,0,0,0,0,0,0,0,0,0,0,0,0,0,0,0,0,0,0,0,0,0,0,0,0
530,132455,14151813,Fundamentos de física - 9. ed. / 2012,0,0,0,0,0,0,0,0,0,1,0,0,0,0,0,0,0,0,0,0,0,0,0,0,0,0,0,0,0,0,0,0,0,0,0,0,0,0,0,0,0,0,0,0,0,1,1,0
530,132455,14151841,Fundamentos de física - 9. ed. / 2012,0,0,0,0,0,2,0,0,1,0,0,0,0,0,0,0,0,0,0,0,0,0,0,0,0,0,0,0,0,0,0,0,0,0,0,0,0,0,0,0,0,0,0,0,0,0,0,0
530,132455,14151859,Fundamentos de física - 9. ed. / 2012,0,0,0,0,0,0,0,0,0,0,0,0,0,0,0,0,0,0,0,0,0,0,0,0,0,0,0,0,0,0,0,0,0,0,0,0,1,0,0,0,0,0,0,0,0,1,1,0
530,132455,14151863,Fundamentos de física - 9. ed. / 2012,0,0,0,0,0,0,0,0,0,1,1,0,0,0,0,0,0,0,0,0,1,0,0,0,0,0,0,0,0,0,0,0,0,0,0,0,0,0,0,0,0,0,0,0,0,0,0,0
530,132455,14151866,Fundamentos de física - 9. ed. / 2012,0,0,0,0,0,0,0,1,1,1,0,0,0,0,0,0,0,0,0,0,0,0,0,0,0,0,0,0,0,0,0,0,0,0,0,0,0,0,0,0,0,0,0,0,0,0,0,0
530,132455,14151871,Fundamentos de física - 9. ed. / 2012,0,0,0,0,0,0,0,0,1,1,1,0,0,0,0,0,0,0,0,0,0,0,0,0,0,0,0,0,0,0,0,0,0,0,0,0,0,0,0,0,0,0,0,0,0,0,0,0
530,132455,14151872,Fundamentos de física - 9. ed. / 2012,0,0,0,0,0,0,0,1,1,1,0,0,0,0,0,0,0,0,0,0,0,0,0,0,0,0,0,0,0,0,0,0,0,0,0,0,0,0,0,0,0,0,0,0,0,0,0,0
530,132455,14151890,Fundamentos de física - 9. ed. / 2012,0,0,0,0,0,0,0,0,0,1,1,0,0,0,0,0,0,1,0,0,0,0,0,0,0,0,0,0,0,0,0,0,0,0,0,0,0,0,0,0,0,0,0,0,0,0,0,0
530,132455,14151687,Fundamentos de física - 9. ed. / 2012,0,0,0,0,0,0,0,1,0,0,0,0,0,0,0,1,0,0,0,0,0,0,0,0,0,0,0,0,0,0,0,0,0,0,0,0,0,0,0,0,0,0,0,0,0,0,0,0
530,132455,14151808,Fundamentos de física - 9. ed. / 2012,0,0,0,0,0,0,0,0,0,0,0,0,0,0,0,0,0,0,0,0,0,0,0,0,0,0,0,0,0,0,0,0,0,0,1,0,0,0,0,0,0,0,0,0,0,0,1,0
530,132455,14151815,Fundamentos de física - 9. ed. / 2012,0,0,0,0,0,0,0,0,0,0,0,0,0,0,0,0,0,0,0,0,0,0,0,0,0,0,0,0,0,0,0,0,0,0,0,0,0,0,0,0,0,0,0,0,0,1,1,0
530,132455,14151818,Fundamentos de física - 9. ed. / 2012,0,0,0,0,0,0,0,0,0,2,0,0,0,0,0,0,0,0,0,0,0,0,0,0,0,0,0,0,0,0,0,0,0,0,0,0,0,0,0,0,0,0,0,0,0,0,0,0
530,132455,14151846,Fundamentos de física - 9. ed. / 2012,0,0,0,0,0,0,0,1,1,0,0,0,0,0,0,0,0,0,0,0,0,0,0,0,0,0,0,0,0,0,0,0,0,0,0,0,0,0,0,0,0,0,0,0,0,0,0,0
530,132455,14151905,Fundamentos de física - 9. ed. / 2012,0,0,0,0,0,0,0,0,1,1,0,0,0,0,0,0,0,0,0,0,0,0,0,0,0,0,0,0,0,0,0,0,0,0,0,0,0,0,0,0,0,0,0,0,0,0,0,0
530,132455,14151908,Fundamentos de física - 9. ed. / 2012,0,0,0,0,0,0,0,0,0,2,0,0,0,0,0,0,0,0,0,0,0,0,0,0,0,0,0,0,0,0,0,0,0,0,0,0,0,0,0,0,0,0,0,0,0,0,0,0
530,132455,14151909,Fundamentos de física - 9. ed. / 2012,0,0,0,0,0,0,0,0,0,0,0,0,0,0,0,0,0,0,0,0,0,0,0,0,0,0,0,0,0,0,0,0,0,0,0,0,0,0,0,0,0,0,0,0,0,1,1,0
530,132455,14374389,Fundamentos de física - 9. ed. / 2012,0,0,0,0,0,0,0,0,0,0,0,0,0,0,0,0,0,0,0,0,0,0,0,0,0,0,0,0,0,0,0,0,0,0,0,0,0,0,0,0,0,0,0,0,1,1,0,0
530,132455,14151681,Fundamentos de física - 9. ed. / 2012,0,0,1,0,0,0,0,0,0,0,0,0,0,0,0,0,0,0,0,0,0,0,0,0,0,0,0,0,0,0,0,0,0,0,0,0,0,0,0,0,0,0,0,0,0,0,0,0
530,132455,14151726,Fundamentos de física - 9. ed. / 2012,0,0,0,0,0,0,0,0,0,0,0,0,0,0,0,0,0,0,0,0,0,0,0,0,0,0,0,0,0,0,0,0,0,0,0,0,0,0,0,1,0,0,0,0,0,0,0,0
530,132455,14151738,Fundamentos de física - 9. ed. / 2012,0,0,0,0,0,0,0,0,0,0,0,0,0,0,0,0,0,0,0,0,0,0,0,0,0,0,0,0,0,0,0,0,0,0,0,0,0,0,0,1,0,0,0,0,0,0,0,0
530,132455,14151742,Fundamentos de física - 9. ed. / 2012,0,0,0,0,0,0,0,0,0,0,0,0,0,0,0,1,0,0,0,0,0,0,0,0,0,0,0,0,0,0,0,0,0,0,0,0,0,0,0,0,0,0,0,0,0,0,0,0
530,132455,14151757,Fundamentos de física - 9. ed. / 2012,0,0,1,0,0,0,0,0,0,0,0,0,0,0,0,0,0,0,0,0,0,0,0,0,0,0,0,0,0,0,0,0,0,0,0,0,0,0,0,0,0,0,0,0,0,0,0,0
530,132455,14151811,Fundamentos de física - 9. ed. / 2012,0,0,0,0,0,0,0,0,0,0,0,0,0,0,0,0,0,0,0,0,0,0,0,0,0,0,0,0,0,0,0,0,0,0,1,0,0,0,0,0,0,0,0,0,0,0,0,0
530,132455,14151817,Fundamentos de física - 9. ed. / 2012,0,0,0,0,0,0,0,0,0,0,0,0,0,0,0,0,0,0,0,0,0,0,0,0,0,0,0,0,0,0,0,0,0,0,1,0,0,0,0,0,0,0,0,0,0,0,0,0
530,132455,14151819,Fundamentos de física - 9. ed. / 2012,0,0,0,0,0,0,0,0,0,0,0,0,0,0,0,0,0,0,0,0,0,0,0,0,0,0,0,0,0,0,0,0,0,0,1,0,0,0,0,0,0,0,0,0,0,0,0,0
530,132455,14151834,Fundamentos de física - 9. ed. / 2012,0,0,0,0,0,0,0,0,0,0,0,0,0,0,0,0,0,0,0,0,0,0,0,0,0,0,0,0,0,0,0,0,0,0,1,0,0,0,0,0,0,0,0,0,0,0,0,0
530,132455,14151855,Fundamentos de física - 9. ed. / 2012,0,0,0,0,0,0,0,0,0,0,0,0,0,0,0,0,0,0,0,0,0,0,0,0,0,0,0,0,0,0,0,0,0,0,0,0,0,0,0,0,0,0,0,0,0,0,1,0
530,132455,14151865,Fundamentos de física - 9. ed. / 2012,0,0,0,0,0,0,0,0,0,0,0,0,0,0,0,0,0,0,0,0,0,0,0,0,0,0,0,0,0,0,0,0,0,0,0,0,1,0,0,0,0,0,0,0,0,0,0,0
530,132455,14151881,Fundamentos de física - 9. ed. / 2012,0,0,0,0,0,0,0,0,0,0,0,0,0,0,0,0,0,0,0,0,0,0,0,0,0,0,0,0,0,0,0,0,0,0,0,0,0,0,0,0,0,0,0,0,0,0,1,0
530,132455,14151898,Fundamentos de física - 9. ed. / 2012,0,0,0,0,0,0,0,1,0,0,0,0,0,0,0,0,0,0,0,0,0,0,0,0,0,0,0,0,0,0,0,0,0,0,0,0,0,0,0,0,0,0,0,0,0,0,0,0
530,132455,14151900,Fundamentos de física - 9. ed. / 2012,0,0,0,0,0,0,0,0,0,1,0,0,0,0,0,0,0,0,0,0,0,0,0,0,0,0,0,0,0,0,0,0,0,0,0,0,0,0,0,0,0,0,0,0,0,0,0,0
530,132455,14151906,Fundamentos de física - 9. ed. / 2012,0,0,0,0,0,0,0,0,0,0,0,0,0,0,0,0,0,0,0,0,0,0,0,0,0,0,0,0,0,0,0,0,0,0,1,0,0,0,0,0,0,0,0,0,0,0,0,0
530,137797,14328642,"Curso de física básica, 1: mecânica - 5. ed., rev. e atual. / 2013",0,0,2,1,1,0,0,0,0,0,0,0,0,0,1,1,2,1,0,1,1,1,0,0,0,0,1,0,0,0,0,1,0,0,0,0,0,0,0,1,0,0,1,0,0,0,0,0
530,137797,14373563,"Curso de física básica, 1: mecânica - 5. ed., rev. e atual. / 2013",0,0,0,0,0,0,0,0,0,0,0,0,0,0,0,0,0,0,0,0,0,0,0,0,0,0,0,0,0,0,0,0,0,0,0,0,0,0,0,2,1,1,1,0,1,1,1,1
530,150333,14328644,"Curso de física básica, 2: fluidos, oscilações e ondas, calor - 5. ed., rev. e amp. / 2014",0,0,0,0,0,0,0,0,0,0,0,0,0,0,0,0,0,1,0,1,1,1,1,1,0,0,0,0,0,0,0,0,0,0,2,0,0,0,0,0,0,0,0,0,0,1,1,0
530,150337,14328652,"Curso de física básica, 4: ótica, relatividade, física quântica - 2. ed., rev. e atual. / 2014",0,0,0,0,0,0,0,0,0,0,0,0,0,0,0,0,0,0,0,1,1,1,1,0,0,0,0,0,0,0,0,0,0,0,0,0,0,0,0,0,0,0,0,0,0,0,0,0
530,171130,14360964,"Curso de física básica, 3: eletromagnetismo - 2. ed., rev. e amp. / 2015",0,0,0,0,0,0,0,0,0,0,0,0,0,0,1,0,1,1,0,0,0,0,0,0,0,0,0,0,0,0,0,0,1,1,0,0,0,0,0,1,0,0,0,0,0,0,0,0
530,200117,14328651,"Curso de física básica, 3 : eletromagnetismo / 2015",0,0,1,0,2,0,1,0,1,2,0,0,0,0,1,1,0,0,0,0,0,0,0,0,0,0,0,0,0,0,0,0,0,0,0,0,0,0,0,1,0,0,1,0,0,0,0,0
530.07,200135,14328704,Física - 3. ed. / 2016,0,0,0,0,1,0,0,0,0,0,0,0,0,0,0,1,1,1,0,0,0,0,0,0,0,0,0,0,0,0,1,1,0,0,0,0,0,0,0,0,0,0,0,0,0,0,0,0
530.07,200135,14328705,Física - 3. ed. / 2016,0,0,0,0,0,0,0,1,0,0,0,0,0,0,0,0,0,0,0,1,1,2,0,0,0,0,0,0,0,0,0,0,0,0,0,0,0,0,0,0,0,0,0,0,0,0,0,0
530.09,171724,14220307,"Física hoje, uma aventura pela natureza: dos átomos ao universo / 2007",0,0,0,0,0,0,0,0,0,0,0,0,0,0,0,1,1,0,0,0,0,0,0,1,0,0,0,0,0,0,0,0,0,0,0,0,0,0,0,0,0,0,0,0,0,0,0,0
531,134779,14167265,Mecânica vetorial para engenheiros: estática - 9. ed. / 2012,0,0,0,2,1,1,0,1,0,0,0,0,0,0,0,0,0,1,1,1,1,0,0,1,0,1,0,0,0,0,1,1,1,0,0,0,0,0,0,0,0,0,0,0,0,0,0,0
531,134779,14167288,Mecânica vetorial para engenheiros: estática - 9. ed. / 2012,0,0,0,1,2,1,0,1,1,0,0,2,0,0,0,0,0,0,0,0,0,0,0,0,0,0,0,0,0,0,0,0,0,0,0,0,0,0,0,0,1,0,1,0,1,1,1,0
531,134779,14167258,Mecânica vetorial para engenheiros: estática - 9. ed. / 2012,0,0,0,0,1,1,1,1,1,1,1,1,0,0,1,0,0,0,0,0,0,0,0,0,0,1,0,1,0,0,0,1,0,0,0,0,0,0,0,0,0,0,0,0,0,0,0,0
531,134779,14167267,Mecânica vetorial para engenheiros: estática - 9. ed. / 2012,0,0,0,1,2,1,1,1,1,1,1,1,0,0,0,0,0,0,1,1,0,0,0,0,0,0,0,0,0,0,0,0,0,0,0,0,0,0,0,0,0,0,0,0,0,0,0,0
531,134779,14167298,Mecânica vetorial para engenheiros: estática - 9. ed. / 2012,0,0,0,2,1,1,1,1,1,1,0,0,0,0,0,0,0,0,0,0,0,0,0,0,0,0,0,0,0,0,0,0,0,0,0,0,0,0,0,0,2,1,1,0,0,0,0,0
531,134779,14167260,Mecânica vetorial para engenheiros: estática - 9. ed. / 2012,0,0,0,0,0,0,0,1,1,1,0,0,0,0,0,0,0,0,0,0,0,0,0,0,0,0,0,0,0,0,0,0,0,0,0,0,0,0,0,0,2,0,1,0,1,1,1,1
531,134779,14167241,Mecânica vetorial para engenheiros: estática - 9. ed. / 2012,0,0,0,2,1,1,1,1,1,1,0,0,0,0,0,0,0,0,0,0,0,0,0,0,0,0,0,0,0,0,0,0,0,0,0,0,0,0,0,0,1,0,0,0,0,0,0,0
531,134779,14167292,Mecânica vetorial para engenheiros: estática - 9. ed. / 2012,0,0,1,1,1,2,1,1,0,0,0,0,0,0,0,0,0,0,0,0,0,0,0,0,0,0,0,0,0,0,0,0,0,0,0,0,0,0,0,0,0,0,0,0,0,0,2,0
531,134779,14167240,Mecânica vetorial para engenheiros: estática - 9. ed. / 2012,1,1,1,1,0,0,2,1,1,0,0,0,0,0,0,0,0,0,0,0,0,0,0,0,0,0,0,0,0,0,0,0,0,0,0,0,0,0,0,0,0,0,0,0,0,0,0,0
531,134779,14167256,Mecânica vetorial para engenheiros: estática - 9. ed. / 2012,1,1,1,1,2,1,1,0,0,0,0,0,0,0,0,0,0,0,0,0,0,0,0,0,0,0,0,0,0,0,0,0,0,0,0,0,0,0,0,0,0,0,0,0,0,0,0,0
531,134779,14167290,Mecânica vetorial para engenheiros: estática - 9. ed. / 2012,0,0,0,0,0,0,0,0,0,0,0,0,0,0,0,0,0,2,1,1,1,1,0,0,0,0,0,0,0,0,0,0,0,0,0,0,0,0,0,0,1,0,0,0,1,0,0,0
531,134779,14167297,Mecânica vetorial para engenheiros: estática - 9. ed. / 2012,0,0,0,0,0,0,0,0,0,0,0,0,0,0,0,0,0,0,0,0,0,0,0,0,0,0,1,0,0,0,0,1,1,0,0,0,0,0,0,1,1,1,1,0,1,0,0,0
531,134779,14167242,Mecânica vetorial para engenheiros: estática - 9. ed. / 2012,0,0,0,1,2,1,1,1,1,0,0,0,0,0,0,0,0,0,0,0,0,0,0,0,0,0,0,0,0,0,0,0,0,0,0,0,0,0,0,0,0,0,0,0,0,0,0,0
531,134779,14167252,Mecânica vetorial para engenheiros: estática - 9. ed. / 2012,0,0,0,2,1,1,0,0,0,0,0,0,0,0,0,0,0,0,0,0,0,0,0,0,0,0,0,0,0,0,0,0,0,0,0,0,0,0,0,0,1,1,1,0,0,0,0,0
531,134779,14167293,Mecânica vetorial para engenheiros: estática - 9. ed. / 2012,0,0,0,1,2,1,1,0,0,0,0,0,0,0,0,0,0,0,0,0,0,0,0,0,0,0,0,0,0,0,0,0,0,0,0,0,0,0,0,0,2,0,0,0,0,0,0,0
531,134779,14167244,Mecânica vetorial para engenheiros: estática - 9. ed. / 2012,0,0,0,0,0,0,0,0,0,0,0,0,0,0,0,0,0,0,0,0,0,0,0,0,0,0,0,0,0,0,0,0,0,0,0,0,0,0,0,0,2,3,1,0,0,0,0,0
531,134779,14167245,Mecânica vetorial para engenheiros: estática - 9. ed. / 2012,0,0,0,1,1,1,1,1,0,0,0,0,0,0,0,0,0,0,0,0,0,0,0,0,0,0,0,0,0,0,0,0,0,0,0,0,0,0,0,0,1,0,0,0,0,0,0,0
531,134779,14167301,Mecânica vetorial para engenheiros: estática - 9. ed. / 2012,0,0,0,2,1,1,0,0,0,0,0,0,0,0,0,0,0,0,0,0,0,0,0,0,0,0,0,0,0,0,0,0,0,0,0,0,0,0,0,0,0,1,1,0,0,0,0,0
531,134779,14167306,Mecânica vetorial para engenheiros: estática - 9. ed. / 2012,0,0,0,1,1,1,0,0,0,0,0,0,0,0,0,0,0,0,0,0,0,0,0,0,0,0,0,0,0,0,0,0,0,0,0,0,0,0,0,0,1,1,1,0,0,0,0,0
531,134779,14167239,Mecânica vetorial para engenheiros: estática - 9. ed. / 2012,0,0,0,1,2,1,1,0,0,0,0,0,0,0,0,0,0,0,0,0,0,0,0,0,0,0,0,0,0,0,0,0,0,0,0,0,0,0,0,0,0,0,0,0,0,0,0,0
531,134779,14167268,Mecânica vetorial para engenheiros: estática - 9. ed. / 2012,0,0,0,1,2,0,0,0,0,0,0,0,0,0,0,0,0,0,0,0,0,0,0,0,0,0,0,0,0,0,0,0,0,0,0,0,0,0,0,0,0,1,1,0,0,0,0,0
531,134779,14167283,Mecânica vetorial para engenheiros: estática - 9. ed. / 2012,0,0,0,0,0,0,0,0,0,0,0,0,0,0,0,0,0,0,0,0,0,0,0,0,0,0,0,0,0,0,0,0,0,0,0,0,0,0,0,0,1,1,0,0,1,1,1,0
531,134779,14167296,Mecânica vetorial para engenheiros: estática - 9. ed. / 2012,0,0,0,2,1,1,1,0,0,0,0,0,0,0,0,0,0,0,0,0,0,0,0,0,0,0,0,0,0,0,0,0,0,0,0,0,0,0,0,0,0,0,0,0,0,0,0,0
531,134779,14167310,Mecânica vetorial para engenheiros: estática - 9. ed. / 2012,0,0,0,1,1,1,2,0,0,0,0,0,0,0,0,0,0,0,0,0,0,0,0,0,0,0,0,0,0,0,0,0,0,0,0,0,0,0,0,0,0,0,0,0,0,0,0,0
531,134779,14167312,Mecânica vetorial para engenheiros: estática - 9. ed. / 2012,0,0,0,2,1,1,1,0,0,0,0,0,0,0,0,0,0,0,0,0,0,0,0,0,0,0,0,0,0,0,0,0,0,0,0,0,0,0,0,0,0,0,0,0,0,0,0,0
531,134779,14167243,Mecânica vetorial para engenheiros: estática - 9. ed. / 2012,0,0,0,2,0,0,0,1,1,0,0,0,0,0,0,0,0,0,0,0,0,0,0,0,0,0,0,0,0,0,0,0,0,0,0,0,0,0,0,0,0,0,0,0,0,0,0,0
531,134779,14167294,Mecânica vetorial para engenheiros: estática - 9. ed. / 2012,0,0,0,0,0,0,0,0,0,0,1,0,0,0,0,0,0,0,0,0,0,0,0,0,0,0,0,0,0,0,0,0,0,0,0,0,0,0,0,0,1,1,1,0,0,0,0,0
531,134779,14167307,Mecânica vetorial para engenheiros: estática - 9. ed. / 2012,0,0,0,2,1,1,0,0,0,0,0,0,0,0,0,0,0,0,0,0,0,0,0,0,0,0,0,0,0,0,0,0,0,0,0,0,0,0,0,0,0,0,0,0,0,0,0,0
531,134779,14167250,Mecânica vetorial para engenheiros: estática - 9. ed. / 2012,0,0,0,1,1,0,0,1,0,0,0,0,0,0,0,0,0,0,0,0,0,0,0,0,0,0,0,0,0,0,0,0,0,0,0,0,0,0,0,0,0,0,0,0,0,0,0,0
531,134779,14167295,Mecânica vetorial para engenheiros: estática - 9. ed. / 2012,0,0,0,1,2,0,0,0,0,0,0,0,0,0,0,0,0,0,0,0,0,0,0,0,0,0,0,0,0,0,0,0,0,0,0,0,0,0,0,0,0,0,0,0,0,0,0,0
531,134779,14167299,Mecânica vetorial para engenheiros: estática - 9. ed. / 2012,0,0,0,1,1,1,0,0,0,0,0,0,0,0,0,0,0,0,0,0,0,0,0,0,0,0,0,0,0,0,0,0,0,0,0,0,0,0,0,0,0,0,0,0,0,0,0,0
531,134779,14167251,Mecânica vetorial para engenheiros: estática - 9. ed. / 2012,0,0,0,1,1,0,0,0,0,0,0,0,0,0,0,0,0,0,0,0,0,0,0,0,0,0,0,0,0,0,0,0,0,0,0,0,0,0,0,0,0,0,0,0,0,0,0,0
531,134779,14167264,Mecânica vetorial para engenheiros: estática - 9. ed. / 2012,0,0,0,0,0,0,0,0,0,0,0,0,0,0,0,0,0,0,0,0,0,0,0,0,0,0,0,0,0,0,0,0,0,0,0,0,0,0,0,0,1,0,1,0,0,0,0,0
531,134779,14167304,Mecânica vetorial para engenheiros: estática - 9. ed. / 2012,0,0,0,0,0,0,0,0,0,0,0,0,0,0,0,0,0,0,0,0,0,0,0,0,0,0,0,0,0,0,0,0,0,0,0,0,0,0,0,0,1,0,1,0,0,0,0,0
531,134779,14167246,Mecânica vetorial para engenheiros: estática - 9. ed. / 2012,0,0,0,0,0,0,0,0,0,0,0,0,0,0,0,0,0,0,0,0,0,0,0,0,0,0,0,0,0,0,0,0,0,0,0,0,0,0,0,0,1,0,0,0,0,0,0,0
531,134779,14167257,Mecânica vetorial para engenheiros: estática - 9. ed. / 2012,0,0,0,0,0,0,0,0,0,0,0,0,0,0,0,0,0,0,0,0,0,0,0,0,0,0,0,0,0,0,0,0,0,0,0,0,0,0,0,0,1,0,0,0,0,0,0,0
531,134779,14167291,Mecânica vetorial para engenheiros: estática - 9. ed. / 2012,0,0,0,0,0,0,0,0,0,0,0,0,0,0,0,0,0,0,0,0,0,0,0,0,0,0,0,0,0,0,0,0,0,0,0,0,0,0,0,0,1,0,0,0,0,0,0,0
531,134779,14167303,Mecânica vetorial para engenheiros: estática - 9. ed. / 2012,0,0,0,0,0,0,0,0,0,0,0,0,0,0,0,0,0,0,0,0,0,0,0,0,0,0,0,0,0,0,0,0,0,0,0,0,0,0,0,0,1,0,0,0,0,0,0,0
531.12,132955,14159737,Mecânica para engenharia : estática : volume 1 - 6. ed. / 2009,0,0,1,2,1,1,1,0,0,0,0,0,0,0,2,1,1,1,0,0,0,0,0,0,0,0,1,1,0,0,1,1,1,0,0,0,0,0,0,0,0,0,0,0,0,0,0,0
531.12,132955,14159746,Mecânica para engenharia : estática : volume 1 - 6. ed. / 2009,0,0,0,1,2,1,1,1,1,1,1,1,0,0,0,1,1,1,1,0,0,0,0,0,0,0,0,0,0,0,0,0,0,0,0,0,0,0,0,0,0,0,0,0,0,0,0,0
531.12,132955,14159748,Mecânica para engenharia : estática : volume 1 - 6. ed. / 2009,1,1,2,2,2,1,1,0,0,0,0,0,0,0,0,0,1,1,1,0,0,0,0,0,0,0,0,0,0,0,0,0,0,0,0,0,0,0,0,1,0,0,0,0,0,0,0,0
531.12,132955,14159699,Mecânica para engenharia : estática : volume 1 - 6. ed. / 2009,1,1,1,1,1,2,1,1,1,1,1,1,0,0,0,0,0,0,0,0,0,0,0,0,0,0,0,0,0,0,0,0,0,0,0,0,0,0,0,0,0,0,0,0,0,0,0,0
531.12,132955,14159747,Mecânica para engenharia : estática : volume 1 - 6. ed. / 2009,0,0,1,1,1,0,1,0,0,0,0,0,0,0,1,1,1,1,0,0,0,0,0,0,0,0,1,1,0,0,0,1,1,0,0,0,0,0,0,0,0,0,0,0,0,0,0,0
531.12,132955,14159728,Mecânica para engenharia : estática : volume 1 - 6. ed. / 2009,0,0,1,1,0,0,0,0,0,0,0,0,0,0,0,1,1,1,0,0,0,0,0,0,0,0,1,1,0,1,2,0,1,0,0,0,0,0,0,0,0,0,0,0,0,0,0,0
531.12,132955,14159690,Mecânica para engenharia : estática : volume 1 - 6. ed. / 2009,1,1,1,0,0,0,0,0,0,0,0,0,0,0,0,1,1,1,0,0,0,0,0,0,0,1,1,0,0,0,0,0,0,0,0,0,0,0,0,2,0,0,0,0,0,0,0,0
531.12,132955,14159722,Mecânica para engenharia : estática : volume 1 - 6. ed. / 2009,0,0,0,1,0,0,0,0,0,0,0,0,0,0,0,1,1,2,0,0,0,0,0,0,0,0,1,1,0,1,0,1,1,0,0,0,0,0,0,0,0,0,0,0,0,0,0,0
531.12,132955,14159695,Mecânica para engenharia : estática : volume 1 - 6. ed. / 2009,1,1,0,2,1,1,0,0,0,0,0,0,0,0,1,0,1,1,0,0,0,0,0,0,0,0,0,0,0,0,0,0,0,0,0,0,0,0,0,0,0,0,0,0,0,0,0,0
531.12,132955,14159707,Mecânica para engenharia : estática : volume 1 - 6. ed. / 2009,0,0,0,1,1,2,0,0,0,0,0,0,0,0,0,1,2,1,0,0,0,0,0,0,0,0,1,0,0,0,0,0,0,0,0,0,0,0,0,0,0,0,0,0,0,0,0,0
531.12,132955,14159721,Mecânica para engenharia : estática : volume 1 - 6. ed. / 2009,0,0,0,1,0,0,0,0,0,0,0,0,0,0,1,1,1,1,1,1,1,0,0,1,0,0,0,0,0,0,0,0,0,0,0,0,0,0,0,0,0,0,0,0,0,0,0,0
531.12,132955,14159739,Mecânica para engenharia : estática : volume 1 - 6. ed. / 2009,0,0,1,2,1,1,0,0,0,0,0,0,0,0,1,1,1,1,0,0,0,0,0,0,0,0,0,0,0,0,0,0,0,0,0,0,0,0,0,0,0,0,0,0,0,0,0,0
531.12,132955,14159696,Mecânica para engenharia : estática : volume 1 - 6. ed. / 2009,0,0,1,1,1,1,0,0,0,0,0,0,0,0,0,1,1,1,1,0,0,0,0,0,0,0,0,0,0,0,0,0,0,0,0,0,0,0,0,0,0,0,0,0,0,0,0,0
531.12,132955,14159697,Mecânica para engenharia : estática : volume 1 - 6. ed. / 2009,0,0,1,1,1,1,0,0,0,0,0,0,0,0,0,1,1,1,1,0,0,0,0,0,0,0,0,0,0,0,0,0,0,0,0,0,0,0,0,0,0,0,0,0,0,0,0,0
531.12,132955,14159711,Mecânica para engenharia : estática : volume 1 - 6. ed. / 2009,2,0,1,0,0,0,0,0,0,0,0,0,0,0,1,1,1,1,0,0,0,0,0,0,0,0,0,0,0,0,0,0,0,0,0,0,0,0,0,1,0,0,0,0,0,0,0,0
531.12,132955,14159723,Mecânica para engenharia : estática : volume 1 - 6. ed. / 2009,0,0,1,1,1,1,0,0,0,0,0,0,0,0,1,1,1,1,0,0,0,0,0,0,0,0,0,0,0,0,0,0,0,0,0,0,0,0,0,0,0,0,0,0,0,0,0,0
531.12,132955,14159736,Mecânica para engenharia : estática : volume 1 - 6. ed. / 2009,0,0,1,1,2,1,0,0,0,0,0,0,0,0,0,1,1,1,0,0,0,0,0,0,0,0,0,0,0,0,0,0,0,0,0,0,0,0,0,0,0,0,0,0,0,0,0,0
531.12,132955,14159740,Mecânica para engenharia : estática : volume 1 - 6. ed. / 2009,0,0,0,2,0,0,0,0,0,0,0,0,0,0,1,0,0,0,0,0,0,0,0,0,0,1,1,0,0,0,1,1,1,0,0,0,0,0,0,0,0,0,0,0,0,0,0,0
531.12,132955,14159694,Mecânica para engenharia : estática : volume 1 - 6. ed. / 2009,0,0,0,1,2,0,0,0,0,0,0,0,0,0,1,1,1,1,0,0,0,0,0,0,0,0,0,0,0,0,0,0,0,0,0,0,0,0,0,0,0,0,0,0,0,0,0,0
531.12,132955,14159703,Mecânica para engenharia : estática : volume 1 - 6. ed. / 2009,0,0,0,1,0,0,0,0,0,0,0,0,0,0,1,2,1,2,0,0,0,0,0,0,0,0,0,0,0,0,0,0,0,0,0,0,0,0,0,0,0,0,0,0,0,0,0,0
531.12,132955,14159710,Mecânica para engenharia : estática : volume 1 - 6. ed. / 2009,0,0,1,0,1,1,0,0,0,0,0,0,0,0,1,1,1,1,0,0,0,0,0,0,0,0,0,0,0,0,0,0,0,0,0,0,0,0,0,0,0,0,0,0,0,0,0,0
531.12,132955,14159727,Mecânica para engenharia : estática : volume 1 - 6. ed. / 2009,0,0,0,1,2,1,1,0,0,0,0,0,0,0,0,0,1,1,0,0,0,0,0,0,0,0,0,0,0,0,0,0,0,0,0,0,0,0,0,0,0,0,0,0,0,0,0,0
531.12,132955,14159734,Mecânica para engenharia : estática : volume 1 - 6. ed. / 2009,0,0,0,2,1,1,0,0,0,0,0,0,0,0,1,0,0,1,1,0,0,0,0,0,0,0,0,0,0,0,0,0,0,0,0,0,0,0,0,0,0,0,0,0,0,0,0,0
531.12,132955,14159741,Mecânica para engenharia : estática : volume 1 - 6. ed. / 2009,0,0,0,1,2,1,1,0,0,0,0,0,0,0,1,0,1,0,0,0,0,0,0,0,0,0,0,0,0,0,0,0,0,0,0,0,0,0,0,0,0,0,0,0,0,0,0,0
531.12,132955,14159743,Mecânica para engenharia : estática : volume 1 - 6. ed. / 2009,0,0,1,1,1,1,1,0,0,0,0,0,0,0,0,0,1,1,0,0,0,0,0,0,0,0,0,0,0,0,0,0,0,0,0,0,0,0,0,0,0,0,0,0,0,0,0,0
531.12,132955,14159744,Mecânica para engenharia : estática : volume 1 - 6. ed. / 2009,0,0,0,1,1,0,0,0,0,0,0,0,0,0,1,1,1,1,1,0,0,0,0,0,0,0,0,0,0,0,0,0,0,0,0,0,0,0,0,0,0,0,0,0,0,0,0,0
531.12,132955,14159716,Mecânica para engenharia : estática : volume 1 - 6. ed. / 2009,0,0,0,1,2,0,0,0,0,0,0,0,0,0,0,0,2,1,0,0,0,0,0,0,0,0,0,0,0,0,0,0,0,0,0,0,0,0,0,0,0,0,0,0,0,0,0,0
531.12,132955,14159724,Mecânica para engenharia : estática : volume 1 - 6. ed. / 2009,0,0,0,1,1,1,0,0,0,0,0,0,0,0,0,0,1,2,0,0,0,0,0,0,0,0,0,0,0,0,0,0,0,0,0,0,0,0,0,0,0,0,0,0,0,0,0,0
531.12,132955,14159726,Mecânica para engenharia : estática : volume 1 - 6. ed. / 2009,0,0,0,1,2,1,0,0,0,0,0,0,0,0,1,1,0,0,0,0,0,0,0,0,0,0,0,0,0,0,0,0,0,0,0,0,0,0,0,0,0,0,0,0,0,0,0,0
531.12,132955,14159733,Mecânica para engenharia : estática : volume 1 - 6. ed. / 2009,0,0,1,1,1,1,0,0,0,0,0,0,0,0,0,0,0,1,1,0,0,0,0,0,0,0,0,0,0,0,0,0,0,0,0,0,0,0,0,0,0,0,0,0,0,0,0,0
531.12,132955,14159742,Mecânica para engenharia : estática : volume 1 - 6. ed. / 2009,1,0,0,1,2,0,0,0,0,0,0,0,0,0,1,1,0,0,0,0,0,0,0,0,0,0,0,0,0,0,0,0,0,0,0,0,0,0,0,0,0,0,0,0,0,0,0,0
531.12,132955,14159729,Mecânica para engenharia : estática : volume 1 - 6. ed. / 2009,0,0,0,1,2,1,1,0,0,0,0,0,0,0,0,0,0,0,0,0,0,0,0,0,0,0,0,0,0,0,0,0,0,0,0,0,0,0,0,0,0,0,0,0,0,0,0,0
531.12,132955,14159749,Mecânica para engenharia : estática : volume 1 - 6. ed. / 2009,0,0,0,0,0,0,0,0,0,0,0,0,0,0,0,0,2,1,0,0,0,0,0,0,0,0,1,0,0,0,0,0,1,0,0,0,0,0,0,0,0,0,0,0,0,0,0,0
531.12,132955,14159692,Mecânica para engenharia : estática : volume 1 - 6. ed. / 2009,0,0,0,1,1,1,1,0,0,0,0,0,0,0,0,0,0,0,0,0,0,0,0,0,0,0,0,0,0,0,0,0,0,0,0,0,0,0,0,0,0,0,0,0,0,0,0,0
531.12,132955,14159700,Mecânica para engenharia : estática : volume 1 - 6. ed. / 2009,0,0,0,2,1,1,0,0,0,0,0,0,0,0,0,0,0,0,0,0,0,0,0,0,0,0,0,0,0,0,0,0,0,0,0,0,0,0,0,0,0,0,0,0,0,0,0,0
531.12,132955,14159712,Mecânica para engenharia : estática : volume 1 - 6. ed. / 2009,0,0,1,1,1,1,0,0,0,0,0,0,0,0,0,0,0,0,0,0,0,0,0,0,0,0,0,0,0,0,0,0,0,0,0,0,0,0,0,0,0,0,0,0,0,0,0,0
531.12,132955,14159715,Mecânica para engenharia : estática : volume 1 - 6. ed. / 2009,0,0,0,1,0,0,0,0,0,0,0,0,0,1,1,1,0,0,0,0,0,0,0,0,0,0,0,0,0,0,0,0,0,0,0,0,0,0,0,0,0,0,0,0,0,0,0,0
531.12,132955,14159719,Mecânica para engenharia : estática : volume 1 - 6. ed. / 2009,0,0,0,1,1,1,0,0,0,0,0,0,0,0,0,1,0,0,0,0,0,0,0,0,0,0,0,0,0,0,0,0,0,0,0,0,0,0,0,0,0,0,0,0,0,0,0,0
531.12,132955,14159691,Mecânica para engenharia : estática : volume 1 - 6. ed. / 2009,0,0,1,1,1,0,0,0,0,0,0,0,0,0,0,0,0,0,0,0,0,0,0,0,0,0,0,0,0,0,0,0,0,0,0,0,0,0,0,0,0,0,0,0,0,0,0,0
531.12,132955,14159714,Mecânica para engenharia : estática : volume 1 - 6. ed. / 2009,0,0,0,1,1,1,0,0,0,0,0,0,0,0,0,0,0,0,0,0,0,0,0,0,0,0,0,0,0,0,0,0,0,0,0,0,0,0,0,0,0,0,0,0,0,0,0,0
531.12,132955,14159745,Mecânica para engenharia : estática : volume 1 - 6. ed. / 2009,1,1,1,0,0,0,0,0,0,0,0,0,0,0,0,0,0,0,0,0,0,0,0,0,0,0,0,0,0,0,0,0,0,0,0,0,0,0,0,0,0,0,0,0,0,0,0,0
531.12,132955,14159693,Mecânica para engenharia : estática : volume 1 - 6. ed. / 2009,0,0,0,1,1,0,0,0,0,0,0,0,0,0,0,0,0,0,0,0,0,0,0,0,0,0,0,0,0,0,0,0,0,0,0,0,0,0,0,0,0,0,0,0,0,0,0,0
531.12,132955,14159698,Mecânica para engenharia : estática : volume 1 - 6. ed. / 2009,0,0,0,1,1,0,0,0,0,0,0,0,0,0,0,0,0,0,0,0,0,0,0,0,0,0,0,0,0,0,0,0,0,0,0,0,0,0,0,0,0,0,0,0,0,0,0,0
531.12,132955,14159717,Mecânica para engenharia : estática : volume 1 - 6. ed. / 2009,0,0,0,0,0,0,0,0,0,0,0,0,0,0,0,0,0,0,0,0,0,0,0,0,0,0,0,0,0,0,0,0,2,0,0,0,0,0,0,0,0,0,0,0,0,0,0,0
531.12,132955,14159689,Mecânica para engenharia : estática : volume 1 - 6. ed. / 2009,0,0,0,0,0,0,0,0,0,0,0,0,0,0,1,0,0,0,0,0,0,0,0,0,0,0,0,0,0,0,0,0,0,0,0,0,0,0,0,0,0,0,0,0,0,0,0,0
531.12,132955,14159704,Mecânica para engenharia : estática : volume 1 - 6. ed. / 2009,0,0,0,0,0,0,0,0,0,0,0,0,0,0,0,0,0,0,0,0,0,0,0,0,0,0,0,0,0,0,0,0,0,0,0,0,0,0,0,1,0,0,0,0,0,0,0,0
531.12,132955,14159735,Mecânica para engenharia : estática : volume 1 - 6. ed. / 2009,0,0,0,1,0,0,0,0,0,0,0,0,0,0,0,0,0,0,0,0,0,0,0,0,0,0,0,0,0,0,0,0,0,0,0,0,0,0,0,0,0,0,0,0,0,0,0,0
532,89821,14338486,Transferência de calor e mecânica dos fluidos computacional - 2. ed. rev. e ampl. / 2004,0,0,0,0,0,0,0,0,0,1,0,0,0,1,1,1,0,0,0,0,0,0,0,0,0,0,0,0,0,0,0,0,0,0,0,0,0,0,0,0,0,0,0,0,0,0,0,0
532,89821,14167322,Transferência de calor e mecânica dos fluidos computacional - 2. ed. rev. e ampl. / 2004,0,0,0,1,0,0,0,0,0,1,0,0,0,0,0,0,0,0,0,0,0,0,0,0,0,0,0,0,0,0,0,0,0,0,0,0,0,0,0,0,0,0,0,0,0,0,0,0
532,89821,14167319,Transferência de calor e mecânica dos fluidos computacional - 2. ed. rev. e ampl. / 2004,0,0,0,0,0,0,0,0,0,1,0,0,0,0,0,0,0,0,0,0,0,0,0,0,0,0,0,0,0,0,0,0,0,0,0,0,0,0,0,0,0,0,0,0,0,0,0,0
532,153709,14166212,Introdução à mecânica dos fluidos - 8. ed. / 2014,0,0,0,0,0,1,1,2,1,1,1,0,0,0,1,1,2,1,0,0,0,0,0,0,0,1,0,0,0,0,0,1,1,1,0,0,0,0,0,0,0,0,0,0,0,0,0,0
532,153709,14166203,Introdução à mecânica dos fluidos - 8. ed. / 2014,1,1,1,1,1,1,1,1,1,1,1,1,0,0,1,1,0,1,0,0,0,0,0,0,0,0,0,0,0,0,0,0,0,0,0,0,0,0,0,0,0,0,0,0,0,0,0,0
532,153709,14166214,Introdução à mecânica dos fluidos - 8. ed. / 2014,0,0,0,0,1,1,1,0,0,0,0,0,0,0,0,0,1,1,1,2,1,1,1,0,0,1,0,0,0,0,1,1,1,0,0,0,0,0,0,0,0,0,0,0,0,0,0,0
532,153709,14166200,Introdução à mecânica dos fluidos - 8. ed. / 2014,1,1,1,1,1,1,1,1,1,1,1,1,0,0,0,0,0,0,0,0,0,0,0,0,0,0,0,0,0,0,0,0,0,0,0,0,0,0,0,0,0,0,0,0,1,1,0,0
532,153709,14166217,Introdução à mecânica dos fluidos - 8. ed. / 2014,0,0,0,0,1,1,1,1,1,1,1,1,0,0,1,1,0,0,0,0,0,0,0,0,0,1,0,1,0,0,0,1,0,0,0,0,0,0,0,0,0,0,0,0,0,0,0,0
532,153709,14166193,Introdução à mecânica dos fluidos - 8. ed. / 2014,0,0,0,0,1,1,1,0,0,0,0,0,0,0,0,0,0,0,0,0,0,0,0,0,0,1,0,0,0,0,0,1,1,0,1,1,2,0,2,0,0,0,0,0,0,0,0,0
532,153709,14166209,Introdução à mecânica dos fluidos - 8. ed. / 2014,1,1,1,1,1,1,1,0,0,0,0,0,0,0,1,1,1,1,1,0,0,0,0,0,0,0,0,0,0,0,0,0,0,0,0,0,0,0,0,0,0,0,0,0,0,0,0,0
532,153709,14166204,Introdução à mecânica dos fluidos - 8. ed. / 2014,0,0,0,0,1,1,1,2,0,0,0,0,0,0,0,0,0,0,0,0,0,0,0,0,0,1,0,0,1,0,0,1,1,1,0,0,1,0,0,0,0,0,0,0,0,0,0,0
532,153709,14166220,Introdução à mecânica dos fluidos - 8. ed. / 2014,0,0,0,1,2,0,1,0,0,0,0,0,0,0,1,2,1,2,0,0,0,0,0,0,0,0,0,0,0,0,1,0,0,0,0,0,0,0,0,0,0,0,0,0,0,0,0,0
532,153709,14166194,Introdução à mecânica dos fluidos - 8. ed. / 2014,0,0,0,0,1,2,1,1,1,1,1,1,0,0,0,0,0,0,0,0,0,0,0,0,0,0,0,0,0,0,0,0,0,0,0,0,0,0,0,0,0,0,0,0,0,0,0,0
532,153709,14166216,Introdução à mecânica dos fluidos - 8. ed. / 2014,0,0,0,0,0,0,0,0,0,0,0,0,0,0,1,2,1,1,2,0,0,1,1,0,0,0,0,0,0,0,0,0,0,0,0,0,0,0,0,0,0,0,0,0,0,0,0,0
532,153709,14166190,Introdução à mecânica dos fluidos - 8. ed. / 2014,0,0,0,0,0,1,0,0,0,0,0,0,0,0,0,0,0,0,2,1,0,0,0,0,0,1,1,0,0,0,0,1,1,0,0,0,0,0,0,0,0,0,0,0,0,0,0,0
532,153709,14166206,Introdução à mecânica dos fluidos - 8. ed. / 2014,1,0,0,0,0,0,1,0,0,1,0,0,0,0,1,1,1,1,0,0,0,0,0,0,0,0,0,0,0,0,0,0,0,0,0,0,0,0,0,0,0,0,0,0,0,0,0,0
532,153709,14166192,Introdução à mecânica dos fluidos - 8. ed. / 2014,1,1,1,1,1,0,0,0,0,0,0,0,0,0,0,0,0,0,0,0,0,0,0,0,0,0,0,0,0,0,0,0,0,0,0,0,0,0,0,0,0,0,0,0,0,0,0,0
532,153709,14166199,Introdução à mecânica dos fluidos - 8. ed. / 2014,0,0,0,0,2,1,1,1,0,0,0,0,0,0,0,0,0,0,0,0,0,0,0,0,0,0,0,0,0,0,0,0,0,0,0,0,0,0,0,0,0,0,0,0,0,0,0,0
532,153709,14166208,Introdução à mecânica dos fluidos - 8. ed. / 2014,0,0,0,0,0,1,0,0,0,0,0,0,0,0,1,1,1,0,0,0,0,0,0,0,0,1,0,0,0,0,0,0,0,0,0,0,0,0,0,0,0,0,0,0,0,0,0,0
532,153709,14166191,Introdução à mecânica dos fluidos - 8. ed. / 2014,0,1,1,1,0,0,0,0,0,1,0,0,0,0,0,0,0,0,0,0,0,0,0,0,0,0,0,0,0,0,0,0,0,0,0,0,0,0,0,0,0,0,0,0,0,0,0,0
532,153709,14166205,Introdução à mecânica dos fluidos - 8. ed. / 2014,0,0,0,0,1,1,1,0,0,0,0,0,0,0,0,1,0,0,0,0,0,0,0,0,0,0,0,0,0,0,0,0,0,0,0,0,0,0,0,0,0,0,0,0,0,0,0,0
532,153709,14166207,Introdução à mecânica dos fluidos - 8. ed. / 2014,0,0,0,0,3,1,0,0,0,0,0,0,0,0,0,0,0,0,0,0,0,0,0,0,0,0,0,0,0,0,0,0,0,0,0,0,0,0,0,0,0,0,0,0,0,0,0,0
532,153709,14166196,Introdução à mecânica dos fluidos - 8. ed. / 2014,0,0,0,0,0,0,0,0,0,0,0,0,0,0,0,0,0,0,0,0,0,0,0,0,0,0,1,0,0,0,0,2,0,0,0,0,0,0,0,0,0,0,0,0,0,0,0,0
532,153709,14166215,Introdução à mecânica dos fluidos - 8. ed. / 2014,0,0,0,0,0,0,1,1,0,0,0,1,0,0,0,0,0,0,0,0,0,0,0,0,0,0,0,0,0,0,0,0,0,0,0,0,0,0,0,0,0,0,0,0,0,0,0,0
532,153709,14166219,Introdução à mecânica dos fluidos - 8. ed. / 2014,1,0,0,0,0,0,0,0,0,0,0,0,0,0,1,1,0,0,0,0,0,0,0,0,0,0,0,0,0,0,0,0,0,0,0,0,0,0,0,0,0,0,0,0,0,0,0,0
532,153709,14166218,Introdução à mecânica dos fluidos - 8. ed. / 2014,0,0,0,0,0,2,0,0,0,0,0,0,0,0,0,0,0,0,0,0,0,0,0,0,0,0,0,0,0,0,0,0,0,0,0,0,0,0,0,0,0,0,0,0,0,0,0,0
532,153709,14166195,Introdução à mecânica dos fluidos - 8. ed. / 2014,0,0,0,0,0,1,0,0,0,0,0,0,0,0,0,0,0,0,0,0,0,0,0,0,0,0,0,0,0,0,0,0,0,0,0,0,0,0,0,0,0,0,0,0,0,0,0,0
532,153709,14166221,Introdução à mecânica dos fluidos - 8. ed. / 2014,0,0,0,0,1,0,0,0,0,0,0,0,0,0,0,0,0,0,0,0,0,0,0,0,0,0,0,0,0,0,0,0,0,0,0,0,0,0,0,0,0,0,0,0,0,0,0,0
540,40128,14151419,Princípios de química - 6. ed. / 1990,0,0,1,1,1,1,1,1,1,1,1,0,0,0,0,0,0,0,0,0,0,0,0,0,0,0,0,0,0,0,0,0,0,0,0,0,0,0,0,0,0,0,0,0,0,0,0,0
540,40128,14151436,Princípios de química - 6. ed. / 1990,0,0,1,0,1,1,0,2,1,1,0,0,0,0,0,0,0,0,0,0,0,0,0,0,0,0,0,0,0,0,0,0,0,0,0,0,0,0,0,0,0,0,0,0,0,0,0,0
540,40128,14151441,Princípios de química - 6. ed. / 1990,0,0,0,1,1,0,0,0,0,1,1,1,0,0,0,0,0,0,0,0,0,0,0,0,0,0,0,0,0,0,0,0,1,0,0,0,0,0,0,0,0,0,0,0,0,0,0,0
540,40128,14151432,Princípios de química - 6. ed. / 1990,0,0,0,0,0,0,0,0,0,0,0,0,0,0,0,0,0,0,0,0,0,0,0,0,0,0,0,0,0,0,0,0,1,0,0,0,0,0,0,0,1,1,1,0,1,0,0,0
540,40128,14151438,Princípios de química - 6. ed. / 1990,0,0,0,0,0,0,0,0,0,0,0,0,0,0,0,0,0,0,0,0,0,0,0,0,0,0,0,0,0,0,0,0,2,0,0,0,0,0,0,0,1,0,0,0,0,0,0,0
540,40128,14151430,Princípios de química - 6. ed. / 1990,1,0,0,0,1,0,0,0,0,0,0,0,0,0,0,0,0,0,0,0,0,0,0,0,0,0,0,0,0,0,0,0,0,0,0,0,0,0,0,0,0,0,0,0,0,0,0,0
540,40128,14151444,Princípios de química - 6. ed. / 1990,0,0,0,0,0,0,0,0,0,0,0,0,0,0,0,0,0,0,0,0,0,0,0,0,0,0,0,0,0,0,0,0,0,0,1,0,0,0,0,0,0,0,0,0,0,0,1,0
540,40128,14151445,Princípios de química - 6. ed. / 1990,0,0,0,0,1,1,0,0,0,0,0,0,0,0,0,0,0,0,0,0,0,0,0,0,0,0,0,0,0,0,0,0,0,0,0,0,0,0,0,0,0,0,0,0,0,0,0,0
540,40128,14151416,Princípios de química - 6. ed. / 1990,0,0,0,0,0,0,0,0,0,0,0,1,0,0,0,0,0,0,0,0,0,0,0,0,0,0,0,0,0,0,0,0,0,0,0,0,0,0,0,0,0,0,0,0,0,0,0,0
540,40128,14151417,Princípios de química - 6. ed. / 1990,0,0,0,0,0,0,0,0,0,0,0,0,0,0,0,0,0,0,0,0,0,0,0,0,0,0,0,0,0,0,0,0,0,0,0,0,0,0,0,1,0,0,0,0,0,0,0,0
540,40128,14151425,Princípios de química - 6. ed. / 1990,0,0,0,0,0,0,0,0,0,0,0,0,0,0,0,0,0,0,0,0,0,0,0,0,0,0,0,0,0,0,1,0,0,0,0,0,0,0,0,0,0,0,0,0,0,0,0,0
540,40128,14151433,Princípios de química - 6. ed. / 1990,0,0,0,0,1,0,0,0,0,0,0,0,0,0,0,0,0,0,0,0,0,0,0,0,0,0,0,0,0,0,0,0,0,0,0,0,0,0,0,0,0,0,0,0,0,0,0,0
540,40128,14151435,Princípios de química - 6. ed. / 1990,0,0,1,0,0,0,0,0,0,0,0,0,0,0,0,0,0,0,0,0,0,0,0,0,0,0,0,0,0,0,0,0,0,0,0,0,0,0,0,0,0,0,0,0,0,0,0,0
540,40128,14151437,Princípios de química - 6. ed. / 1990,0,0,0,0,0,0,0,0,0,0,0,0,0,0,0,0,0,0,0,0,0,0,0,0,0,0,0,0,0,0,0,0,1,0,0,0,0,0,0,0,0,0,0,0,0,0,0,0
540,84645,14185608,Química : a ciência central - 9. ed. / 2005,0,0,1,1,1,1,0,1,1,1,0,1,0,0,1,1,1,1,0,1,1,1,0,0,0,0,1,0,0,0,0,1,1,1,1,1,0,1,1,1,1,1,1,0,1,0,1,0
540,84645,14185590,Química : a ciência central - 9. ed. / 2005,0,0,1,0,1,1,1,1,1,2,1,0,0,0,1,1,1,1,0,0,0,0,0,1,0,0,0,0,0,0,0,0,0,0,0,0,0,0,0,0,0,1,2,0,2,2,1,2
540,84645,14185588,Química : a ciência central - 9. ed. / 2005,0,0,0,0,1,1,1,1,0,0,0,0,0,0,0,0,1,1,0,1,1,1,1,0,0,0,0,0,0,0,0,0,0,0,0,0,0,0,0,2,0,1,1,0,2,2,1,2
540,84645,14316973,Química : a ciência central - 9. ed. / 2005,0,0,0,0,0,0,0,0,0,0,0,0,0,0,0,0,2,1,0,1,2,1,1,0,0,1,1,0,0,0,0,0,0,0,2,0,0,0,0,2,1,2,1,0,1,1,1,0
540,84645,14185600,Química : a ciência central - 9. ed. / 2005,1,1,2,0,2,1,0,0,0,0,0,0,0,0,0,0,0,0,0,0,0,0,0,0,0,1,1,0,0,0,1,1,1,1,0,0,1,0,0,1,0,1,0,0,1,1,1,1
540,84645,14185607,Química : a ciência central - 9. ed. / 2005,0,0,1,1,1,1,1,1,1,1,1,0,0,0,2,1,1,1,1,1,0,0,0,0,0,0,0,0,0,0,0,0,0,0,0,0,1,1,0,1,0,0,1,0,0,0,0,0
540,84645,14185604,Química : a ciência central - 9. ed. / 2005,2,0,2,1,1,1,1,1,1,1,1,0,0,0,0,0,0,0,0,0,0,1,1,1,0,1,0,0,0,0,0,0,2,0,0,0,0,0,0,0,0,1,0,0,0,0,0,0
540,84645,14185609,Química : a ciência central - 9. ed. / 2005,0,0,1,1,1,0,0,0,0,0,0,0,0,0,1,1,0,1,1,0,1,2,0,0,0,0,0,0,0,0,0,0,1,1,1,0,1,1,0,0,0,1,1,0,1,1,0,0
540,84645,14185614,Química : a ciência central - 9. ed. / 2005,0,0,1,1,0,0,0,0,0,0,0,0,0,0,0,0,0,0,0,0,1,1,0,0,0,0,1,1,0,0,0,1,1,1,1,1,1,2,0,0,0,0,1,0,1,1,1,1
540,84645,14185591,Química : a ciência central - 9. ed. / 2005,0,0,1,1,1,1,1,1,1,1,1,1,0,0,0,2,1,0,0,0,0,0,0,0,0,0,0,0,0,0,0,0,1,1,1,1,1,0,0,0,0,0,0,0,0,0,0,0
540,84645,14185605,Química : a ciência central - 9. ed. / 2005,0,0,0,0,0,0,0,0,0,0,0,0,0,0,1,1,1,1,1,1,1,1,2,0,0,0,1,0,0,0,1,1,1,1,1,1,0,0,0,0,0,1,0,0,0,0,0,0
540,84645,14185587,Química : a ciência central - 9. ed. / 2005,0,0,1,1,0,1,2,1,1,1,1,1,0,0,0,0,0,0,0,0,0,0,0,0,0,0,0,0,0,0,1,1,0,0,1,0,1,1,0,1,0,0,1,0,0,0,0,0
540,84645,14185615,Química : a ciência central - 9. ed. / 2005,0,0,1,0,0,1,0,1,1,1,1,1,0,0,0,1,1,2,0,0,0,0,0,0,0,1,1,0,0,0,0,1,0,0,0,0,0,0,0,0,0,0,0,0,0,2,1,0
540,84645,14185597,Química : a ciência central - 9. ed. / 2005,0,0,1,1,1,1,0,1,1,1,0,0,0,0,0,0,0,0,0,0,0,0,0,0,0,0,0,0,0,0,0,0,0,0,0,0,1,1,0,0,1,2,1,1,1,0,0,0
540,84645,14185601,Química : a ciência central - 9. ed. / 2005,0,0,1,1,1,1,0,2,1,1,0,1,0,0,0,0,0,0,0,0,0,0,0,1,0,0,1,0,1,1,0,1,1,0,0,0,0,0,0,0,0,0,0,0,0,0,0,0
540,84645,14185585,Química : a ciência central - 9. ed. / 2005,0,0,1,1,1,1,2,1,1,1,2,0,0,0,0,0,0,0,0,0,0,0,0,0,0,0,0,0,0,0,0,0,0,0,2,0,0,0,0,0,0,1,0,0,0,0,0,0
540,84645,14185598,Química : a ciência central - 9. ed. / 2005,0,0,1,0,2,1,1,0,1,1,2,1,0,0,1,1,1,0,0,0,0,0,0,0,0,0,0,0,0,0,0,1,0,0,0,0,0,0,0,0,0,0,0,0,0,0,0,0
540,84645,14185610,Química : a ciência central - 9. ed. / 2005,0,0,0,0,1,0,0,0,0,0,0,0,0,0,0,0,0,0,0,0,0,0,0,0,0,0,0,0,0,0,0,0,1,0,1,1,1,1,1,1,1,1,1,0,1,1,1,0
540,84645,14185602,Química : a ciência central - 9. ed. / 2005,0,0,1,0,1,1,0,1,1,1,1,0,0,0,0,0,0,0,0,0,1,0,0,0,0,1,1,0,0,0,1,0,0,0,0,0,0,0,0,0,2,0,0,0,0,0,0,0
540,84645,14185586,Química : a ciência central - 9. ed. / 2005,0,0,1,1,0,3,0,1,1,1,0,0,0,0,1,0,0,0,0,0,0,1,0,0,0,1,0,0,0,0,0,0,0,0,1,0,0,0,0,0,0,0,0,0,0,0,0,0
540,84645,14185589,Química : a ciência central - 9. ed. / 2005,1,1,1,0,3,0,0,0,0,0,0,0,0,0,0,0,0,0,1,1,1,2,0,1,0,0,0,0,0,0,0,0,0,0,0,0,0,0,0,0,0,0,0,0,0,0,0,0
540,84645,14185611,Química : a ciência central - 9. ed. / 2005,0,0,1,1,1,1,0,0,0,0,0,0,0,0,0,0,0,0,1,1,1,1,1,1,0,0,0,0,0,0,0,1,0,0,0,0,0,0,0,0,0,0,0,0,0,0,0,0
540,84645,14185593,Química : a ciência central - 9. ed. / 2005,0,0,1,1,1,0,0,0,1,0,0,0,0,0,0,0,0,0,0,0,0,2,1,0,0,1,0,0,0,0,1,0,0,0,0,0,0,0,0,0,0,1,0,0,0,0,0,0
540,84645,14185594,Química : a ciência central - 9. ed. / 2005,0,0,1,1,0,1,1,1,1,1,1,1,0,0,0,0,0,0,0,0,0,1,0,0,0,0,0,0,0,0,0,0,0,0,0,0,0,0,0,0,0,0,0,0,0,0,0,0
540,84645,14151607,Química : a ciência central - 9. ed. / 2005,0,0,1,1,1,1,1,0,0,0,1,0,0,0,0,0,0,0,1,0,0,0,0,0,0,0,0,0,0,0,0,0,0,0,0,0,0,0,0,1,0,0,0,0,0,0,0,0
540,84645,14185613,Química : a ciência central - 9. ed. / 2005,0,0,1,0,1,0,0,0,1,1,1,0,0,0,0,0,0,0,0,0,1,1,0,0,0,0,0,0,0,0,0,0,0,0,1,0,0,0,0,0,0,0,0,0,0,0,0,0
540,84645,14185596,Química : a ciência central - 9. ed. / 2005,0,0,1,1,1,0,0,0,0,0,0,0,0,0,0,0,0,0,0,0,0,0,0,0,0,0,0,0,0,0,0,0,0,0,0,0,0,0,0,0,0,0,0,0,0,0,0,0
540,84645,14185592,Química : a ciência central - 9. ed. / 2005,0,0,0,0,1,0,0,0,0,0,0,0,0,0,0,0,0,0,0,0,1,0,0,0,0,0,0,0,0,0,0,0,0,0,0,0,0,0,0,0,0,0,0,0,0,0,0,0
540,108543,14151625,Química geral e reações químicas / 2010,0,0,1,1,1,1,1,0,1,1,1,0,0,0,1,1,1,0,0,0,0,0,0,0,0,0,1,0,0,0,0,2,0,1,2,0,1,0,0,2,1,1,0,0,0,0,0,0
540,108543,14151626,Química geral e reações químicas / 2010,0,0,1,1,1,1,0,0,1,1,1,0,0,0,1,0,0,0,0,0,0,0,0,0,0,0,0,0,0,0,1,0,0,0,0,0,0,0,0,0,3,1,1,0,2,2,1,2
540,108543,14151630,Química geral e reações químicas / 2010,0,0,1,0,1,1,0,0,0,0,0,0,0,0,1,1,1,1,0,1,1,1,1,0,0,0,1,0,1,1,0,1,1,0,2,0,0,0,0,2,0,1,0,0,0,0,0,0
540,108543,14151620,Química geral e reações químicas / 2010,0,0,0,1,1,1,1,1,1,1,1,0,0,0,0,1,0,0,0,0,1,1,1,0,0,0,0,0,0,0,1,1,1,0,3,1,0,0,0,0,1,0,0,0,0,0,0,0
540,108543,14151613,Química geral e reações químicas / 2010,0,0,1,1,1,1,1,1,1,1,1,1,0,0,2,1,1,0,1,0,0,0,0,0,0,0,0,0,0,0,0,0,0,0,0,0,0,0,0,1,0,1,1,0,0,0,0,0
540,108543,14151639,Química geral e reações químicas / 2010,0,0,0,1,1,1,1,1,1,1,0,0,0,0,1,1,1,1,1,1,1,1,0,0,0,0,0,0,0,0,0,1,0,0,0,0,0,0,0,0,1,0,1,0,0,0,0,0
540,108543,14151652,Química geral e reações químicas / 2010,0,0,0,0,0,0,0,0,0,0,1,1,0,0,2,0,0,0,0,0,0,1,0,0,0,0,0,0,0,0,0,0,1,0,0,0,1,1,0,1,1,1,1,0,1,1,1,2
540,108543,14151624,Química geral e reações químicas / 2010,0,0,1,1,1,1,0,0,0,0,0,0,0,0,1,1,2,1,0,1,2,1,1,1,0,0,0,0,0,0,0,0,0,0,0,0,0,0,0,0,0,0,0,0,0,0,0,0
540,108543,14151638,Química geral e reações químicas / 2010,0,0,1,1,1,1,0,0,0,0,0,0,0,0,1,1,1,1,1,1,1,1,0,0,0,0,0,0,0,0,0,1,0,1,1,0,0,0,0,0,0,0,0,0,0,0,0,0
540,108543,14151640,Química geral e reações químicas / 2010,0,0,1,1,1,1,1,1,0,0,0,0,0,0,1,1,2,1,0,1,0,0,0,0,0,0,0,0,0,0,0,0,1,0,1,0,0,0,0,0,0,0,0,0,0,0,0,0
540,108543,14151622,Química geral e reações químicas / 2010,0,0,1,1,1,1,0,0,0,0,2,0,0,0,0,1,1,1,0,0,1,0,0,0,0,0,0,0,0,0,0,1,0,0,0,0,0,0,0,1,0,1,0,0,0,0,0,0
540,108543,14151632,Química geral e reações químicas / 2010,0,0,0,0,1,1,1,1,1,1,0,2,0,0,1,1,1,0,0,0,0,0,0,0,0,0,0,0,0,0,0,0,0,0,0,0,0,0,0,0,1,0,1,0,0,0,0,0
540,108543,14151634,Química geral e reações químicas / 2010,0,0,1,0,1,1,0,0,0,0,0,0,0,0,1,1,0,1,0,1,1,1,1,0,0,0,1,0,0,0,0,1,1,0,0,0,0,0,0,0,0,0,0,0,0,0,0,0
540,108543,14151614,Química geral e reações químicas / 2010,0,0,0,0,1,0,0,0,0,0,0,0,0,0,0,1,1,0,0,0,0,0,0,0,0,0,0,0,0,0,0,0,1,1,1,0,1,0,0,1,1,1,0,0,0,0,0,0
540,108543,14151617,Química geral e reações químicas / 2010,0,0,1,1,1,0,0,0,0,0,0,0,0,0,1,1,1,1,1,1,0,0,0,0,0,0,0,0,0,0,0,0,1,0,0,0,0,0,0,0,0,0,0,0,0,0,0,0
540,108543,14151628,Química geral e reações químicas / 2010,0,0,1,1,1,1,1,0,0,1,0,0,0,0,1,1,0,1,1,0,0,0,0,0,0,0,0,0,0,0,0,0,0,0,0,0,0,0,0,0,0,0,0,0,0,0,0,0
540,108543,14151631,Química geral e reações químicas / 2010,0,0,0,1,1,1,1,1,1,1,0,0,0,0,0,0,0,0,0,0,0,0,0,0,0,0,0,0,0,0,0,0,0,0,0,0,0,0,0,1,0,1,0,0,1,0,0,0
540,108543,14151612,Química geral e reações químicas / 2010,0,0,1,1,1,1,1,1,1,1,1,0,0,0,0,0,0,0,0,0,0,0,0,0,0,0,0,0,0,0,0,0,0,0,0,0,0,0,0,0,0,0,0,0,0,0,0,0
540,108543,14151633,Química geral e reações químicas / 2010,0,0,1,0,0,0,0,0,0,0,0,0,0,0,0,1,0,0,0,0,0,0,0,0,0,0,0,0,0,0,1,0,1,0,1,0,0,0,0,0,0,0,0,0,1,1,1,1
540,108543,14151636,Química geral e reações químicas / 2010,0,0,1,1,1,2,0,0,0,0,0,0,0,0,1,1,1,1,0,0,0,0,0,0,0,0,0,0,0,0,0,0,0,0,0,0,0,0,0,0,0,0,0,0,0,0,0,0
540,108543,14151627,Química geral e reações químicas / 2010,0,0,1,0,2,1,0,0,0,0,0,0,0,0,1,0,0,0,0,0,0,0,0,0,0,0,0,0,0,0,1,0,2,0,0,0,0,0,0,0,0,0,0,0,0,0,0,0
540,108543,14151618,Química geral e reações químicas / 2010,0,0,1,1,0,1,1,0,0,0,0,0,0,0,1,1,0,0,0,0,0,0,0,0,0,0,0,0,0,0,0,0,0,0,0,0,0,0,0,0,0,0,0,0,0,0,0,0
540,108543,14151616,Química geral e reações químicas / 2010,0,0,1,1,1,1,0,0,0,0,0,0,0,0,1,0,0,0,0,0,0,0,0,0,0,0,0,0,0,0,0,0,0,0,0,0,0,0,0,0,0,0,0,0,0,0,0,0
540,108543,14151635,Química geral e reações químicas / 2010,0,0,1,1,1,0,0,0,0,0,0,0,0,0,0,0,0,0,0,0,0,0,0,0,0,0,0,0,0,0,0,1,0,0,0,0,0,0,0,0,0,0,0,0,0,0,0,0
540,108543,14151643,Química geral e reações químicas / 2010,0,0,0,0,0,0,0,0,0,0,1,0,0,0,1,1,0,0,0,0,0,1,0,0,0,0,0,0,0,0,0,0,0,0,0,0,0,0,0,0,0,0,0,0,0,0,0,0
540,108543,14151663,Química geral e reações químicas / 2010,0,0,0,0,0,0,0,0,1,1,1,1,0,0,0,0,0,0,0,0,0,0,0,0,0,0,0,0,0,0,0,0,0,0,0,0,0,0,0,0,0,0,0,0,0,0,0,0
540,108543,14151666,Química geral e reações químicas / 2010,0,0,0,0,0,0,0,0,1,1,0,2,0,0,0,0,0,0,0,0,0,0,0,0,0,0,0,0,0,0,0,0,0,0,0,0,0,0,0,0,0,0,0,0,0,0,0,0
540,108543,14151637,Química geral e reações químicas / 2010,0,0,1,0,0,0,0,0,0,0,0,0,0,0,1,1,0,0,0,0,0,0,0,0,0,0,0,0,0,0,0,0,0,0,0,0,0,0,0,0,0,0,0,0,0,0,0,0
540,108543,14151619,Química geral e reações químicas / 2010,0,0,0,0,1,0,0,0,0,0,0,0,0,0,0,0,0,0,0,0,0,0,0,0,0,0,0,0,0,0,0,0,0,0,0,0,0,0,0,1,0,0,0,0,0,0,0,0
540,108543,14151641,Química geral e reações químicas / 2010,0,0,1,0,1,0,0,0,0,0,0,0,0,0,0,0,0,0,0,0,0,0,0,0,0,0,0,0,0,0,0,0,0,0,0,0,0,0,0,0,0,0,0,0,0,0,0,0
540,108543,14151670,Química geral e reações químicas / 2010,0,0,0,0,0,0,0,0,0,1,1,0,0,0,0,0,0,0,0,0,0,0,0,0,0,0,0,0,0,0,0,0,0,0,0,0,0,0,0,0,0,0,0,0,0,0,0,0
540,108543,14198773,Química geral e reações químicas / 2010,1,0,0,0,1,0,0,0,0,0,0,0,0,0,0,0,0,0,0,0,0,0,0,0,0,0,0,0,0,0,0,0,0,0,0,0,0,0,0,0,0,0,0,0,0,0,0,0
540,108543,14151611,Química geral e reações químicas / 2010,0,0,0,0,1,0,0,0,0,0,0,0,0,0,0,0,0,0,0,0,0,0,0,0,0,0,0,0,0,0,0,0,0,0,0,0,0,0,0,0,0,0,0,0,0,0,0,0
540,108543,14151642,Química geral e reações químicas / 2010,0,0,0,0,0,0,0,0,0,0,0,0,0,0,0,0,0,0,0,0,0,0,0,0,0,0,0,0,0,0,0,0,0,0,0,0,0,0,0,0,0,0,0,0,0,0,1,0
540,108543,14151646,Química geral e reações químicas / 2010,0,0,1,0,0,0,0,0,0,0,0,0,0,0,0,0,0,0,0,0,0,0,0,0,0,0,0,0,0,0,0,0,0,0,0,0,0,0,0,0,0,0,0,0,0,0,0,0
540,108543,14151649,Química geral e reações químicas / 2010,0,0,0,0,0,0,0,0,0,0,0,0,0,0,0,0,0,0,0,0,0,0,0,0,0,0,0,0,0,0,0,0,0,0,0,0,1,0,0,0,0,0,0,0,0,0,0,0
540,108543,14151669,Química geral e reações químicas / 2010,0,0,0,0,0,0,0,0,0,0,0,0,0,0,0,0,0,0,0,0,0,0,0,0,0,0,0,0,0,0,0,0,0,0,0,0,0,0,0,0,0,0,0,0,0,0,1,0
551.48,19698,14167130,Hidrologia básica / 1976,0,0,0,0,0,0,0,0,0,0,0,0,0,0,0,0,1,0,0,0,0,0,0,0,0,0,0,0,0,0,0,0,0,0,0,0,0,0,0,0,0,0,0,0,0,0,0,0
551.48,189559,14372827,Hidrologia para engenharia e ciências ambientais. - 2. ed. rev e ampl. / 2015,0,0,0,0,0,0,0,0,0,0,0,0,0,0,0,0,0,0,0,0,0,0,0,0,0,0,0,0,0,0,0,0,0,0,0,0,0,0,0,0,1,1,0,0,0,0,0,0
551.48,189559,14372828,Hidrologia para engenharia e ciências ambientais. - 2. ed. rev e ampl. / 2015,0,0,0,0,0,0,0,0,0,0,0,0,0,0,0,0,0,0,0,0,0,0,0,0,0,0,0,0,0,0,0,0,0,0,0,0,0,0,0,0,1,1,0,0,0,0,0,0
551.48,189559,14372829,Hidrologia para engenharia e ciências ambientais. - 2. ed. rev e ampl. / 2015,0,0,0,0,0,0,0,0,0,0,0,0,0,0,0,0,0,0,0,0,0,0,0,0,0,0,0,0,0,0,0,0,0,0,0,0,0,0,0,0,1,0,0,0,0,0,0,0
556,107509,14371298,Decifrando a terra - 2. ed. / 2009,0,0,0,0,0,0,0,0,0,0,0,0,0,0,0,0,0,0,0,0,0,0,0,0,0,0,0,0,0,0,0,0,0,0,0,0,0,0,0,0,0,0,0,1,0,0,0,0
577,171650,14220056,[Terra em transe]: crônicas de um planeta em risco / 2012,0,0,0,0,0,0,0,0,0,0,0,0,0,0,0,0,0,0,0,1,1,1,0,0,0,0,0,0,0,0,0,0,0,0,0,0,0,0,0,0,0,0,0,0,0,0,0,0
5.819.813,190400,14302325,"Bioma Caatinga e o semiárido brasileiro : comentários sobre a desertificação e o aquecimento global, O / 2017",0,0,0,0,0,0,0,0,0,0,0,0,0,0,0,0,0,0,0,0,0,0,0,0,0,0,1,0,0,0,0,0,0,0,0,0,0,0,0,0,0,0,0,0,0,0,0,0
604,10128,1260111,Desenho técnico e tecnologia gráfica - 2. ed. / 1989,0,0,1,1,0,0,0,1,0,0,0,0,0,0,0,0,0,0,0,0,0,0,0,0,0,0,0,0,0,0,0,0,0,0,0,0,0,0,0,0,0,0,0,0,0,0,0,0
604.2,10129,89443,"Desenho técnico básico - 9. ed., de acordo com as novas normas / 1990",0,0,0,0,0,0,0,0,0,0,0,0,0,0,0,0,0,0,0,0,0,0,0,0,0,0,1,0,0,0,0,0,0,0,0,0,0,0,0,0,0,0,0,0,0,0,0,0
604.2,10129,89486,"Desenho técnico básico - 9. ed., de acordo com as novas normas / 1990",0,0,0,0,0,0,0,0,0,0,0,0,0,0,0,0,0,0,0,0,0,0,0,0,0,1,0,0,0,0,0,0,0,0,0,0,0,0,0,0,0,0,0,0,0,0,0,0
604.2,84701,14316979,Desenho técnico moderno - 4. ed. / 2006,0,1,1,1,0,0,0,0,0,0,0,0,0,0,1,1,1,1,0,0,0,0,0,0,0,0,3,0,0,0,0,0,0,0,0,0,0,0,0,1,0,1,1,0,0,0,0,0
604.2,150055,14149513,"Desenho técnico para mecânica : conceitos, leitura e interpretação - 1 ed. / 2014",0,0,0,0,0,0,0,0,0,0,0,0,0,0,0,0,0,0,0,0,0,0,0,0,0,1,0,0,0,0,0,1,1,0,0,0,0,0,0,0,0,0,0,0,0,0,0,0
612.815,156055,14176326,Design of machine elements - 8th ed. / 2004,0,0,0,0,1,1,0,0,0,0,0,0,0,0,0,0,0,0,0,0,0,0,0,0,0,0,0,0,0,0,0,0,0,0,0,0,0,0,0,0,0,0,0,0,0,0,0,0
620.001,171582,14372551,"Introdução à Engenharia : conceitos, ferramentas e comportamentos - 4. ed., rev. / 2016",0,0,0,0,0,0,0,0,0,0,0,0,0,0,0,0,0,0,0,0,0,0,0,0,0,0,0,0,0,0,0,0,0,0,0,0,0,0,0,1,0,0,0,0,0,0,0,0
6.200.042,154480,14170077,"Manual de desenho técnico para engenharia : desenho, modelagem e visualização / 2010",0,0,0,1,0,0,0,0,0,0,0,0,0,0,0,0,0,0,0,0,0,0,0,0,0,0,0,0,0,0,0,0,0,0,0,0,0,0,0,0,0,0,0,0,0,0,0,1
62.000.420.285,209933,14338921,Elementos finitos : a base da tecnologia CAE : análise dinâmica - 2. ed. / 2005,0,0,0,0,0,0,0,1,0,0,0,0,0,0,0,0,0,0,0,0,0,0,1,0,0,0,0,0,0,0,0,0,0,0,0,0,0,0,0,0,0,0,0,0,0,0,0,0
62.000.420.285,209939,14338922,Elementos finitos : a base da tecnologia CAE - 5. ed. / 2000,0,0,0,0,0,0,0,1,0,0,0,0,0,0,0,0,0,0,0,0,0,0,1,0,0,0,0,0,0,0,0,0,0,0,0,0,0,0,0,0,0,0,0,0,0,0,0,0
62.000.452,128121,14181473,Confiabilidade e manutenção industrial / 2009,0,0,0,0,1,0,2,1,0,0,0,0,0,0,1,1,1,1,0,1,1,1,1,0,0,0,0,0,0,0,0,0,0,0,0,0,0,0,0,0,0,0,0,0,0,0,0,0
620.1,35610,14156901,Tecnologia mecânica - 2. ed. / 1986,0,0,1,1,1,1,0,0,0,0,0,0,0,0,1,1,1,1,0,0,1,0,0,0,0,0,1,0,1,1,0,1,0,0,0,0,0,0,0,0,0,0,0,0,0,0,0,0
620.1,35610,14156899,Tecnologia mecânica - 2. ed. / 1986,0,0,0,2,0,0,0,0,0,0,0,0,0,0,1,0,1,1,0,1,1,0,0,1,0,0,1,0,0,0,0,0,1,0,0,0,0,0,0,0,0,0,0,0,0,0,0,0
620.1,35610,14156900,Tecnologia mecânica - 2. ed. / 1986,0,0,1,1,1,1,0,0,2,0,0,0,0,0,1,2,0,0,0,0,0,0,0,0,0,0,0,0,0,0,0,0,0,0,0,0,0,0,0,0,0,0,0,0,0,0,0,0
620.1,35610,14156897,Tecnologia mecânica - 2. ed. / 1986,0,0,0,1,2,1,1,0,0,0,0,0,0,0,0,0,0,0,0,0,0,0,0,0,0,0,0,0,0,0,0,0,0,0,0,0,0,0,0,0,0,0,0,0,0,0,0,0
620.1,35610,14156898,Tecnologia mecânica - 2. ed. / 1986,0,0,0,1,1,1,0,0,0,0,0,0,0,0,0,0,0,0,0,0,0,0,0,0,0,0,0,0,0,0,0,0,0,0,0,0,0,0,0,0,0,0,0,0,0,0,0,0
620.1,35610,14156905,Tecnologia mecânica - 2. ed. / 1986,0,0,1,0,2,0,0,0,0,0,0,0,0,0,0,0,0,0,0,0,0,0,0,0,0,0,0,0,0,0,0,0,0,0,0,0,0,0,0,0,0,0,0,0,0,0,0,0
620.1,35610,14156896,Tecnologia mecânica - 2. ed. / 1986,0,0,0,1,1,0,0,0,0,0,0,0,0,0,0,0,0,0,0,0,0,0,0,0,0,0,0,0,0,0,0,0,0,0,0,0,0,0,0,0,0,0,0,0,0,0,0,0
620.1,35610,14156902,Tecnologia mecânica - 2. ed. / 1986,0,0,0,1,0,0,0,0,0,0,0,0,0,0,0,0,0,0,0,0,0,0,0,0,0,0,0,0,0,0,0,0,0,0,0,0,0,0,0,0,0,0,0,0,0,0,0,0
620.1,39824,14338589,Mecânica : dinâmica - 4. ed. / 1997,0,0,0,0,0,0,0,0,0,0,0,0,0,0,0,0,0,0,1,1,0,0,0,0,0,0,0,0,0,0,0,0,0,0,0,0,0,0,0,0,0,0,0,0,0,0,0,0
620.1,150058,14149515,Elementos de máquinas de shigley : projeto de engenharia mecânica / 2011,0,0,1,0,0,0,0,0,0,0,0,0,0,0,0,0,0,0,0,0,0,0,0,0,0,0,1,2,0,1,0,1,1,1,1,1,1,1,0,1,1,0,1,0,0,0,0,0
620.1,150058,14149516,Elementos de máquinas de shigley : projeto de engenharia mecânica / 2011,0,0,0,0,0,0,0,0,0,0,0,0,0,0,0,1,0,0,0,0,0,1,1,0,0,0,1,0,0,0,0,1,0,0,0,0,0,0,0,0,0,0,0,0,0,0,0,0
620.1,154221,14169030,Mecânica para engenharia : dinâmica : volume 2 - 6. ed. / 2009,0,0,0,0,0,0,0,1,1,1,2,1,0,0,0,0,0,0,0,1,1,1,1,0,0,0,0,0,0,0,0,0,0,1,1,1,1,0,0,0,0,0,0,0,0,0,0,0
620.1,154221,14169037,Mecânica para engenharia : dinâmica : volume 2 - 6. ed. / 2009,1,1,1,0,0,0,0,1,1,1,1,1,0,0,0,0,0,0,0,1,0,2,2,0,0,0,0,0,0,0,0,0,0,0,0,0,0,0,0,0,0,0,0,0,0,0,0,0
620.1,154221,14169038,Mecânica para engenharia : dinâmica : volume 2 - 6. ed. / 2009,1,0,0,0,0,0,0,0,2,1,1,0,0,0,0,0,0,0,0,1,0,1,1,0,0,0,0,0,0,0,0,0,0,1,1,1,1,1,0,0,0,0,0,0,0,0,0,0
620.1,154221,14168977,Mecânica para engenharia : dinâmica : volume 2 - 6. ed. / 2009,1,1,1,0,0,0,0,1,1,1,1,1,0,0,0,0,0,0,0,1,1,1,1,0,0,0,0,0,0,0,0,0,0,0,0,0,0,0,0,0,0,0,0,0,0,0,0,0
620.1,154221,14169010,Mecânica para engenharia : dinâmica : volume 2 - 6. ed. / 2009,0,0,0,0,0,0,0,1,1,1,1,1,0,0,0,0,0,0,0,1,1,1,1,0,0,0,0,0,0,0,0,0,0,1,0,2,0,0,0,0,0,0,0,0,0,0,0,0
620.1,154221,14169027,Mecânica para engenharia : dinâmica : volume 2 - 6. ed. / 2009,0,0,0,0,0,0,0,1,1,1,4,0,0,0,0,0,0,0,0,1,1,1,2,0,0,0,0,0,0,0,0,0,0,0,0,0,0,0,0,0,0,0,0,0,0,0,0,0
620.1,154221,14169029,Mecânica para engenharia : dinâmica : volume 2 - 6. ed. / 2009,0,0,0,0,0,0,0,1,1,1,1,0,0,0,0,0,0,0,0,1,1,1,1,0,0,0,0,0,0,0,0,0,0,0,1,1,1,1,0,0,0,0,0,0,0,0,0,0
620.1,154221,14169000,Mecânica para engenharia : dinâmica : volume 2 - 6. ed. / 2009,0,0,0,0,0,0,0,2,1,1,1,0,0,0,0,0,0,0,0,2,1,1,1,1,0,0,0,0,0,0,0,0,0,0,0,0,0,0,0,0,0,0,0,0,0,0,0,0
620.1,154221,14169002,Mecânica para engenharia : dinâmica : volume 2 - 6. ed. / 2009,2,0,0,0,0,0,0,1,1,2,1,0,0,0,0,0,0,0,0,1,1,1,1,0,0,0,0,0,0,0,0,0,0,0,0,0,0,0,0,0,0,0,0,0,0,0,0,0
620.1,154221,14169009,Mecânica para engenharia : dinâmica : volume 2 - 6. ed. / 2009,0,0,0,0,0,0,0,1,0,0,1,0,0,0,0,0,0,0,0,0,0,1,0,1,0,0,0,0,0,0,0,0,0,0,0,0,0,0,0,1,1,1,0,0,1,1,0,2
620.1,154221,14169019,Mecânica para engenharia : dinâmica : volume 2 - 6. ed. / 2009,0,0,0,0,0,0,0,1,1,1,1,1,0,0,1,0,0,0,1,2,0,1,1,0,0,0,0,0,0,0,0,0,0,0,0,0,0,0,0,0,0,0,0,0,0,0,0,0
620.1,154221,14169021,Mecânica para engenharia : dinâmica : volume 2 - 6. ed. / 2009,0,0,0,0,0,0,0,0,1,1,1,1,0,0,0,0,0,0,1,1,1,1,1,1,0,0,0,0,0,0,0,0,0,0,0,0,0,0,0,0,0,0,1,0,0,0,0,0
620.1,154221,14168974,Mecânica para engenharia : dinâmica : volume 2 - 6. ed. / 2009,0,0,0,0,0,0,0,1,1,1,1,1,0,0,0,0,0,0,0,1,1,1,2,0,0,0,0,0,0,0,0,0,0,0,0,0,0,0,0,0,0,0,0,0,0,0,0,0
620.1,154221,14168975,Mecânica para engenharia : dinâmica : volume 2 - 6. ed. / 2009,1,1,1,0,0,0,0,1,1,1,0,0,0,0,0,0,0,0,0,0,0,0,0,1,0,0,0,0,0,0,0,0,0,0,1,1,1,0,0,0,0,0,0,0,0,0,0,0
620.1,154221,14168984,Mecânica para engenharia : dinâmica : volume 2 - 6. ed. / 2009,0,0,0,0,0,0,0,1,1,1,1,1,0,0,0,0,0,0,0,1,1,1,1,1,0,0,0,0,0,0,0,0,0,0,0,0,0,0,0,0,0,0,0,0,0,0,0,0
620.1,154221,14168999,Mecânica para engenharia : dinâmica : volume 2 - 6. ed. / 2009,0,0,0,0,0,0,0,1,1,1,1,1,0,0,1,0,0,0,0,1,1,1,1,0,0,0,0,0,0,0,0,0,0,0,0,0,0,0,0,0,0,0,0,0,0,0,0,0
620.1,154221,14168979,Mecânica para engenharia : dinâmica : volume 2 - 6. ed. / 2009,0,0,0,0,0,0,0,1,1,0,1,0,0,0,0,0,0,0,0,1,1,1,1,0,0,0,0,0,0,0,0,0,0,0,0,0,0,0,0,1,1,0,0,0,0,0,0,0
620.1,154221,14169014,Mecânica para engenharia : dinâmica : volume 2 - 6. ed. / 2009,1,1,1,0,0,0,0,1,1,0,0,0,0,0,0,0,0,0,0,1,0,1,1,1,0,0,0,0,0,0,0,0,0,0,0,0,0,0,0,0,0,0,0,0,0,0,0,0
620.1,154221,14169022,Mecânica para engenharia : dinâmica : volume 2 - 6. ed. / 2009,1,1,1,0,0,0,0,1,0,0,0,0,0,0,0,0,0,0,0,1,1,1,1,1,0,0,0,0,0,0,0,0,0,0,0,0,0,0,0,0,0,0,0,0,0,0,0,0
620.1,154221,14169025,Mecânica para engenharia : dinâmica : volume 2 - 6. ed. / 2009,0,0,0,0,0,0,0,1,1,1,0,0,0,0,0,0,0,0,0,0,0,1,0,1,0,0,0,0,0,0,0,0,0,0,0,0,0,0,0,0,0,0,0,0,1,1,1,1
620.1,154221,14169026,Mecânica para engenharia : dinâmica : volume 2 - 6. ed. / 2009,0,0,0,0,0,0,0,1,1,1,1,1,0,0,0,0,0,0,0,1,1,1,1,0,0,0,0,0,0,0,0,0,0,0,0,0,0,0,0,0,0,0,0,0,0,0,0,0
620.1,154221,14169028,Mecânica para engenharia : dinâmica : volume 2 - 6. ed. / 2009,0,0,0,0,0,0,0,1,1,1,1,0,0,0,0,0,0,0,0,1,1,2,0,0,0,0,0,0,0,0,0,0,0,0,0,0,0,0,0,0,0,0,0,0,1,0,0,0
620.1,154221,14169034,Mecânica para engenharia : dinâmica : volume 2 - 6. ed. / 2009,0,0,0,0,0,0,0,2,1,1,1,0,0,0,0,0,0,0,0,0,0,1,0,0,0,0,0,0,0,0,0,0,0,0,0,0,0,0,0,0,0,0,0,0,1,1,1,0
620.1,154221,14168983,Mecânica para engenharia : dinâmica : volume 2 - 6. ed. / 2009,0,0,0,0,0,0,0,1,1,1,1,0,0,0,0,0,0,0,0,0,0,1,0,1,0,0,0,0,0,0,0,0,0,0,0,0,0,0,0,0,0,0,0,0,1,0,0,1
620.1,154221,14168985,Mecânica para engenharia : dinâmica : volume 2 - 6. ed. / 2009,0,0,0,0,0,0,0,1,0,1,1,0,0,0,0,0,0,0,0,1,1,1,1,1,0,0,0,0,0,0,0,0,0,0,0,0,0,0,0,0,0,0,0,0,0,0,0,0
620.1,154221,14168981,Mecânica para engenharia : dinâmica : volume 2 - 6. ed. / 2009,0,0,0,0,0,0,0,0,0,1,0,1,0,0,0,0,0,0,0,1,1,1,1,1,0,0,0,0,0,0,0,0,0,0,0,0,0,0,0,0,0,0,0,0,0,0,0,0
620.1,154221,14169004,Mecânica para engenharia : dinâmica : volume 2 - 6. ed. / 2009,0,0,0,0,0,0,0,1,1,1,0,0,0,0,0,0,0,0,0,1,1,1,1,0,0,0,0,0,0,0,0,0,0,0,0,0,0,0,0,0,0,0,0,0,0,0,0,0
620.1,154221,14169031,Mecânica para engenharia : dinâmica : volume 2 - 6. ed. / 2009,0,0,0,0,0,0,0,2,1,0,0,0,0,0,0,0,0,0,0,1,1,1,1,0,0,0,0,0,0,0,0,0,0,0,0,0,0,0,0,0,0,0,0,0,0,0,0,0
620.1,154221,14168973,Mecânica para engenharia : dinâmica : volume 2 - 6. ed. / 2009,0,0,0,0,0,0,0,0,0,0,0,0,0,0,0,0,0,0,0,1,1,1,1,1,0,0,0,0,0,0,0,0,0,0,1,0,0,0,0,0,0,0,0,0,0,0,0,0
620.1,154221,14168980,Mecânica para engenharia : dinâmica : volume 2 - 6. ed. / 2009,0,0,0,0,0,0,0,0,2,1,0,0,0,0,0,0,0,0,0,0,0,1,1,1,0,0,0,0,0,0,0,0,0,0,0,0,0,0,0,0,0,0,0,0,0,0,0,0
620.1,154221,14168991,Mecânica para engenharia : dinâmica : volume 2 - 6. ed. / 2009,0,0,0,0,0,0,0,1,1,0,0,0,0,0,0,0,0,0,0,0,0,1,0,0,0,0,0,0,0,0,0,0,0,0,0,0,2,1,0,0,0,0,0,0,0,0,0,0
620.1,154221,14168996,Mecânica para engenharia : dinâmica : volume 2 - 6. ed. / 2009,0,0,0,0,0,0,0,2,1,1,1,0,0,0,0,0,0,0,0,0,0,1,0,0,0,0,0,0,0,0,0,0,0,0,0,0,0,0,0,0,0,0,0,0,0,0,0,0
620.1,154221,14169012,Mecânica para engenharia : dinâmica : volume 2 - 6. ed. / 2009,0,0,0,0,0,0,0,1,0,1,0,0,0,0,0,0,0,0,0,0,0,0,0,0,0,0,0,0,0,0,0,0,0,0,0,0,0,0,0,0,0,0,0,0,1,1,1,1
620.1,154221,14168978,Mecânica para engenharia : dinâmica : volume 2 - 6. ed. / 2009,0,0,0,0,0,0,0,1,1,1,0,0,0,0,0,0,0,0,0,0,0,1,1,0,0,0,0,0,0,0,0,0,0,0,0,0,0,0,0,0,0,0,0,0,0,0,0,0
620.1,154221,14168992,Mecânica para engenharia : dinâmica : volume 2 - 6. ed. / 2009,0,0,0,0,0,0,0,0,0,0,0,0,0,0,0,0,0,0,0,1,2,1,1,0,0,0,0,0,0,0,0,0,0,0,0,0,0,0,0,0,0,0,0,0,0,0,0,0
620.1,154221,14169007,Mecânica para engenharia : dinâmica : volume 2 - 6. ed. / 2009,0,0,0,0,0,0,0,2,1,0,0,0,0,0,0,0,0,0,0,0,0,1,0,1,0,0,0,0,0,0,0,0,0,0,0,0,0,0,0,0,0,0,0,0,0,0,0,0
620.1,154221,14169020,Mecânica para engenharia : dinâmica : volume 2 - 6. ed. / 2009,0,0,0,0,0,0,0,1,1,0,0,0,0,0,0,0,0,0,0,0,0,0,0,1,0,0,0,0,0,0,0,0,0,0,0,0,0,0,0,1,1,0,0,0,0,0,0,0
620.1,154221,14168987,Mecânica para engenharia : dinâmica : volume 2 - 6. ed. / 2009,0,0,0,0,0,0,0,1,1,1,1,0,0,0,0,0,0,0,0,0,0,0,0,0,0,0,0,0,0,0,0,0,0,0,0,0,0,0,0,0,0,0,0,0,0,0,0,0
620.1,154221,14168997,Mecânica para engenharia : dinâmica : volume 2 - 6. ed. / 2009,0,0,0,0,0,0,0,0,0,0,1,1,0,0,0,0,0,0,1,1,0,0,0,0,0,0,0,0,0,0,0,0,0,0,0,0,0,0,0,0,0,0,0,0,0,0,0,0
620.1,154221,14169003,Mecânica para engenharia : dinâmica : volume 2 - 6. ed. / 2009,0,0,0,0,0,0,0,0,0,0,0,0,0,0,0,0,0,0,0,1,1,1,1,0,0,0,0,0,0,0,0,0,0,0,0,0,0,0,0,0,0,0,0,0,0,0,0,0
620.1,154221,14169035,Mecânica para engenharia : dinâmica : volume 2 - 6. ed. / 2009,0,0,0,0,0,0,0,0,0,0,0,0,0,0,0,0,0,0,0,1,0,1,2,0,0,0,0,0,0,0,0,0,0,0,0,0,0,0,0,0,0,0,0,0,0,0,0,0
620.1,154221,14238996,Mecânica para engenharia : dinâmica : volume 2 - 6. ed. / 2009,0,0,0,0,0,0,0,1,1,0,0,0,0,0,0,0,0,0,0,0,0,1,0,0,0,0,0,0,0,0,0,0,0,0,0,0,0,0,0,0,1,0,0,0,0,0,0,0
620.1,154221,14169011,Mecânica para engenharia : dinâmica : volume 2 - 6. ed. / 2009,0,0,0,0,0,0,0,0,0,0,0,0,0,0,0,0,0,0,0,1,1,1,0,0,0,0,0,0,0,0,0,0,0,0,0,0,0,0,0,0,0,0,0,0,0,0,0,0
620.1,154221,14168989,Mecânica para engenharia : dinâmica : volume 2 - 6. ed. / 2009,1,0,0,0,0,0,0,0,0,0,0,0,0,0,0,0,0,0,0,0,0,0,0,0,0,0,0,0,0,0,0,0,0,0,0,0,0,0,0,0,0,0,0,0,1,0,0,0
620.1,154221,14168998,Mecânica para engenharia : dinâmica : volume 2 - 6. ed. / 2009,0,0,0,0,0,0,0,1,0,0,0,0,0,0,0,0,0,0,0,0,0,0,0,1,0,0,0,0,0,0,0,0,0,0,0,0,0,0,0,0,0,0,0,0,0,0,0,0
620.1,154221,14169024,Mecânica para engenharia : dinâmica : volume 2 - 6. ed. / 2009,0,0,0,0,0,0,0,0,0,0,0,0,0,0,0,0,0,0,0,0,0,0,0,0,0,0,0,0,0,0,0,0,0,1,1,0,0,0,0,0,0,0,0,0,0,0,0,0
620.1,154221,14168995,Mecânica para engenharia : dinâmica : volume 2 - 6. ed. / 2009,0,0,0,0,0,0,0,0,0,0,0,0,0,0,0,0,0,0,0,0,0,0,0,0,0,0,0,0,0,0,0,0,0,0,0,0,0,0,0,0,0,1,0,0,0,0,0,0
620.1,154221,14169006,Mecânica para engenharia : dinâmica : volume 2 - 6. ed. / 2009,0,0,0,0,0,0,0,0,1,0,0,0,0,0,0,0,0,0,0,0,0,0,0,0,0,0,0,0,0,0,0,0,0,0,0,0,0,0,0,0,0,0,0,0,0,0,0,0
620.1,154221,14169023,Mecânica para engenharia : dinâmica : volume 2 - 6. ed. / 2009,0,0,0,0,0,0,0,0,0,0,0,0,0,0,0,0,0,0,0,1,0,0,0,0,0,0,0,0,0,0,0,0,0,0,0,0,0,0,0,0,0,0,0,0,0,0,0,0
620.1,158195,14187802,Tecnologia mecânica : processos de fabricação e tratamento - 2. ed. / 2014,0,0,1,0,2,1,0,1,1,1,1,1,0,0,2,1,1,2,0,0,0,0,0,0,0,0,1,0,0,0,0,0,0,1,0,0,0,0,0,0,0,0,0,0,0,0,0,0
620.1,158195,14187816,Tecnologia mecânica : processos de fabricação e tratamento - 2. ed. / 2014,1,0,0,1,2,1,1,1,1,1,1,1,0,0,1,1,1,1,1,0,0,0,0,0,0,0,0,0,0,0,0,0,0,0,0,0,0,0,0,0,0,0,0,0,0,0,0,0
620.1,158195,14187821,Tecnologia mecânica : processos de fabricação e tratamento - 2. ed. / 2014,1,1,2,1,1,1,1,1,1,1,1,0,0,0,0,0,0,0,0,0,0,0,0,0,0,0,0,0,0,0,0,0,0,0,0,0,0,0,0,0,0,0,0,0,0,0,0,0
620.1,158195,14187813,Tecnologia mecânica : processos de fabricação e tratamento - 2. ed. / 2014,1,2,1,2,1,2,0,1,1,0,0,0,0,0,0,0,0,0,0,0,0,0,0,0,0,0,0,0,0,0,0,0,0,0,0,0,0,0,0,0,0,0,0,0,0,0,0,0
620.1,158195,14187811,Tecnologia mecânica : processos de fabricação e tratamento - 2. ed. / 2014,0,0,0,1,1,1,0,1,1,1,1,1,0,0,0,0,1,1,0,0,0,0,0,0,0,0,0,0,0,0,0,0,0,0,0,0,0,0,0,0,0,0,0,0,0,0,0,0
620.1,158195,14187797,Tecnologia mecânica : processos de fabricação e tratamento - 2. ed. / 2014,0,0,1,1,1,1,1,1,1,1,1,0,0,0,0,0,0,0,0,0,0,0,0,0,0,0,0,0,0,0,0,0,0,0,0,0,0,0,0,0,0,0,0,0,0,0,0,0
620.1,158195,14187806,Tecnologia mecânica : processos de fabricação e tratamento - 2. ed. / 2014,1,1,1,1,1,0,0,0,1,1,1,1,0,0,0,0,0,0,0,0,0,0,0,0,0,0,0,0,0,0,0,0,0,0,0,0,0,0,0,0,0,0,0,0,0,0,0,0
620.1,158195,14344938,Tecnologia mecânica : processos de fabricação e tratamento - 2. ed. / 2014,0,0,0,0,0,0,0,1,1,1,0,0,0,0,1,2,1,2,0,0,0,0,0,0,0,0,0,0,0,0,0,0,0,0,0,0,0,0,0,0,0,0,0,0,0,0,0,0
620.1,158195,14187805,Tecnologia mecânica : processos de fabricação e tratamento - 2. ed. / 2014,0,0,1,1,1,1,0,1,1,1,0,0,0,0,0,0,0,0,0,0,0,0,0,0,0,0,0,0,0,0,0,0,0,0,0,0,0,0,0,0,0,0,0,0,0,0,0,0
620.1,158195,14187809,Tecnologia mecânica : processos de fabricação e tratamento - 2. ed. / 2014,0,0,0,0,0,0,0,0,0,0,0,0,0,0,0,0,0,0,0,0,0,0,0,0,0,0,0,0,0,0,0,0,0,0,2,1,1,1,0,1,0,0,0,0,0,0,0,0
620.1,158195,14187814,Tecnologia mecânica : processos de fabricação e tratamento - 2. ed. / 2014,0,0,0,1,1,0,0,1,1,1,1,0,0,0,0,0,0,0,0,0,0,0,0,0,0,0,0,0,0,0,0,0,0,0,0,0,0,0,0,0,0,0,0,0,0,0,0,0
620.1,158195,14187796,Tecnologia mecânica : processos de fabricação e tratamento - 2. ed. / 2014,0,0,1,0,0,0,0,1,1,1,1,0,0,0,0,0,0,0,0,0,0,0,0,0,0,0,0,0,0,0,0,0,0,0,0,0,0,0,0,0,0,0,0,0,0,0,0,0
620.1,158195,14187807,Tecnologia mecânica : processos de fabricação e tratamento - 2. ed. / 2014,0,0,0,0,0,0,0,0,0,0,0,0,0,0,0,0,0,0,0,0,0,0,0,0,0,0,0,0,0,0,0,0,0,0,0,2,1,1,1,0,0,0,0,0,0,0,0,0
620.1,158195,14187820,Tecnologia mecânica : processos de fabricação e tratamento - 2. ed. / 2014,0,0,1,0,0,0,0,1,1,1,1,0,0,0,0,0,0,0,0,0,0,0,0,0,0,0,0,0,0,0,0,0,0,0,0,0,0,0,0,0,0,0,0,0,0,0,0,0
620.1,158195,14187810,Tecnologia mecânica : processos de fabricação e tratamento - 2. ed. / 2014,0,0,1,1,0,1,1,0,0,0,0,0,0,0,0,0,0,0,0,0,0,0,0,0,0,0,0,0,0,0,0,0,0,0,0,0,0,0,0,0,0,0,0,0,0,0,0,0
620.1,158195,14187794,Tecnologia mecânica : processos de fabricação e tratamento - 2. ed. / 2014,0,0,1,1,1,0,0,0,0,0,0,0,0,0,0,0,0,0,0,0,0,0,0,0,0,0,0,0,0,0,0,0,0,0,0,0,0,0,0,0,0,0,0,0,0,0,0,0
620.1,158195,14187795,Tecnologia mecânica : processos de fabricação e tratamento - 2. ed. / 2014,0,0,0,0,0,0,0,0,1,1,1,0,0,0,0,0,0,0,0,0,0,0,0,0,0,0,0,0,0,0,0,0,0,0,0,0,0,0,0,0,0,0,0,0,0,0,0,0
620.1,158195,14187803,Tecnologia mecânica : processos de fabricação e tratamento - 2. ed. / 2014,1,1,1,0,0,0,0,0,0,0,0,0,0,0,0,0,0,0,0,0,0,0,0,0,0,0,0,0,0,0,0,0,0,0,0,0,0,0,0,0,0,0,0,0,0,0,0,0
620.1,158195,14187804,Tecnologia mecânica : processos de fabricação e tratamento - 2. ed. / 2014,0,0,1,0,2,0,0,0,0,0,0,0,0,0,0,0,0,0,0,0,0,0,0,0,0,0,0,0,0,0,0,0,0,0,0,0,0,0,0,0,0,0,0,0,0,0,0,0
620.1,158195,14187798,Tecnologia mecânica : processos de fabricação e tratamento - 2. ed. / 2014,0,0,0,1,1,0,0,0,0,0,0,0,0,0,0,0,0,0,0,0,0,0,0,0,0,0,0,0,0,0,0,0,0,0,0,0,0,0,0,0,0,0,0,0,0,0,0,0
620.1,158195,14187817,Tecnologia mecânica : processos de fabricação e tratamento - 2. ed. / 2014,0,0,1,1,0,0,0,0,0,0,0,0,0,0,0,0,0,0,0,0,0,0,0,0,0,0,0,0,0,0,0,0,0,0,0,0,0,0,0,0,0,0,0,0,0,0,0,0
620.1,158195,14187815,Tecnologia mecânica : processos de fabricação e tratamento - 2. ed. / 2014,0,0,0,0,0,0,0,0,1,0,0,0,0,0,0,0,0,0,0,0,0,0,0,0,0,0,0,0,0,0,0,0,0,0,0,0,0,0,0,0,0,0,0,0,0,0,0,0
620.103,190903,14372795,Estática:  mecânica para engenharia - 4. ed. / 2002,0,0,0,0,0,0,0,0,0,0,0,0,0,0,0,0,0,0,0,0,0,0,0,0,0,0,0,0,0,0,0,0,0,0,0,0,0,0,0,1,0,0,0,0,0,0,0,0
6.201.054,219540,14372087,Dinâmica: mecânica para engenharia - 14. ed. / 2017,0,0,0,0,0,0,0,0,0,0,0,0,0,0,0,0,0,0,0,0,0,0,0,0,0,0,0,0,0,0,0,0,0,0,0,0,0,0,0,1,1,1,0,0,0,0,0,0
6.201.054,219540,14372081,Dinâmica: mecânica para engenharia - 14. ed. / 2017,0,0,0,0,0,0,0,0,0,0,0,0,0,0,0,0,0,0,0,0,0,0,0,0,0,0,0,0,0,0,0,0,0,0,0,0,0,0,0,1,0,0,0,0,0,0,0,0
620.106,83579,14161597,Fundamentos da mecânica dos fluidos / 2004,0,0,1,1,1,1,1,1,1,1,1,1,0,0,0,0,0,0,0,0,0,0,0,0,0,0,0,0,0,0,0,0,0,0,0,0,0,0,0,0,0,0,0,0,0,0,0,0
620.106,83579,14161589,Fundamentos da mecânica dos fluidos / 2004,1,1,2,1,0,0,0,0,0,0,0,0,0,0,0,0,0,0,0,0,0,0,0,0,0,0,0,0,0,0,0,0,0,0,0,0,0,0,0,0,0,0,0,0,0,0,0,0
620.106,83579,14161594,Fundamentos da mecânica dos fluidos / 2004,0,0,0,0,0,0,0,0,0,0,0,0,0,0,1,0,0,0,2,1,0,0,0,0,0,0,0,0,0,0,0,0,0,0,0,0,0,0,0,0,0,0,0,0,0,0,0,0
620.106,83579,14161601,Fundamentos da mecânica dos fluidos / 2004,2,0,1,0,0,0,0,0,0,0,0,0,0,0,0,0,0,0,0,0,0,0,0,0,0,0,0,0,0,0,0,0,0,0,0,0,0,0,0,0,0,0,0,0,0,0,0,0
620.106,83579,14161591,Fundamentos da mecânica dos fluidos / 2004,1,1,0,0,0,0,0,0,0,0,0,0,0,0,0,0,0,0,0,0,0,0,0,0,0,0,0,0,0,0,0,0,0,0,0,0,0,0,0,0,0,0,0,0,0,0,0,0
620.106,83579,14161602,Fundamentos da mecânica dos fluidos / 2004,0,0,0,0,0,0,0,0,0,1,0,0,0,0,0,0,0,0,0,0,0,0,0,0,0,0,0,0,0,0,0,0,0,0,0,0,0,0,0,0,0,0,0,0,1,0,0,0
620.106,83579,14161607,Fundamentos da mecânica dos fluidos / 2004,0,0,1,0,0,0,0,0,0,1,0,0,0,0,0,0,0,0,0,0,0,0,0,0,0,0,0,0,0,0,0,0,0,0,0,0,0,0,0,0,0,0,0,0,0,0,0,0
620.106,83579,14161613,Fundamentos da mecânica dos fluidos / 2004,0,0,1,0,0,0,0,0,0,0,0,0,0,0,1,0,0,0,0,0,0,0,0,0,0,0,0,0,0,0,0,0,0,0,0,0,0,0,0,0,0,0,0,0,0,0,0,0
620.11,19847,14189810,Princípios de ciência e tecnologia dos materiais / 1984,0,0,0,0,0,0,0,0,0,0,0,0,0,0,1,1,1,1,0,0,0,0,0,0,0,0,0,0,0,0,0,0,0,0,0,0,0,0,0,0,0,0,0,0,0,0,0,0
620.11,19847,14189811,Princípios de ciência e tecnologia dos materiais / 1984,0,0,1,0,0,0,0,0,0,0,0,0,0,0,0,0,0,0,0,0,0,0,0,0,0,0,0,0,0,0,0,0,0,0,0,0,0,0,0,0,0,0,0,0,0,0,0,0
620.11,132417,14149622,Ciência e engenharia de materiais: uma introdução - 8. ed. / 2012,0,0,1,1,1,1,0,0,0,0,0,0,0,0,1,1,1,3,1,1,1,1,1,1,0,0,1,0,0,0,1,1,1,1,0,0,0,0,0,1,1,0,0,0,0,0,0,0
620.11,132417,14149610,Ciência e engenharia de materiais: uma introdução - 8. ed. / 2012,0,0,2,1,1,1,1,0,0,0,0,0,0,0,2,1,2,1,0,1,0,0,0,0,0,1,1,0,0,0,1,0,1,0,0,0,0,0,0,2,1,1,1,0,0,0,0,0
620.11,132417,14149598,Ciência e engenharia de materiais: uma introdução - 8. ed. / 2012,0,0,1,1,1,1,0,0,0,0,0,0,0,0,1,1,1,1,1,0,0,0,0,0,0,1,1,1,1,0,1,1,1,0,0,0,0,0,0,3,0,1,1,0,0,0,0,0
620.11,132417,14149628,Ciência e engenharia de materiais: uma introdução - 8. ed. / 2012,1,1,2,1,1,2,0,0,0,0,0,0,0,1,1,1,1,1,0,1,0,0,0,0,0,1,0,0,0,0,1,1,1,0,0,0,0,0,0,1,1,0,0,0,0,0,0,0
620.11,132417,14149635,Ciência e engenharia de materiais: uma introdução - 8. ed. / 2012,0,0,1,1,1,1,1,0,0,0,0,1,0,0,1,1,2,1,0,1,0,0,0,0,0,1,0,0,0,0,0,2,1,0,0,0,0,0,0,1,1,0,1,0,0,0,0,0
620.11,132417,14149614,Ciência e engenharia de materiais: uma introdução - 8. ed. / 2012,0,0,1,1,1,1,1,0,0,0,0,0,0,0,1,1,2,1,0,0,0,0,0,0,0,1,1,1,0,0,0,1,1,1,0,0,0,0,0,1,1,0,0,0,0,0,0,0
620.11,132417,14149612,Ciência e engenharia de materiais: uma introdução - 8. ed. / 2012,1,1,2,1,1,1,1,2,0,0,0,0,0,0,1,0,1,1,0,0,0,0,0,0,0,1,0,0,0,0,0,1,1,0,0,0,0,0,0,0,1,0,0,0,0,0,0,0
620.11,132417,14149638,Ciência e engenharia de materiais: uma introdução - 8. ed. / 2012,0,0,1,1,1,0,0,0,0,0,0,0,0,0,1,1,1,1,0,0,0,0,0,0,0,0,1,1,0,0,0,1,1,0,0,0,0,0,0,2,1,0,1,0,1,1,0,0
620.11,132417,14149607,Ciência e engenharia de materiais: uma introdução - 8. ed. / 2012,0,0,1,1,1,1,1,1,1,0,0,0,0,0,1,1,1,1,1,0,0,0,0,0,0,1,0,1,0,0,1,0,1,0,0,0,0,0,0,0,0,0,0,0,0,0,0,0
620.11,132417,14149616,Ciência e engenharia de materiais: uma introdução - 8. ed. / 2012,0,0,1,1,1,1,1,0,0,0,0,0,0,0,1,1,1,1,0,0,0,0,0,0,0,1,1,0,0,0,0,1,1,0,0,0,0,0,0,1,0,1,1,0,0,0,0,0
620.11,132417,14149617,Ciência e engenharia de materiais: uma introdução - 8. ed. / 2012,0,0,1,1,1,1,1,0,0,0,0,0,0,0,2,1,1,1,1,0,0,0,0,0,0,0,1,0,0,0,0,1,1,1,0,0,0,0,0,1,0,0,0,0,0,0,0,0
620.11,132417,14149632,Ciência e engenharia de materiais: uma introdução - 8. ed. / 2012,0,0,1,1,1,1,0,0,0,0,0,0,0,0,1,1,1,1,1,1,1,0,0,0,0,1,0,1,0,1,0,1,1,0,0,0,0,0,0,0,0,0,0,0,0,0,0,0
620.11,132417,14149599,Ciência e engenharia de materiais: uma introdução - 8. ed. / 2012,1,1,1,1,1,1,0,0,0,0,0,0,0,0,1,2,1,1,0,0,0,0,0,0,0,1,0,0,0,0,0,1,1,0,0,0,0,0,0,1,0,0,0,0,0,0,0,0
620.11,132417,14149605,Ciência e engenharia de materiais: uma introdução - 8. ed. / 2012,0,0,1,1,1,1,1,0,0,0,0,0,0,0,1,1,1,1,1,0,0,0,0,0,0,1,0,1,0,0,0,1,1,0,0,0,0,0,0,1,0,0,0,0,0,0,0,0
620.11,132417,14149619,Ciência e engenharia de materiais: uma introdução - 8. ed. / 2012,0,0,1,1,1,1,0,0,0,0,0,0,0,0,1,1,1,1,0,0,0,0,0,0,0,1,0,0,1,0,1,1,1,0,0,0,0,0,0,1,1,0,0,0,0,0,0,0
620.11,132417,14149624,Ciência e engenharia de materiais: uma introdução - 8. ed. / 2012,0,0,1,1,1,1,1,0,0,0,0,0,0,0,1,1,1,1,0,0,0,0,0,0,0,1,1,1,0,0,0,1,1,0,0,0,0,0,0,0,0,0,1,0,0,0,0,0
620.11,132417,14149630,Ciência e engenharia de materiais: uma introdução - 8. ed. / 2012,0,0,1,1,1,1,0,0,0,0,0,0,0,0,1,1,1,1,0,1,0,0,0,0,0,1,0,0,1,0,0,1,1,0,0,0,0,0,0,1,0,0,1,0,0,0,0,0
620.11,132417,14149615,Ciência e engenharia de materiais: uma introdução - 8. ed. / 2012,0,0,1,1,1,1,0,0,0,0,0,0,0,0,0,2,1,1,0,0,0,0,0,0,0,0,1,0,0,0,0,1,0,0,0,0,0,0,0,1,1,1,1,0,0,0,0,0
620.11,132417,14149620,Ciência e engenharia de materiais: uma introdução - 8. ed. / 2012,0,0,1,1,1,1,0,0,0,0,0,0,0,0,1,1,2,1,0,0,0,0,0,0,0,0,0,0,0,0,0,0,0,0,0,0,0,0,0,2,1,1,1,0,0,0,0,0
620.11,132417,14149631,Ciência e engenharia de materiais: uma introdução - 8. ed. / 2012,0,0,2,1,1,1,1,1,0,0,0,0,0,0,1,1,1,1,1,0,0,0,0,0,0,1,0,0,0,0,0,0,0,0,0,0,0,0,0,1,0,0,0,0,0,0,0,0
620.11,132417,14360970,Ciência e engenharia de materiais: uma introdução - 8. ed. / 2012,0,0,0,0,0,0,0,0,0,0,0,0,0,0,1,1,1,1,1,0,0,0,0,0,0,0,1,0,0,0,2,1,1,2,0,0,0,0,0,1,0,0,1,0,0,0,0,0
620.11,132417,14149601,Ciência e engenharia de materiais: uma introdução - 8. ed. / 2012,0,0,1,1,0,0,0,0,0,0,0,0,0,0,1,1,1,1,0,0,0,0,0,0,0,0,1,0,1,1,1,1,1,0,0,0,0,0,0,1,0,0,0,0,0,0,0,0
620.11,132417,14149603,Ciência e engenharia de materiais: uma introdução - 8. ed. / 2012,0,0,1,1,1,1,0,0,0,0,0,0,0,0,1,1,1,1,0,0,0,0,0,0,0,0,1,0,0,0,1,1,0,0,0,0,0,0,0,1,0,0,1,0,0,0,0,0
620.11,132417,14149606,Ciência e engenharia de materiais: uma introdução - 8. ed. / 2012,0,0,1,1,1,1,1,1,1,1,0,0,0,0,1,1,1,1,0,0,0,0,0,0,0,0,1,0,0,0,0,0,0,0,0,0,0,0,0,0,0,0,0,0,0,0,0,0
620.11,132417,14149611,Ciência e engenharia de materiais: uma introdução - 8. ed. / 2012,0,0,1,1,1,1,0,0,0,0,0,0,0,0,1,0,0,1,0,0,0,0,0,0,0,0,0,0,0,0,0,0,0,0,0,0,0,0,0,1,1,1,1,0,1,1,1,0
620.11,132417,14149613,Ciência e engenharia de materiais: uma introdução - 8. ed. / 2012,0,0,1,1,2,0,0,0,0,0,0,0,0,0,1,1,2,1,0,0,0,0,0,0,0,1,0,0,0,0,0,1,1,0,0,0,0,0,0,1,0,0,0,0,0,0,0,0
620.11,132417,14149627,Ciência e engenharia de materiais: uma introdução - 8. ed. / 2012,0,0,1,1,0,0,0,0,0,0,0,0,0,0,1,1,1,1,1,0,0,0,0,0,0,1,0,0,0,0,0,1,1,1,0,0,0,0,0,1,0,0,0,0,0,0,0,0
620.11,132417,14149634,Ciência e engenharia de materiais: uma introdução - 8. ed. / 2012,0,0,1,1,1,1,0,0,0,0,0,0,0,0,1,0,0,0,0,0,0,0,0,0,0,0,1,1,0,0,0,1,1,1,0,0,0,0,0,1,0,0,0,0,0,0,0,0
620.11,132417,14149636,Ciência e engenharia de materiais: uma introdução - 8. ed. / 2012,0,0,1,1,1,1,0,0,0,0,0,0,0,0,1,1,1,1,0,0,0,0,0,0,0,1,0,0,0,0,0,1,1,0,0,0,0,0,0,0,0,0,0,0,0,0,0,0
620.11,132417,14149633,Ciência e engenharia de materiais: uma introdução - 8. ed. / 2012,0,0,1,1,1,1,2,0,0,0,0,0,0,0,1,1,1,1,0,0,0,0,0,0,0,0,0,0,0,0,0,0,0,0,0,0,0,0,0,0,0,0,0,0,0,0,0,0
620.11,132417,14149600,Ciência e engenharia de materiais: uma introdução - 8. ed. / 2012,0,0,1,1,0,0,1,0,0,0,0,0,0,0,1,1,1,1,1,0,0,0,0,0,0,0,0,0,0,0,0,0,0,0,0,0,0,0,0,1,0,0,0,0,0,0,0,0
620.11,132417,14149604,Ciência e engenharia de materiais: uma introdução - 8. ed. / 2012,0,0,1,1,1,1,0,0,0,0,0,0,0,0,1,0,0,0,0,0,0,0,0,0,0,1,0,0,0,0,0,0,1,0,0,0,0,0,0,1,1,0,0,0,0,0,0,0
620.11,132417,14149602,Ciência e engenharia de materiais: uma introdução - 8. ed. / 2012,0,0,1,1,1,1,1,0,0,0,0,0,0,0,0,1,0,0,0,0,0,0,0,0,0,0,0,0,0,0,0,0,0,0,0,0,0,0,0,0,0,0,1,0,1,0,0,0
620.11,132417,14149608,Ciência e engenharia de materiais: uma introdução - 8. ed. / 2012,0,0,2,1,1,1,0,0,0,0,0,0,0,0,0,2,0,0,0,0,0,0,0,0,0,0,0,0,0,0,0,0,0,0,0,0,0,0,0,0,0,0,0,0,0,0,0,0
620.11,132417,14149625,Ciência e engenharia de materiais: uma introdução - 8. ed. / 2012,0,0,1,2,1,0,0,0,0,0,0,0,0,0,1,2,0,0,0,0,0,0,0,0,0,0,0,0,0,0,0,0,0,0,0,0,0,0,0,0,0,0,0,0,0,0,0,0
620.11,132417,14149629,Ciência e engenharia de materiais: uma introdução - 8. ed. / 2012,0,0,0,0,0,0,1,1,0,0,0,1,0,0,1,1,1,0,0,0,0,0,0,0,0,0,0,0,0,0,0,0,0,0,0,0,0,0,0,0,0,0,0,0,0,0,0,0
620.11,132417,14149637,Ciência e engenharia de materiais: uma introdução - 8. ed. / 2012,0,0,1,1,1,1,0,0,0,0,0,0,0,0,1,1,0,0,0,0,0,0,0,0,0,0,0,0,0,0,0,0,0,0,0,0,0,0,0,0,0,0,0,0,0,0,0,0
620.11,132417,14149623,Ciência e engenharia de materiais: uma introdução - 8. ed. / 2012,0,0,1,1,1,0,0,0,0,0,0,0,0,0,0,1,0,0,0,0,0,0,0,0,0,0,0,0,0,0,0,0,0,0,0,0,0,0,0,0,0,0,0,0,0,0,0,0
620.11,153544,14165735,Fundamentos da moderna engenharia e ciência dos materiais / 2010,0,0,0,0,0,0,0,0,2,1,0,0,0,0,0,0,0,0,0,0,0,0,0,0,0,0,0,0,0,0,0,0,0,0,0,0,0,0,0,0,0,0,0,0,0,0,0,0
620.11,153544,14165736,Fundamentos da moderna engenharia e ciência dos materiais / 2010,0,0,0,0,0,0,0,0,0,0,0,0,0,0,0,0,0,0,0,0,1,0,0,0,0,0,0,0,0,0,0,0,0,0,0,0,0,0,0,0,0,0,0,0,0,0,0,0
620.11,154796,14181009,Fundamentos de engenharia e ciência dos materiais - 5. ed. / 2012,0,0,1,1,1,1,1,0,0,0,0,1,0,0,1,1,0,0,0,0,0,0,0,0,0,0,0,0,0,0,0,0,0,0,0,0,0,0,0,0,0,0,0,0,0,0,0,0
620.11,154796,14171415,Fundamentos de engenharia e ciência dos materiais - 5. ed. / 2012,0,0,1,0,0,0,0,0,0,0,0,1,0,0,1,1,0,0,0,0,0,0,0,0,0,0,0,0,0,0,0,0,0,0,0,0,0,0,0,0,0,0,0,0,0,0,0,0
620.11,154796,14181010,Fundamentos de engenharia e ciência dos materiais - 5. ed. / 2012,0,0,1,0,0,0,0,0,0,0,0,0,0,0,0,0,0,0,0,0,0,0,0,0,0,0,0,0,0,0,1,0,0,0,0,0,0,0,0,0,0,0,0,0,0,0,0,0
620.11,209828,14338913,"Engenharia de materiais, : volume I : uma introdução a propriedades, aplicações e projetos / 2007",0,0,0,0,0,0,0,1,1,1,1,0,0,0,0,0,0,0,0,1,1,1,1,1,0,0,1,0,0,0,0,1,1,0,0,0,0,0,0,0,0,0,0,0,0,0,0,0
620.11,209930,14338915,"Engenharia de materiais, : volume II / 2007",0,0,0,0,0,0,0,0,0,0,0,0,0,0,0,0,0,0,0,0,0,0,0,0,0,0,0,0,0,0,0,0,0,0,0,0,0,0,0,0,1,0,0,0,0,0,0,0
620.112,109260,14159184,Resistência dos materiais - 7. ed. / 2010,0,0,1,1,1,1,0,1,1,1,0,0,0,0,1,2,1,1,0,1,1,2,1,0,0,0,1,1,0,0,0,1,1,1,1,1,1,0,0,1,0,0,0,0,0,0,0,0
620.112,109260,14159207,Resistência dos materiais - 7. ed. / 2010,0,0,1,1,1,1,1,1,1,1,0,0,0,0,1,0,0,0,0,1,1,1,1,1,0,1,0,1,0,2,0,1,1,1,0,1,0,0,0,0,0,0,1,0,0,0,0,0
620.112,109260,14159212,Resistência dos materiais - 7. ed. / 2010,0,0,1,1,1,1,0,0,1,1,0,0,0,0,1,1,1,1,1,0,1,2,1,0,0,1,0,0,0,0,0,2,1,1,0,1,0,0,0,0,0,0,0,0,0,0,0,0
620.112,109260,14159258,Resistência dos materiais - 7. ed. / 2010,0,0,1,1,1,1,2,1,1,1,1,0,0,0,1,1,1,1,0,0,0,1,0,0,0,1,0,0,1,0,0,1,1,1,0,1,0,0,0,0,0,0,0,0,0,0,0,0
620.112,109260,14159214,Resistência dos materiais - 7. ed. / 2010,0,0,0,0,0,0,0,0,0,0,0,0,0,0,1,1,1,0,1,1,1,1,1,1,0,0,1,0,0,0,1,1,1,1,1,1,1,1,0,0,0,1,1,0,0,0,0,0
620.112,109260,14159180,Resistência dos materiais - 7. ed. / 2010,1,0,1,1,1,1,1,1,2,2,2,0,0,0,1,1,2,2,0,0,0,0,0,0,0,0,0,0,0,0,0,0,0,0,0,0,0,0,0,0,0,0,0,0,0,0,0,0
620.112,109260,14159182,Resistência dos materiais - 7. ed. / 2010,0,0,1,1,1,1,1,1,1,1,0,0,0,0,1,1,2,1,0,1,1,1,0,0,0,0,1,0,0,0,0,0,0,0,0,0,0,0,0,1,1,0,0,0,0,0,0,0
620.112,109260,14159193,Resistência dos materiais - 7. ed. / 2010,0,0,0,0,0,0,0,1,0,1,0,0,0,0,1,1,0,0,0,1,1,1,0,0,0,1,0,0,0,0,0,1,1,1,1,1,1,1,0,0,0,0,0,0,1,1,1,1
620.112,109260,14159250,Resistência dos materiais - 7. ed. / 2010,1,1,2,1,1,1,1,1,1,2,1,0,0,0,0,1,1,2,0,1,0,0,0,0,0,0,1,0,0,0,0,0,0,0,0,0,0,0,0,0,0,0,0,0,0,0,0,0
620.112,109260,14159183,Resistência dos materiais - 7. ed. / 2010,0,0,1,1,1,1,2,1,1,1,0,0,0,0,1,1,1,1,0,1,1,1,1,0,0,0,0,0,0,0,0,0,0,0,0,0,0,0,0,1,0,0,0,0,0,0,0,0
620.112,109260,14159190,Resistência dos materiais - 7. ed. / 2010,0,0,2,1,1,1,1,1,1,1,1,1,0,0,1,0,0,0,0,0,0,0,0,0,0,1,1,0,0,0,0,1,1,1,1,0,0,0,0,0,0,0,0,0,0,0,0,0
620.112,109260,14159192,Resistência dos materiais - 7. ed. / 2010,0,0,2,2,1,1,1,1,1,1,1,1,0,0,1,0,0,0,0,1,1,0,0,1,0,1,0,0,0,0,0,0,0,0,0,0,0,0,0,0,0,1,0,0,0,0,0,0
620.112,109260,14159255,Resistência dos materiais - 7. ed. / 2010,0,0,1,1,1,1,0,1,1,2,2,0,0,0,1,0,0,0,0,1,1,0,0,0,0,0,2,1,0,0,0,1,0,0,0,0,0,0,0,0,0,0,0,0,0,0,0,0
620.112,109260,14159265,Resistência dos materiais - 7. ed. / 2010,0,0,1,1,1,1,1,1,1,0,0,0,0,0,1,0,0,0,0,1,1,1,1,1,0,1,0,1,1,0,0,0,0,0,0,0,0,0,0,0,0,0,0,0,1,0,0,0
620.112,109260,14159178,Resistência dos materiais - 7. ed. / 2010,0,0,1,1,2,2,0,0,0,0,0,0,0,0,1,1,2,1,0,1,1,1,1,0,0,0,1,0,0,0,0,0,0,0,0,0,0,0,0,0,0,0,0,0,0,0,0,0
620.112,109260,14159213,Resistência dos materiais - 7. ed. / 2010,0,0,1,0,0,0,0,0,0,0,0,0,0,0,1,1,1,1,0,0,0,0,0,1,0,1,0,1,0,0,2,1,0,1,0,0,0,0,0,0,0,0,0,0,1,1,0,2
620.112,109260,14159267,Resistência dos materiais - 7. ed. / 2010,0,0,0,1,1,1,1,1,1,1,1,0,0,0,1,1,0,1,0,1,1,1,1,1,0,0,0,0,0,0,0,0,0,0,0,0,0,0,0,0,0,0,0,0,0,0,0,0
620.112,109260,14159185,Resistência dos materiais - 7. ed. / 2010,0,0,1,1,1,1,1,1,1,1,0,0,0,0,1,1,1,0,0,0,0,0,0,0,0,0,0,0,0,0,0,0,0,1,1,1,0,1,0,0,0,0,0,0,0,0,0,0
620.112,109260,14159197,Resistência dos materiais - 7. ed. / 2010,0,0,1,1,1,1,1,1,1,0,0,0,0,0,1,1,1,1,0,1,1,0,1,1,0,0,0,0,0,0,0,0,0,0,0,0,0,0,0,0,0,0,0,0,0,0,0,0
620.112,109260,14159205,Resistência dos materiais - 7. ed. / 2010,0,0,1,1,1,1,0,0,0,0,0,0,0,0,1,1,2,1,0,0,0,0,0,0,0,0,2,1,0,1,0,1,1,0,0,0,0,0,0,0,0,0,0,0,0,0,0,0
620.112,109260,14159179,Resistência dos materiais - 7. ed. / 2010,0,0,1,2,2,1,1,1,0,0,0,0,0,0,1,0,0,0,0,0,1,2,1,0,0,0,0,0,0,0,0,1,0,0,0,0,0,0,0,0,0,0,0,0,0,0,0,0
620.112,109260,14159202,Resistência dos materiais - 7. ed. / 2010,1,2,2,1,1,0,0,1,1,1,0,0,0,0,0,0,0,0,0,0,0,0,0,0,0,0,1,1,0,0,0,1,0,0,0,0,0,0,0,0,0,0,0,0,0,0,0,1
620.112,109260,14159216,Resistência dos materiais - 7. ed. / 2010,1,0,1,0,2,1,1,1,1,1,0,0,0,0,1,2,1,1,0,0,0,0,0,0,0,0,0,0,0,0,0,0,0,0,0,0,0,0,0,0,0,0,0,0,0,0,0,0
620.112,109260,14159218,Resistência dos materiais - 7. ed. / 2010,0,0,1,1,1,0,0,1,1,1,1,0,0,0,1,1,1,1,1,0,0,1,1,0,0,0,0,0,0,0,0,0,0,0,0,0,0,0,0,0,0,0,0,0,0,0,0,0
620.112,109260,14159251,Resistência dos materiais - 7. ed. / 2010,1,1,1,1,0,0,0,1,0,0,0,0,0,0,1,1,1,0,0,1,2,1,1,1,0,0,0,0,0,0,0,0,0,0,0,0,0,0,0,0,0,0,0,0,0,0,0,0
620.112,109260,14159264,Resistência dos materiais - 7. ed. / 2010,1,1,1,1,1,1,1,1,1,1,1,1,0,0,1,0,0,0,0,0,0,0,0,1,0,0,0,0,0,0,0,0,0,0,0,0,0,0,0,0,0,0,0,0,0,0,0,0
620.112,109260,14159198,Resistência dos materiais - 7. ed. / 2010,0,0,1,1,2,1,0,0,0,0,0,0,0,0,0,0,0,0,0,0,0,0,0,0,0,0,1,0,0,0,1,1,1,1,1,2,0,0,0,0,0,0,0,0,0,0,0,0
620.112,109260,14159203,Resistência dos materiais - 7. ed. / 2010,0,0,1,1,1,1,1,2,1,1,1,1,0,0,0,0,0,0,0,0,0,0,0,0,0,0,1,0,0,0,0,1,0,0,0,0,0,0,0,0,0,0,0,0,0,0,0,0
620.112,109260,14159210,Resistência dos materiais - 7. ed. / 2010,0,0,0,1,1,0,0,1,1,1,0,0,0,0,0,0,0,0,0,0,0,0,0,0,0,1,1,0,0,0,0,0,0,1,1,1,1,1,0,0,0,0,0,0,0,0,0,0
620.112,109260,14159252,Resistência dos materiais - 7. ed. / 2010,0,0,0,0,0,0,1,1,0,0,0,1,0,0,1,1,1,1,0,1,1,0,0,0,0,0,1,0,0,0,0,1,1,0,0,0,0,0,0,0,0,0,0,0,0,0,0,0
620.112,109260,14159257,Resistência dos materiais - 7. ed. / 2010,0,0,1,1,1,1,0,0,0,0,0,0,0,0,0,0,0,0,0,0,0,0,0,0,0,1,0,0,0,0,0,1,1,1,1,1,1,1,0,0,0,0,0,0,0,0,0,0
620.112,109260,14159200,Resistência dos materiais - 7. ed. / 2010,0,0,1,1,1,1,1,1,1,1,1,1,0,0,0,0,0,0,0,0,0,0,0,0,0,1,0,0,0,0,0,0,0,0,0,0,0,0,0,0,0,0,0,0,0,0,0,0
620.112,109260,14159249,Resistência dos materiais - 7. ed. / 2010,0,0,1,1,1,1,0,1,1,1,1,0,0,0,0,0,0,0,0,0,0,0,0,0,0,0,0,0,0,0,0,0,0,0,0,0,0,0,0,0,0,1,0,0,1,1,0,0
620.112,109260,14159266,Resistência dos materiais - 7. ed. / 2010,0,0,1,1,1,1,1,1,0,1,1,0,0,0,0,0,0,0,0,0,0,0,0,0,0,0,0,0,0,0,0,0,0,0,0,0,0,0,0,0,0,0,0,0,0,1,1,1
620.112,109260,14159268,Resistência dos materiais - 7. ed. / 2010,0,0,1,1,2,1,1,1,1,0,0,0,0,0,1,0,0,1,0,1,0,0,0,0,0,0,0,0,0,0,0,0,0,0,0,0,0,0,0,0,0,0,0,0,0,0,0,0
620.112,109260,14159181,Resistência dos materiais - 7. ed. / 2010,0,0,0,0,0,0,0,0,0,0,0,0,0,0,1,1,1,1,0,1,0,0,0,1,0,1,0,0,0,0,1,1,1,0,0,0,0,0,0,0,0,0,0,0,0,0,0,0
620.112,109260,14159186,Resistência dos materiais - 7. ed. / 2010,0,0,0,0,1,0,0,1,1,1,1,0,0,0,1,1,2,1,0,0,0,0,0,0,0,0,0,0,0,0,0,0,0,0,0,0,0,0,0,0,0,0,0,0,0,0,0,0
620.112,109260,14159196,Resistência dos materiais - 7. ed. / 2010,0,0,1,1,1,1,1,1,1,1,1,1,0,0,0,0,0,0,0,0,0,0,0,0,0,0,0,0,0,0,0,0,0,0,0,0,0,0,0,0,0,0,0,0,0,0,0,0
620.112,109260,14159201,Resistência dos materiais - 7. ed. / 2010,1,1,1,1,1,0,0,1,1,1,1,0,0,0,0,0,0,0,0,0,0,0,0,0,0,0,0,0,0,0,0,0,0,0,0,0,0,0,0,0,0,0,0,0,0,1,0,0
620.112,109260,14159253,Resistência dos materiais - 7. ed. / 2010,0,0,1,1,1,0,1,1,1,1,0,0,0,0,1,0,0,0,0,0,0,0,0,0,0,0,0,0,0,0,0,1,1,0,0,0,0,0,0,0,0,0,0,0,0,0,0,0
620.112,109260,14159256,Resistência dos materiais - 7. ed. / 2010,1,0,1,1,1,0,1,0,1,0,0,0,0,0,0,1,1,0,0,0,0,0,0,1,0,0,0,0,0,0,0,0,0,0,0,0,0,1,0,0,0,0,0,0,0,0,0,0
620.112,109260,14159260,Resistência dos materiais - 7. ed. / 2010,1,0,1,0,3,1,0,1,1,2,0,0,0,0,0,0,0,0,0,0,0,0,0,0,0,0,0,0,0,0,0,0,0,0,0,0,0,0,0,0,0,0,0,0,0,0,0,0
620.112,109260,14159199,Resistência dos materiais - 7. ed. / 2010,0,0,0,0,0,0,0,1,0,0,0,0,0,0,1,1,1,1,0,1,1,1,1,0,0,0,0,0,0,0,0,0,0,0,0,0,0,0,0,0,0,0,0,0,0,0,0,0
620.112,109260,14159215,Resistência dos materiais - 7. ed. / 2010,0,0,1,0,2,0,0,0,0,0,0,0,0,0,0,0,0,0,0,0,0,0,0,1,0,1,0,1,0,0,0,1,1,0,0,0,0,0,0,0,0,0,0,0,1,0,0,0
620.112,109260,14159187,Resistência dos materiais - 7. ed. / 2010,0,0,1,1,1,1,0,1,1,1,0,0,0,0,0,0,0,0,0,0,0,0,0,0,0,0,0,0,0,0,0,0,0,0,0,0,0,0,0,0,0,0,0,0,1,0,0,0
620.112,109260,14159188,Resistência dos materiais - 7. ed. / 2010,1,0,1,1,1,1,0,1,1,1,0,0,0,0,0,0,0,0,0,0,0,0,0,0,0,0,0,0,0,0,0,0,0,0,0,0,0,0,0,0,0,0,0,0,0,0,0,0
620.112,109260,14159189,Resistência dos materiais - 7. ed. / 2010,0,0,1,0,1,1,2,1,1,1,0,0,0,0,0,0,0,0,0,0,0,0,0,0,0,0,0,0,0,0,0,0,0,0,0,0,0,0,0,0,0,0,0,0,0,0,0,0
620.112,109260,14159261,Resistência dos materiais - 7. ed. / 2010,0,0,1,0,3,1,0,1,0,0,0,0,0,0,0,0,0,0,0,0,0,1,1,0,0,0,0,0,0,0,0,0,0,0,0,0,0,0,0,0,0,0,0,0,0,0,0,0
620.112,109260,14159204,Resistência dos materiais - 7. ed. / 2010,1,0,1,1,1,2,0,0,0,0,0,0,0,0,0,0,0,0,0,0,0,0,0,0,0,0,0,0,0,0,0,0,0,0,0,0,0,1,0,0,0,0,0,0,0,0,0,0
620.112,109260,14159209,Resistência dos materiais - 7. ed. / 2010,0,0,2,1,2,1,0,0,0,0,1,0,0,0,0,0,0,0,0,0,0,0,0,0,0,0,0,0,0,0,0,0,0,0,0,0,0,0,0,0,0,0,0,0,0,0,0,0
620.112,109260,14159195,Resistência dos materiais - 7. ed. / 2010,0,0,1,1,1,0,0,1,0,0,0,0,0,0,0,1,0,0,0,0,0,0,1,0,0,0,0,0,0,0,0,0,0,0,0,0,0,0,0,0,0,0,0,0,0,0,0,0
620.112,109260,14159217,Resistência dos materiais - 7. ed. / 2010,1,0,1,1,1,1,0,0,0,0,0,0,0,0,0,0,0,0,0,0,0,0,0,0,0,0,0,0,0,0,0,0,0,1,0,0,0,0,0,0,0,0,0,0,0,0,0,0
620.112,109260,14159259,Resistência dos materiais - 7. ed. / 2010,0,0,1,1,1,1,0,0,0,0,0,0,0,0,0,0,0,0,0,0,0,0,0,2,0,0,0,0,0,0,0,0,0,0,0,0,0,0,0,0,0,0,0,0,0,0,0,0
620.112,109260,14159262,Resistência dos materiais - 7. ed. / 2010,1,0,1,1,1,0,0,0,0,0,0,0,0,0,0,0,0,0,0,0,0,0,0,0,0,0,0,0,0,0,0,0,0,0,0,0,0,0,0,0,1,0,0,0,1,0,0,0
620.112,109260,14159263,Resistência dos materiais - 7. ed. / 2010,0,0,1,1,1,0,0,0,0,1,1,0,0,0,0,0,0,0,0,0,0,0,0,0,0,0,0,0,0,0,0,0,0,0,0,0,0,0,0,0,0,0,0,0,0,0,0,0
620.112,109260,14159206,Resistência dos materiais - 7. ed. / 2010,0,0,1,1,1,1,0,0,0,0,0,0,0,0,0,0,0,0,0,0,0,0,0,0,0,0,0,0,0,0,0,0,0,0,0,0,0,0,0,0,0,0,0,0,0,0,0,0
620.112,109260,14159254,Resistência dos materiais - 7. ed. / 2010,0,0,1,1,1,1,0,0,0,0,0,0,0,0,0,0,0,0,0,0,0,0,0,0,0,0,0,0,0,0,0,0,0,0,0,0,0,0,0,0,0,0,0,0,0,0,0,0
620.112,109260,14159191,Resistência dos materiais - 7. ed. / 2010,0,0,0,0,0,0,0,0,0,0,0,0,0,0,0,0,0,0,0,0,0,0,0,0,0,0,0,0,0,0,0,0,0,0,0,0,0,0,0,0,0,0,0,0,0,0,1,1
620.112,109260,14159211,Resistência dos materiais - 7. ed. / 2010,1,1,0,0,0,0,0,0,0,0,0,0,0,0,0,0,0,0,0,0,0,0,0,0,0,0,0,0,0,0,0,0,0,0,0,0,0,0,0,0,0,0,0,0,0,0,0,0
620.112,125374,14168269,Mecânica dos materiais - 2. ed. / 2009,1,1,1,1,1,1,1,1,1,1,0,0,0,0,0,0,0,0,0,0,0,0,0,0,0,0,0,0,0,0,0,0,0,0,0,0,0,0,0,0,0,0,0,0,0,0,0,0
620.112,125374,14168306,Mecânica dos materiais - 2. ed. / 2009,0,0,0,0,0,1,0,0,0,0,0,0,0,0,0,0,0,0,0,0,0,0,0,0,0,0,0,0,0,0,0,0,0,0,0,0,0,0,0,0,0,0,0,0,0,0,0,0
620.112,125374,14168312,Mecânica dos materiais - 2. ed. / 2009,0,1,0,0,0,0,0,0,0,0,0,0,0,0,0,0,0,0,0,0,0,0,0,0,0,0,0,0,0,0,0,0,0,0,0,0,0,0,0,0,0,0,0,0,0,0,0,0
62.011.223,108609,14338724,"Corrosão : fundamentos, monitoração e controle - Ed. rev. / 2009",0,0,1,1,1,1,1,0,0,0,0,0,0,0,0,0,0,0,0,0,0,0,0,0,0,0,0,0,0,0,0,0,0,0,0,0,0,0,0,0,0,0,0,0,0,0,0,0
62.011.223,108609,14341317,"Corrosão : fundamentos, monitoração e controle - Ed. rev. / 2009",0,0,0,0,1,0,0,0,0,0,0,0,0,0,0,0,0,0,0,0,0,0,0,0,0,0,0,0,0,0,0,0,0,0,0,0,0,0,0,0,0,0,0,0,0,0,0,0
6.201.123,150973,14181165,Mecânica dos materiais : fundamentos e tecnologia do comportamento mecânico / 2013,0,0,0,0,0,2,1,2,2,1,1,1,0,0,0,0,0,0,0,1,1,1,1,0,0,0,0,0,0,0,0,0,0,0,0,0,0,0,0,0,0,0,0,0,0,0,0,0
6.201.123,157429,14185541,Comportamento mecânico dos materiais / 2012,0,0,0,0,0,0,0,1,1,1,1,0,0,0,1,1,1,1,1,1,1,1,1,1,0,0,0,0,0,0,0,0,0,0,0,0,0,0,0,0,0,0,0,0,0,0,0,0
6.201.123,157429,14185538,Comportamento mecânico dos materiais / 2012,0,0,0,0,0,0,0,1,1,1,1,0,0,0,0,0,0,0,0,1,1,1,1,0,0,0,0,0,0,0,0,0,0,0,0,0,0,0,0,0,0,0,0,0,0,0,0,0
6.201.123,157429,14185537,Comportamento mecânico dos materiais / 2012,0,0,0,0,0,0,0,0,0,0,0,0,0,0,0,0,0,0,0,0,0,0,0,1,0,0,1,0,0,0,0,0,0,0,0,0,0,0,0,0,0,0,0,0,0,0,0,0
6.201.123,157429,14185539,Comportamento mecânico dos materiais / 2012,0,0,0,0,0,0,0,0,0,0,0,0,0,0,0,0,0,0,0,0,0,0,0,0,0,0,0,0,0,0,0,0,0,0,0,0,0,0,0,0,0,0,0,0,0,0,1,0
620.136,220005,14373472,"Concreto : microestrutura, propriedades e materiais - 2. ed. / 2014",0,0,0,0,0,0,0,0,0,0,0,0,0,0,0,0,0,0,0,0,0,0,0,0,0,0,0,0,0,0,0,0,0,0,0,0,0,0,0,0,0,0,0,0,0,0,1,1
620.136,220005,14373470,"Concreto : microestrutura, propriedades e materiais - 2. ed. / 2014",0,0,0,0,0,0,0,0,0,0,0,0,0,0,0,0,0,0,0,0,0,0,0,0,0,0,0,0,0,0,0,0,0,0,0,0,0,0,0,0,0,0,1,0,0,0,0,0
620.137,189077,14329328,Tecnologia do concreto - 2. ed. / 2013,0,0,1,0,1,1,2,1,1,2,1,1,1,1,1,1,0,0,0,0,0,0,0,0,0,0,0,0,0,0,0,0,0,0,0,0,0,0,0,0,0,0,0,0,0,0,0,0
620.137,189077,14329327,Tecnologia do concreto - 2. ed. / 2013,0,0,0,1,2,1,0,0,2,1,0,0,0,0,0,0,0,0,0,0,0,0,0,0,0,0,0,0,0,0,0,0,0,0,0,0,0,0,0,0,0,0,0,0,0,0,0,0
620.137,189077,14328741,Tecnologia do concreto - 2. ed. / 2013,0,0,1,1,1,0,0,0,0,0,0,0,0,0,1,1,1,0,0,0,0,0,0,0,0,0,0,0,0,0,0,0,0,0,0,0,0,0,0,0,0,0,0,0,0,0,0,0
620.137,189077,14329329,Tecnologia do concreto - 2. ed. / 2013,0,0,1,1,0,0,0,0,0,0,0,0,0,0,1,1,0,0,0,0,0,0,0,0,0,0,0,0,0,0,0,0,0,0,0,0,0,0,0,0,0,0,0,0,0,0,0,0
620.137,189077,14328742,Tecnologia do concreto - 2. ed. / 2013,0,0,0,0,0,0,1,0,0,0,0,1,0,0,0,0,1,0,0,0,0,0,0,0,0,0,0,0,0,0,0,0,0,0,0,0,0,0,0,0,0,0,0,0,0,0,0,0
620.137,189077,14328743,Tecnologia do concreto - 2. ed. / 2013,0,0,0,0,1,0,0,0,0,0,0,0,0,0,1,0,1,0,0,0,0,0,0,0,0,0,0,0,0,0,0,0,0,0,0,0,0,0,0,0,0,0,0,0,0,0,0,0
620.16,105349,14164847,Fundamentos da conformação mecânica dos metais - 2. ed. / 2005,0,0,0,2,1,1,1,2,1,1,1,0,0,0,0,0,0,0,0,0,0,0,0,0,0,0,1,1,0,1,0,2,0,0,0,0,0,0,0,0,0,0,0,0,0,0,0,0
620.3,154337,14169770,Vibrações mecânicas / 2011,0,0,0,2,1,1,0,0,0,0,0,0,0,0,0,0,1,1,1,1,0,0,0,0,0,0,0,0,0,0,0,0,0,0,0,0,0,0,0,1,1,0,1,0,0,0,0,0
620.3,155333,14173778,Engineering vibration - 4th. ed. / 2014,0,0,0,0,2,1,1,1,1,0,0,0,0,0,0,0,0,0,0,0,0,0,0,1,0,0,1,1,0,0,0,0,0,0,0,0,0,0,0,1,1,0,1,0,0,0,0,0
620.3,155987,14175761,"Mechanical vibrations : theory and applications, SI / 2012",0,0,0,0,0,1,0,0,0,0,0,0,0,0,0,0,0,0,0,0,0,0,0,0,0,0,0,0,0,0,0,0,0,0,0,0,0,0,0,0,0,0,0,0,0,0,0,0
620.3,157378,14185299,Vibrações mecânicas - 4. ed. / 2009,0,0,0,0,2,1,0,0,0,0,0,0,0,0,1,1,1,1,0,0,0,0,0,0,0,0,1,2,0,1,0,1,1,1,1,1,1,1,0,1,1,0,0,0,0,0,0,0
620.3,157378,14185298,Vibrações mecânicas - 4. ed. / 2009,0,0,0,1,1,2,0,0,0,0,0,0,0,0,1,2,1,2,0,0,0,0,0,0,0,0,0,0,0,0,0,0,0,0,0,0,0,0,0,0,0,0,2,0,0,0,0,0
620.3,157378,14185293,Vibrações mecânicas - 4. ed. / 2009,0,0,0,0,2,1,0,0,0,0,0,0,0,0,1,1,1,1,1,1,1,0,0,0,0,0,0,0,0,0,0,0,0,0,0,0,0,0,0,0,0,1,0,0,0,0,0,0
620.3,157378,14185295,Vibrações mecânicas - 4. ed. / 2009,0,0,0,2,1,1,0,0,0,0,0,0,0,0,0,1,1,1,1,1,0,0,0,0,0,0,0,0,0,0,0,0,0,0,0,0,0,0,0,0,0,1,0,0,0,0,0,0
620.3,157378,14185297,Vibrações mecânicas - 4. ed. / 2009,0,0,0,2,1,1,0,0,0,0,0,0,0,0,1,0,1,1,0,0,0,0,0,0,0,0,0,0,0,0,0,0,0,0,0,0,0,0,0,0,0,0,0,0,0,0,0,0
620.3,157378,14185291,Vibrações mecânicas - 4. ed. / 2009,0,0,0,0,2,1,0,0,0,0,0,0,0,0,0,1,1,0,0,0,0,0,0,0,0,0,0,0,0,0,0,0,0,0,0,0,0,0,0,0,1,0,0,0,0,0,0,0
620.3,157378,14185300,Vibrações mecânicas - 4. ed. / 2009,0,0,0,0,1,1,0,0,0,0,0,0,0,0,0,2,1,1,0,0,0,0,0,0,0,0,0,0,0,0,0,0,0,0,0,0,0,0,0,0,0,0,0,0,0,0,0,0
620.3,157378,14185296,Vibrações mecânicas - 4. ed. / 2009,0,0,0,1,1,1,0,0,0,0,0,0,0,0,0,0,1,1,0,0,0,0,0,0,0,0,0,0,0,0,0,0,0,0,0,0,0,0,0,0,0,0,0,0,0,0,0,0
620.3,157378,14185294,Vibrações mecânicas - 4. ed. / 2009,0,0,0,0,1,1,1,0,0,0,0,0,0,0,0,0,0,0,0,0,0,0,0,0,0,0,0,0,0,0,0,0,0,0,0,0,0,0,0,0,0,0,0,0,0,0,0,0
620.8,157054,14183872,Ergonomia : trabalho adequado e eficiente / 2011,0,0,1,1,1,1,0,1,0,0,0,0,0,0,0,0,0,0,0,0,0,0,1,0,1,1,0,0,0,0,1,0,0,0,0,0,0,0,0,0,0,0,0,0,0,0,0,0
620.8,169810,14342189,Design participativo: técnicas para inclusão de usuários no processo de ergodesign de interfaces / 2012,0,0,0,0,0,1,2,2,0,0,0,0,0,0,0,0,0,0,0,0,0,0,0,0,0,0,0,0,0,0,0,0,0,0,0,0,0,0,0,0,0,0,0,0,0,0,0,0
620.82,99226,14148744,"Ergonomia : projeto e produção - 2. ed., rev. amp. / 2005",0,0,1,1,1,1,0,1,0,0,0,0,0,0,0,0,0,0,0,1,1,1,1,1,0,0,1,2,0,1,1,0,0,0,0,0,0,1,0,0,0,0,0,0,0,0,0,0
620.82,99226,14148746,"Ergonomia : projeto e produção - 2. ed., rev. amp. / 2005",0,0,0,0,0,0,0,1,1,1,1,1,0,0,1,1,1,1,0,1,1,0,1,0,1,1,0,0,0,0,1,0,0,1,0,0,0,0,0,0,0,0,0,0,0,0,0,0
620.82,99226,14148748,"Ergonomia : projeto e produção - 2. ed., rev. amp. / 2005",0,0,0,0,0,0,0,1,1,1,1,1,0,0,1,1,0,0,0,1,2,1,1,0,0,0,1,0,0,0,0,0,0,0,0,0,0,0,0,0,0,0,0,0,0,0,1,0
620.82,99226,14148745,"Ergonomia : projeto e produção - 2. ed., rev. amp. / 2005",0,0,0,0,0,0,0,0,0,0,0,0,0,0,0,0,0,0,0,1,0,0,0,0,0,0,0,0,0,0,0,0,0,1,1,1,1,1,1,0,0,0,0,0,1,1,1,1
620.82,99226,14148750,"Ergonomia : projeto e produção - 2. ed., rev. amp. / 2005",0,0,0,0,0,0,0,1,1,1,1,0,0,0,0,0,0,0,0,1,1,1,1,1,0,0,1,0,0,0,0,0,0,0,0,0,0,0,0,0,0,0,0,0,0,0,0,0
620.82,99226,14148751,"Ergonomia : projeto e produção - 2. ed., rev. amp. / 2005",0,0,0,0,0,0,0,0,0,0,0,0,0,0,0,0,0,0,0,1,1,1,2,0,0,0,0,0,0,0,0,0,0,1,1,0,0,0,0,0,0,0,0,0,0,0,0,0
620.82,99226,14148747,"Ergonomia : projeto e produção - 2. ed., rev. amp. / 2005",0,0,1,1,1,0,0,1,1,0,0,0,0,0,0,0,0,0,0,1,0,0,0,0,0,0,0,0,0,0,0,0,0,0,0,0,0,0,0,0,0,0,0,0,0,0,0,0
620.82,99226,14148749,"Ergonomia : projeto e produção - 2. ed., rev. amp. / 2005",0,0,0,0,0,0,0,0,0,0,0,0,0,0,0,0,0,0,0,1,0,0,0,0,0,0,0,0,0,0,0,0,0,0,1,1,2,1,0,0,0,0,0,0,0,0,0,0
620.82,99226,14148753,"Ergonomia : projeto e produção - 2. ed., rev. amp. / 2005",0,0,0,0,0,0,0,1,1,0,0,0,0,0,0,0,0,0,0,1,1,1,1,0,0,0,0,0,0,0,0,0,0,0,0,0,0,0,0,0,0,0,0,0,0,0,0,0
620.82,99226,14148752,"Ergonomia : projeto e produção - 2. ed., rev. amp. / 2005",0,0,0,0,0,0,0,1,0,0,0,0,0,0,1,0,0,0,0,1,1,1,0,0,0,0,0,0,0,0,0,0,0,0,0,0,0,0,0,0,0,0,0,0,0,0,0,0
620.82,112434,14168114,Introdução à ergonomia : da prática à teoria / 2009,0,0,0,0,0,0,0,0,0,0,0,0,0,0,1,0,0,0,0,0,0,0,0,0,0,0,0,0,0,0,0,0,0,0,0,0,0,0,0,0,0,0,0,0,0,0,0,0
620.82,143568,14302606,"Ergonomia prática - 3. ed., rev. e ampl. / 2012",0,0,1,1,1,1,0,1,0,0,0,0,0,0,0,0,0,0,0,0,0,0,1,0,1,1,0,0,0,0,1,0,0,0,0,0,0,0,0,0,0,0,0,0,0,0,0,0
620.82,211658,14342463,Ergonomia / 2007,0,0,0,0,0,1,2,2,0,0,0,0,0,0,0,0,0,0,0,0,0,0,0,0,0,0,1,2,0,1,1,0,0,0,0,0,0,0,0,0,0,0,0,0,0,0,0,0
620.86,213873,14352369,Curso para engenheiros de segurança do trabalho / 1979,0,0,0,0,0,0,0,0,0,0,0,0,0,0,0,0,0,0,0,0,0,0,0,0,0,0,0,0,0,0,0,0,0,0,0,0,0,0,0,0,0,0,0,0,0,1,0,0
621,156742,14183416,Máquinas térmicas de fluxo : Cálculos termodinâmicos e estruturais / 2013,0,0,0,0,0,0,0,0,0,0,0,0,0,0,1,1,1,1,1,1,1,1,1,1,0,0,0,0,0,0,0,0,0,0,0,0,0,0,0,0,0,0,0,0,0,0,0,0
621,156742,14183415,Máquinas térmicas de fluxo : Cálculos termodinâmicos e estruturais / 2013,0,0,0,0,0,0,0,0,0,0,0,0,0,0,1,0,0,0,0,0,0,0,0,0,0,0,0,0,0,0,0,0,0,0,1,1,1,0,0,0,0,0,0,0,0,0,0,0
62.131.042,97225,14170998,Instalações elétricas - 15. ed. / 2007,1,0,1,1,1,1,1,0,1,0,0,0,0,0,1,1,1,1,0,1,1,1,1,1,0,0,0,0,0,0,0,0,0,0,0,0,0,0,0,0,0,0,0,0,0,1,0,0
62.131.042,97225,14171002,Instalações elétricas - 15. ed. / 2007,1,1,1,0,0,0,0,0,0,0,0,0,0,0,0,0,0,0,0,1,1,1,2,0,0,0,0,0,0,0,0,0,0,0,0,0,0,0,0,0,0,0,0,0,0,1,0,0
62.131.042,97225,14171006,Instalações elétricas - 15. ed. / 2007,1,1,1,0,1,1,1,0,0,0,0,0,0,0,0,0,0,0,0,1,1,1,0,0,0,0,0,0,0,0,0,0,0,0,0,0,0,0,0,0,0,0,0,0,0,0,0,0
62.131.042,97225,14171001,Instalações elétricas - 15. ed. / 2007,1,1,1,0,0,0,0,0,0,0,0,0,0,0,0,0,0,0,0,2,0,0,0,0,0,0,0,0,0,0,0,0,0,0,0,0,0,0,0,0,0,0,0,0,0,1,0,0
62.131.042,97225,14171000,Instalações elétricas - 15. ed. / 2007,0,0,0,0,0,0,0,0,0,0,0,0,0,0,0,0,0,0,0,1,1,2,1,0,0,0,0,0,0,0,0,0,0,0,0,0,0,0,0,0,0,0,0,0,0,0,0,0
62.131.042,97225,14171005,Instalações elétricas - 15. ed. / 2007,0,0,0,0,0,0,0,0,0,0,0,0,0,0,1,0,0,0,0,1,1,0,1,0,0,0,0,0,0,0,0,0,0,0,0,0,0,0,0,0,0,0,0,0,0,0,0,0
62.131.042,97225,14171003,Instalações elétricas - 15. ed. / 2007,1,1,1,0,0,0,0,0,0,0,0,0,0,0,0,0,0,0,0,0,0,0,0,0,0,0,0,0,0,0,0,0,0,0,0,0,0,0,0,0,0,0,0,0,0,0,0,0
62.131.042,97225,14171004,Instalações elétricas - 15. ed. / 2007,0,0,0,0,0,0,0,0,0,0,0,0,0,0,0,0,0,0,0,2,1,0,0,0,0,0,0,0,0,0,0,0,0,0,0,0,0,0,0,0,0,0,0,0,0,0,0,0
62.131.042,97225,14171007,Instalações elétricas - 15. ed. / 2007,1,0,0,0,0,0,0,0,0,0,0,0,0,0,0,0,0,0,0,0,0,0,0,0,0,0,0,0,0,0,0,0,0,0,0,0,0,0,0,0,0,0,0,0,0,0,0,0
62.131.042,157298,14185277,Instalações elétricas - 5. ed. / 2009,0,0,0,1,1,0,0,0,0,0,0,0,0,0,0,0,0,0,0,0,0,0,0,0,0,0,0,0,0,0,0,0,0,0,0,0,0,0,0,0,0,0,0,0,0,0,0,0
62.131.924,154213,14168946,Instalações elétricas prediais conforme norma NBR 5410:2004 - 22. ed. / 2014,0,0,0,0,0,0,0,1,1,1,1,1,0,0,2,1,0,0,0,0,1,1,1,1,0,0,0,0,0,0,0,0,0,0,0,0,0,0,0,0,0,0,0,0,0,0,0,0
62.131.924,154213,14168927,Instalações elétricas prediais conforme norma NBR 5410:2004 - 22. ed. / 2014,0,0,1,1,1,1,1,1,1,1,1,0,0,0,0,0,0,0,0,0,0,0,0,0,0,0,0,0,0,0,0,0,0,0,0,0,0,0,0,0,0,0,0,0,0,0,0,0
62.131.924,154213,14168930,Instalações elétricas prediais conforme norma NBR 5410:2004 - 22. ed. / 2014,0,0,0,0,0,0,0,1,1,1,1,1,0,0,0,0,0,0,0,0,0,2,2,0,0,0,0,0,0,0,0,0,0,0,0,0,0,0,0,0,0,0,0,0,0,0,0,0
62.131.924,154213,14168932,Instalações elétricas prediais conforme norma NBR 5410:2004 - 22. ed. / 2014,1,0,1,1,1,0,0,1,1,1,1,1,0,0,0,0,0,0,0,0,0,0,0,0,0,0,0,0,0,0,0,0,0,0,0,0,0,0,0,0,0,0,0,0,0,0,0,0
62.131.924,154213,14168933,Instalações elétricas prediais conforme norma NBR 5410:2004 - 22. ed. / 2014,0,0,0,0,0,1,0,1,2,2,2,0,0,0,0,0,0,0,0,0,0,0,0,0,0,0,0,0,0,0,0,0,0,0,0,0,0,0,0,0,0,0,0,0,0,0,0,0
62.131.924,154213,14168918,Instalações elétricas prediais conforme norma NBR 5410:2004 - 22. ed. / 2014,0,0,0,0,0,0,0,1,1,1,0,1,0,0,1,0,0,0,0,0,0,1,1,0,0,0,0,0,0,0,0,0,0,0,0,0,0,0,0,0,0,0,0,0,0,0,0,0
62.131.924,154213,14168922,Instalações elétricas prediais conforme norma NBR 5410:2004 - 22. ed. / 2014,0,0,0,1,1,0,0,1,0,1,0,0,0,0,0,0,0,0,0,0,1,1,1,0,0,0,0,0,0,0,0,0,0,0,0,0,0,0,0,0,0,0,0,0,0,0,0,0
62.131.924,154213,14168928,Instalações elétricas prediais conforme norma NBR 5410:2004 - 22. ed. / 2014,0,0,0,0,0,0,0,0,1,1,1,0,0,0,0,0,0,0,0,0,0,0,0,0,0,0,0,0,0,0,0,0,0,0,0,0,0,0,0,0,0,0,0,0,0,1,1,1
62.131.924,154213,14168934,Instalações elétricas prediais conforme norma NBR 5410:2004 - 22. ed. / 2014,0,0,0,0,0,0,0,1,1,1,1,1,0,0,0,0,0,0,0,0,0,1,0,0,0,0,0,0,0,0,0,0,0,0,0,0,0,0,0,0,0,0,0,0,0,0,0,0
62.131.924,154213,14168924,Instalações elétricas prediais conforme norma NBR 5410:2004 - 22. ed. / 2014,0,0,0,0,0,0,0,1,1,1,1,1,0,0,0,0,0,0,0,0,0,0,0,0,0,0,0,0,0,0,0,0,0,0,0,0,0,0,0,0,0,0,0,0,0,0,0,0
62.131.924,154213,14168936,Instalações elétricas prediais conforme norma NBR 5410:2004 - 22. ed. / 2014,0,0,0,0,0,0,0,0,2,1,1,1,0,0,0,0,0,0,0,0,0,0,0,0,0,0,0,0,0,0,0,0,0,0,0,0,0,0,0,0,0,0,0,0,0,0,0,0
62.131.924,154213,14168945,Instalações elétricas prediais conforme norma NBR 5410:2004 - 22. ed. / 2014,0,0,0,0,0,0,0,1,2,1,0,1,0,0,0,0,0,0,0,0,0,0,0,0,0,0,0,0,0,0,0,0,0,0,0,0,0,0,0,0,0,0,0,0,0,0,0,0
62.131.924,154213,14168923,Instalações elétricas prediais conforme norma NBR 5410:2004 - 22. ed. / 2014,0,0,0,0,0,0,0,0,1,1,1,1,0,0,0,0,0,0,0,0,0,0,0,0,0,0,0,0,0,0,0,0,0,0,0,0,0,0,0,0,0,0,0,0,0,0,0,0
62.131.924,154213,14168925,Instalações elétricas prediais conforme norma NBR 5410:2004 - 22. ed. / 2014,0,0,0,0,0,0,0,0,1,2,1,0,0,0,0,0,0,0,0,0,0,0,0,0,0,0,0,0,0,0,0,0,0,0,0,0,0,0,0,0,0,0,0,0,0,0,0,0
62.131.924,154213,14168929,Instalações elétricas prediais conforme norma NBR 5410:2004 - 22. ed. / 2014,0,0,0,0,0,0,0,0,1,2,1,0,0,0,0,0,0,0,0,0,0,0,0,0,0,0,0,0,0,0,0,0,0,0,0,0,0,0,0,0,0,0,0,0,0,0,0,0
62.131.924,154213,14168935,Instalações elétricas prediais conforme norma NBR 5410:2004 - 22. ed. / 2014,0,0,0,0,0,0,0,1,1,1,1,0,0,0,0,0,0,0,0,0,0,0,0,0,0,0,0,0,0,0,0,0,0,0,0,0,0,0,0,0,0,0,0,0,0,0,0,0
62.131.924,154213,14168938,Instalações elétricas prediais conforme norma NBR 5410:2004 - 22. ed. / 2014,0,0,0,0,0,0,0,0,2,1,1,0,0,0,0,0,0,0,0,0,0,0,0,0,0,0,0,0,0,0,0,0,0,0,0,0,0,0,0,0,0,0,0,0,0,0,0,0
62.131.924,154213,14168939,Instalações elétricas prediais conforme norma NBR 5410:2004 - 22. ed. / 2014,0,0,0,0,0,0,0,0,1,1,1,1,0,0,0,0,0,0,0,0,0,0,0,0,0,0,0,0,0,0,0,0,0,0,0,0,0,0,0,0,0,0,0,0,0,0,0,0
62.131.924,154213,14168940,Instalações elétricas prediais conforme norma NBR 5410:2004 - 22. ed. / 2014,0,0,0,0,0,0,0,0,1,1,1,1,0,0,0,0,0,0,0,0,0,0,0,0,0,0,0,0,0,0,0,0,0,0,0,0,0,0,0,0,0,0,0,0,0,0,0,0
62.131.924,154213,14168943,Instalações elétricas prediais conforme norma NBR 5410:2004 - 22. ed. / 2014,0,0,0,0,0,0,0,0,1,1,0,1,0,0,0,0,0,0,0,0,0,1,0,0,0,0,0,0,0,0,0,0,0,0,0,0,0,0,0,0,0,0,0,0,0,0,0,0
62.131.924,154213,14168919,Instalações elétricas prediais conforme norma NBR 5410:2004 - 22. ed. / 2014,0,0,0,0,0,0,0,0,2,0,1,0,0,0,0,0,0,0,0,0,0,0,0,0,0,0,0,0,0,0,0,0,0,0,0,0,0,0,0,0,0,0,0,0,0,0,0,0
62.131.924,154213,14168926,Instalações elétricas prediais conforme norma NBR 5410:2004 - 22. ed. / 2014,0,0,0,0,0,0,0,0,1,1,1,0,0,0,0,0,0,0,0,0,0,0,0,0,0,0,0,0,0,0,0,0,0,0,0,0,0,0,0,0,0,0,0,0,0,0,0,0
62.131.924,154213,14168941,Instalações elétricas prediais conforme norma NBR 5410:2004 - 22. ed. / 2014,0,0,0,0,0,0,0,1,1,1,0,0,0,0,0,0,0,0,0,0,0,0,0,0,0,0,0,0,0,0,0,0,0,0,0,0,0,0,0,0,0,0,0,0,0,0,0,0
62.131.924,154213,14168942,Instalações elétricas prediais conforme norma NBR 5410:2004 - 22. ed. / 2014,0,0,0,0,0,0,0,0,1,1,1,0,0,0,0,0,0,0,0,0,0,0,0,0,0,0,0,0,0,0,0,0,0,0,0,0,0,0,0,0,0,0,0,0,0,0,0,0
62.131.924,154213,14168947,Instalações elétricas prediais conforme norma NBR 5410:2004 - 22. ed. / 2014,0,0,0,0,0,0,0,0,1,0,0,0,0,0,0,0,0,0,0,0,0,0,0,0,0,0,0,0,0,0,0,0,0,1,1,0,0,0,0,0,0,0,0,0,0,0,0,0
62.131.924,154213,14168920,Instalações elétricas prediais conforme norma NBR 5410:2004 - 22. ed. / 2014,0,0,0,0,0,1,0,0,1,0,0,0,0,0,0,0,0,0,0,0,0,0,0,0,0,0,0,0,0,0,0,0,0,0,0,0,0,0,0,0,0,0,0,0,0,0,0,0
62.131.924,154213,14168931,Instalações elétricas prediais conforme norma NBR 5410:2004 - 22. ed. / 2014,0,0,0,0,0,0,0,0,1,1,0,0,0,0,0,0,0,0,0,0,0,0,0,0,0,0,0,0,0,0,0,0,0,0,0,0,0,0,0,0,0,0,0,0,0,0,0,0
62.131.924,154213,14168944,Instalações elétricas prediais conforme norma NBR 5410:2004 - 22. ed. / 2014,0,0,0,0,0,0,0,0,1,1,0,0,0,0,0,0,0,0,0,0,0,0,0,0,0,0,0,0,0,0,0,0,0,0,0,0,0,0,0,0,0,0,0,0,0,0,0,0
62.131.924,154213,14168917,Instalações elétricas prediais conforme norma NBR 5410:2004 - 22. ed. / 2014,0,0,0,0,0,0,0,0,1,0,0,0,0,0,0,0,0,0,0,0,0,0,0,0,0,0,0,0,0,0,0,0,0,0,0,0,0,0,0,0,0,0,0,0,0,0,0,0
62.131.924,154230,14169082,Instalações elétricas - 6. ed. / 2013,0,0,0,0,0,0,0,0,1,1,1,1,0,0,1,0,0,0,0,0,0,0,0,0,0,0,0,0,0,0,0,0,0,0,0,0,0,0,0,0,0,0,0,0,0,0,0,0
62.131.924,154230,14169079,Instalações elétricas - 6. ed. / 2013,0,0,0,0,1,1,1,0,0,0,0,0,0,0,0,0,0,0,0,0,0,0,0,0,0,0,0,0,0,0,0,0,0,0,0,0,0,0,0,0,0,0,0,0,0,0,0,0
62.131.924,154230,14169103,Instalações elétricas - 6. ed. / 2013,0,0,0,0,0,0,0,0,0,0,0,0,0,0,1,1,1,0,0,0,0,0,0,0,0,0,0,0,0,0,0,0,0,0,0,0,0,0,0,0,0,0,0,0,0,0,0,0
62.131.924,154230,14169098,Instalações elétricas - 6. ed. / 2013,0,0,0,0,1,1,0,0,0,0,0,0,0,0,0,0,0,0,0,0,0,0,0,0,0,0,0,0,0,0,0,0,0,0,0,0,0,0,0,0,0,0,0,0,0,0,0,0
62.131.924,154230,14169105,Instalações elétricas - 6. ed. / 2013,0,0,0,0,0,0,0,0,0,0,0,0,0,0,0,0,0,0,0,0,0,1,0,0,0,0,0,0,0,0,0,0,0,0,0,0,0,0,0,0,0,0,0,0,0,0,0,0
6.213.678,126884,14165744,Sensoriamento remoto : princípios e aplicações - 4. ed. rev. / 2010,0,0,0,1,2,1,0,0,0,0,0,0,0,0,1,1,1,1,0,0,0,0,0,0,0,0,0,0,0,0,0,0,1,0,0,0,0,0,0,0,0,0,0,0,0,0,0,0
6.213.678,126884,14165739,Sensoriamento remoto : princípios e aplicações - 4. ed. rev. / 2010,0,0,1,0,0,0,0,0,0,0,0,0,0,0,0,0,0,0,0,0,0,0,0,0,0,0,0,0,0,0,0,0,1,0,0,0,0,0,0,0,0,0,0,0,0,0,0,0
6.213.678,126884,14165740,Sensoriamento remoto : princípios e aplicações - 4. ed. rev. / 2010,0,0,0,0,0,0,0,0,0,0,0,0,0,0,0,0,0,0,0,0,0,0,0,0,0,0,0,0,0,0,0,0,1,0,0,0,0,0,0,0,0,0,0,0,0,0,0,0
6.213.678,126884,14165741,Sensoriamento remoto : princípios e aplicações - 4. ed. rev. / 2010,0,0,0,0,0,0,0,0,0,0,0,0,0,0,0,0,0,0,0,0,0,0,0,0,0,0,0,0,0,0,0,0,1,0,0,0,0,0,0,0,0,0,0,0,0,0,0,0
6.213.678,126884,14165742,Sensoriamento remoto : princípios e aplicações - 4. ed. rev. / 2010,0,0,0,0,0,0,0,0,0,0,0,0,0,0,0,0,0,0,0,0,0,0,0,0,0,0,0,0,0,0,0,0,1,0,0,0,0,0,0,0,0,0,0,0,0,0,0,0
6.213.678,126884,14165745,Sensoriamento remoto : princípios e aplicações - 4. ed. rev. / 2010,0,0,0,0,0,0,0,0,0,0,0,0,0,0,0,0,0,0,0,0,0,0,0,0,0,0,0,0,0,0,0,0,1,0,0,0,0,0,0,0,0,0,0,0,0,0,0,0
6.213.678,126884,14165746,Sensoriamento remoto : princípios e aplicações - 4. ed. rev. / 2010,0,0,0,0,0,0,0,0,0,0,0,0,0,0,0,0,0,0,0,0,0,0,0,0,0,0,0,0,0,0,0,0,1,0,0,0,0,0,0,0,0,0,0,0,0,0,0,0
6.213.678,126884,14165748,Sensoriamento remoto : princípios e aplicações - 4. ed. rev. / 2010,0,0,0,0,0,0,0,0,0,0,0,0,0,0,0,0,0,0,0,0,0,0,0,0,0,0,0,0,0,0,0,0,1,0,0,0,0,0,0,0,0,0,0,0,0,0,0,0
621.392,89292,14166556,Introdução à organização de computadores - 5. ed. / 2007,0,0,0,0,0,0,0,1,1,0,0,0,0,0,0,0,0,0,0,1,0,0,0,0,0,0,0,0,0,0,0,0,0,0,0,0,0,0,0,0,0,0,0,0,0,0,0,0
621.392,89292,14166555,Introdução à organização de computadores - 5. ed. / 2007,0,0,0,0,0,0,0,0,0,0,0,0,0,0,0,0,0,0,0,0,0,0,0,1,0,0,0,0,0,0,0,0,0,0,0,0,0,0,0,0,0,0,0,0,0,0,0,0
6.214.021,9908,14158279,Termodinâmica - 7. ed. / 2013,0,0,1,1,0,0,0,1,1,1,1,1,0,0,2,2,1,1,0,0,0,0,0,0,0,0,1,1,0,0,0,1,1,1,1,1,1,1,0,1,0,0,0,0,1,1,1,0
6.214.021,9908,14158283,Termodinâmica - 7. ed. / 2013,0,0,1,1,1,1,1,1,2,1,1,0,0,1,1,1,1,1,0,1,1,1,0,1,0,0,1,1,0,0,0,0,0,0,0,0,0,0,0,0,0,0,0,0,1,1,1,1
6.214.021,9908,14158281,Termodinâmica - 7. ed. / 2013,0,0,1,1,1,1,1,2,1,1,0,0,0,0,1,1,1,1,1,1,1,1,1,0,0,1,1,0,0,0,0,1,1,1,0,0,0,0,0,0,0,0,0,0,0,1,0,0
6.214.021,9908,14158712,Termodinâmica - 7. ed. / 2013,0,0,0,0,0,2,1,2,2,1,1,1,0,1,2,1,1,0,0,1,1,1,1,0,0,0,1,0,0,0,0,0,0,0,1,0,0,0,1,1,1,0,0,0,0,0,0,0
6.214.021,9908,14158739,Termodinâmica - 7. ed. / 2013,0,0,3,0,2,1,1,1,1,1,1,1,0,0,1,1,1,1,0,0,0,0,0,0,0,0,0,0,0,0,0,0,0,1,1,2,1,1,1,0,0,0,0,0,0,0,0,0
6.214.021,9908,14158276,Termodinâmica - 7. ed. / 2013,0,0,1,1,0,1,1,1,1,1,0,0,0,0,0,1,1,1,0,1,1,1,1,1,0,1,0,1,0,1,1,1,0,0,0,0,0,0,0,0,0,0,0,0,0,0,0,0
6.214.021,9908,14158277,Termodinâmica - 7. ed. / 2013,0,0,1,1,2,1,1,1,1,1,1,1,0,0,0,1,1,0,0,1,1,1,1,1,0,0,1,0,0,0,0,0,0,0,0,0,0,0,0,1,0,0,0,0,0,0,0,0
6.214.021,9908,14158744,Termodinâmica - 7. ed. / 2013,1,1,1,0,0,0,0,1,1,0,1,0,0,0,1,1,1,0,0,1,1,1,1,0,0,1,1,0,0,0,0,1,1,1,1,0,1,0,0,0,0,0,0,0,0,0,0,0
6.214.021,9908,14158707,Termodinâmica - 7. ed. / 2013,0,0,1,1,1,1,1,1,1,1,0,0,0,0,1,1,1,1,1,1,0,0,0,0,0,0,0,0,0,0,1,0,0,0,0,0,0,0,0,0,0,0,0,0,0,2,1,1
6.214.021,9908,14158709,Termodinâmica - 7. ed. / 2013,0,0,1,1,0,0,0,1,1,1,1,1,0,0,1,0,0,0,1,1,1,1,1,1,0,0,1,0,0,0,1,1,1,1,0,0,0,0,0,0,0,0,0,0,0,0,0,0
6.214.021,9908,14158284,Termodinâmica - 7. ed. / 2013,0,0,1,1,1,1,1,1,1,1,1,0,0,0,2,1,2,1,1,1,0,0,0,0,0,0,0,0,0,0,0,0,0,0,0,0,0,0,0,0,0,0,0,0,0,0,0,0
6.214.021,9908,14158708,Termodinâmica - 7. ed. / 2013,1,1,3,1,1,1,0,1,1,1,1,0,0,0,1,2,1,1,0,0,0,0,0,0,0,0,0,0,0,0,0,0,0,0,0,0,0,0,0,0,0,0,0,0,0,0,0,0
6.214.021,9908,14158741,Termodinâmica - 7. ed. / 2013,0,0,1,1,1,1,1,1,1,1,0,1,0,0,2,1,1,0,0,1,1,1,0,0,0,0,0,0,0,0,0,0,0,0,0,0,0,0,0,0,0,0,0,0,1,0,0,0
6.214.021,9908,14158747,Termodinâmica - 7. ed. / 2013,0,0,1,1,1,1,0,1,1,1,1,0,0,0,1,0,0,0,0,1,1,0,0,0,0,1,1,0,0,0,0,1,0,0,0,0,0,0,0,0,0,0,0,0,1,0,0,0
6.214.021,9908,14158285,Termodinâmica - 7. ed. / 2013,0,0,1,1,1,1,1,1,1,0,0,0,0,0,1,2,1,1,0,0,0,0,0,0,0,0,2,0,0,0,0,0,0,0,0,0,0,0,0,0,0,0,0,0,0,0,0,0
6.214.021,9908,14158703,Termodinâmica - 7. ed. / 2013,1,1,1,1,1,1,1,1,1,0,0,0,0,0,1,1,1,1,1,0,0,0,0,0,0,0,0,0,0,0,0,0,0,0,0,0,0,0,0,0,0,0,0,0,0,0,0,0
6.214.021,9908,14158742,Termodinâmica - 7. ed. / 2013,0,0,1,2,1,1,0,1,1,1,1,1,0,0,1,1,0,0,0,0,0,0,0,0,0,0,1,0,0,0,0,0,0,0,0,0,0,0,0,0,0,0,0,0,0,0,0,0
6.214.021,9908,14158745,Termodinâmica - 7. ed. / 2013,1,1,2,1,1,1,1,1,1,1,0,0,0,0,1,0,1,0,0,0,0,0,0,0,0,0,0,0,0,0,0,0,0,0,0,0,0,0,0,0,0,0,0,0,0,0,0,0
6.214.021,9908,14158278,Termodinâmica - 7. ed. / 2013,0,0,1,1,0,0,0,1,0,0,0,0,0,0,0,1,1,1,1,1,1,0,0,0,0,0,0,0,0,0,0,0,0,0,0,0,0,1,0,1,0,0,0,0,0,0,0,0
6.214.021,9908,14158704,Termodinâmica - 7. ed. / 2013,0,0,1,2,2,1,0,1,1,1,1,0,0,0,1,0,0,0,0,0,0,0,0,0,0,0,0,0,0,0,0,0,0,0,0,0,0,0,0,0,0,0,0,0,0,0,0,0
6.214.021,9908,14158710,Termodinâmica - 7. ed. / 2013,0,0,1,0,0,0,0,1,1,1,1,0,0,0,1,2,1,2,0,0,0,0,0,0,0,0,0,0,0,0,0,0,0,0,0,0,0,0,0,0,0,0,0,0,0,0,0,0
6.214.021,9908,14158746,Termodinâmica - 7. ed. / 2013,0,0,1,1,1,1,0,1,1,0,0,0,0,0,1,2,1,1,0,0,0,0,0,0,0,0,0,0,0,0,0,0,0,0,0,0,0,0,0,0,0,0,0,0,0,0,0,0
6.214.021,9908,14158706,Termodinâmica - 7. ed. / 2013,0,0,3,1,1,1,1,1,0,0,0,0,0,0,1,1,0,0,0,0,0,0,0,0,0,0,0,0,0,0,0,0,0,0,0,0,0,0,0,0,0,0,0,0,0,0,0,0
6.214.021,9908,14158280,Termodinâmica - 7. ed. / 2013,0,0,0,0,0,0,0,0,0,0,0,0,0,0,0,0,1,1,0,1,1,1,2,1,0,0,0,0,0,0,0,1,0,0,0,0,0,0,0,0,0,0,0,0,0,0,0,0
6.214.021,9908,14158711,Termodinâmica - 7. ed. / 2013,0,0,0,0,0,0,0,0,0,0,0,0,0,0,2,1,1,1,0,0,0,0,0,0,0,0,1,0,0,0,0,0,0,0,0,0,0,0,0,0,1,0,0,0,0,0,0,0
6.214.021,9908,14158738,Termodinâmica - 7. ed. / 2013,0,0,1,1,1,0,0,1,1,1,0,0,0,0,1,0,0,0,0,0,0,0,0,0,0,0,0,0,0,0,0,0,0,0,0,0,0,0,0,0,0,0,0,0,0,0,0,0
6.214.021,9908,14158743,Termodinâmica - 7. ed. / 2013,0,0,1,1,1,0,0,1,1,1,1,0,0,0,0,0,0,0,0,0,0,0,0,0,0,0,0,0,0,0,0,0,0,0,0,0,0,0,0,0,0,0,0,0,0,0,0,0
6.214.021,9908,14158282,Termodinâmica - 7. ed. / 2013,0,0,1,0,1,0,0,1,1,1,1,0,0,0,0,0,0,0,0,0,0,0,0,0,0,0,0,0,0,0,0,0,0,0,0,0,0,0,0,0,0,0,0,0,0,0,0,0
6.214.021,9908,14158740,Termodinâmica - 7. ed. / 2013,0,0,0,0,0,0,0,0,0,0,0,0,0,0,1,1,1,0,0,0,0,0,0,0,0,0,0,0,0,0,0,0,0,0,0,0,0,0,0,0,0,0,0,0,0,0,0,0
6.214.021,74924,14164091,Fundamentos da termodinâmica / 2013,0,0,1,1,1,1,1,1,1,2,1,1,0,0,1,1,1,1,1,1,1,1,1,1,0,1,1,1,0,0,0,1,1,0,1,1,1,1,0,1,0,0,0,0,0,1,1,0
6.214.021,74924,14164078,Fundamentos da termodinâmica / 2013,1,0,1,1,1,1,1,1,2,1,1,0,0,0,1,2,1,1,0,1,1,1,1,1,0,0,0,0,0,0,0,0,0,0,1,1,2,0,2,1,0,0,0,0,0,1,0,0
6.214.021,74924,14164069,Fundamentos da termodinâmica / 2013,0,0,1,1,1,1,1,1,1,1,1,0,0,0,1,1,1,1,0,1,1,1,1,1,0,0,0,0,0,0,0,0,0,1,1,1,1,1,0,0,0,0,0,0,0,2,1,1
6.214.021,74924,14164087,Fundamentos da termodinâmica / 2013,0,0,1,1,1,1,0,1,1,2,2,0,0,0,0,1,1,1,0,1,1,2,0,0,0,0,0,0,0,0,1,0,0,1,1,1,2,1,0,1,1,0,1,0,0,0,0,0
6.214.021,74924,14164074,Fundamentos da termodinâmica / 2013,0,1,2,0,0,0,2,1,3,0,0,0,0,0,1,1,0,1,0,0,0,1,1,0,0,0,1,1,0,1,1,0,0,1,1,1,1,1,0,0,0,0,0,0,1,1,0,0
6.214.021,74924,14164077,Fundamentos da termodinâmica / 2013,0,0,1,2,2,1,1,1,0,1,2,0,0,0,0,1,1,1,0,0,0,0,0,0,0,1,1,0,1,0,1,1,1,1,1,1,1,1,0,0,0,0,0,0,0,0,0,0
6.214.021,74924,14164097,Fundamentos da termodinâmica / 2013,0,0,1,1,2,1,1,1,1,1,1,1,0,0,0,2,1,1,0,1,1,1,1,1,0,0,1,1,0,0,0,0,0,1,1,0,0,0,0,0,0,0,0,0,0,1,0,0
6.214.021,74924,14164076,Fundamentos da termodinâmica / 2013,0,0,1,1,1,1,0,1,1,1,1,1,0,0,1,1,1,0,0,1,1,0,1,1,0,0,0,0,0,0,0,0,0,1,1,2,1,1,1,0,0,0,0,0,0,0,0,0
6.214.021,74924,14164088,Fundamentos da termodinâmica / 2013,0,0,0,0,0,0,0,0,0,0,0,1,0,0,1,1,1,0,0,1,1,1,2,0,0,1,1,1,1,0,1,1,1,1,1,1,0,0,0,0,0,0,0,0,1,1,1,1
6.214.021,74924,14164083,Fundamentos da termodinâmica / 2013,0,0,1,1,1,1,1,1,1,1,1,0,0,0,1,1,1,1,1,1,1,2,1,0,0,0,0,0,0,0,0,0,0,0,0,0,1,0,0,0,0,0,0,0,1,0,0,0
6.214.021,74924,14164089,Fundamentos da termodinâmica / 2013,0,0,1,1,1,1,2,1,2,1,0,0,0,0,0,1,1,1,0,1,1,1,1,0,0,0,0,0,0,0,0,0,0,0,0,0,0,0,0,0,0,0,0,0,0,2,1,1
6.214.021,74924,14164092,Fundamentos da termodinâmica / 2013,0,0,2,1,1,0,0,1,1,1,0,0,0,0,0,0,0,0,0,1,1,1,0,0,0,1,0,0,0,0,0,1,1,1,1,1,1,0,0,0,0,0,0,0,1,1,1,0
6.214.021,74924,14164079,Fundamentos da termodinâmica / 2013,0,0,1,1,1,1,1,1,1,1,0,0,0,0,0,0,0,0,0,0,0,0,0,0,0,1,1,0,0,0,0,1,1,1,1,0,0,0,0,0,0,0,0,0,1,1,1,2
6.214.021,74924,14164096,Fundamentos da termodinâmica / 2013,0,0,1,1,1,1,0,1,1,1,1,0,0,0,1,1,1,1,1,1,0,0,0,0,0,0,0,0,0,0,0,0,0,0,1,0,1,0,0,0,0,0,0,0,0,1,1,1
6.214.021,74924,14164084,Fundamentos da termodinâmica / 2013,0,0,1,1,1,1,0,1,1,1,1,1,0,0,1,1,1,1,0,1,1,1,1,0,0,0,0,0,0,0,0,0,0,0,0,0,0,0,0,0,0,0,0,0,0,0,0,0
6.214.021,74924,14164086,Fundamentos da termodinâmica / 2013,1,1,1,1,2,1,1,1,0,0,0,0,0,0,1,1,1,1,1,0,0,0,0,0,0,0,0,0,0,0,0,0,0,1,0,0,0,0,0,0,0,0,0,0,0,1,0,0
6.214.021,74924,14164093,Fundamentos da termodinâmica / 2013,0,0,1,1,2,0,0,1,1,1,0,0,0,0,0,0,0,0,0,2,1,2,1,0,0,0,0,0,0,0,0,0,0,0,0,0,0,0,0,0,0,0,0,0,0,2,0,0
6.214.021,74924,14164070,Fundamentos da termodinâmica / 2013,0,0,1,1,1,1,1,1,0,0,0,0,0,0,0,0,0,0,0,0,0,0,0,0,0,0,2,0,0,0,1,1,1,1,1,1,0,0,0,0,0,0,0,0,0,0,0,0
6.214.021,74924,14164073,Fundamentos da termodinâmica / 2013,0,0,1,1,1,1,0,2,1,1,0,0,0,0,1,1,0,0,0,1,1,1,0,0,0,0,0,0,0,0,0,0,0,0,0,0,0,0,0,0,0,0,0,0,0,0,0,0
6.214.021,74924,14164090,Fundamentos da termodinâmica / 2013,0,0,1,1,1,1,1,1,3,1,2,0,0,0,1,0,0,0,0,0,0,0,0,0,0,0,0,0,0,0,0,0,0,0,0,0,0,0,0,0,0,0,0,0,0,0,0,0
6.214.021,74924,14164094,Fundamentos da termodinâmica / 2013,0,0,0,0,0,0,0,0,0,0,0,1,0,1,1,1,1,1,0,1,0,0,0,0,0,0,0,0,0,0,0,0,0,1,1,0,0,0,0,0,0,0,0,0,1,1,1,1
6.214.021,74924,14164085,Fundamentos da termodinâmica / 2013,0,0,3,1,1,0,0,1,1,0,0,0,0,0,0,0,0,0,0,1,1,1,0,0,0,0,0,0,0,0,0,0,0,0,1,0,0,0,0,0,0,0,0,0,0,0,0,0
6.214.021,74924,14164095,Fundamentos da termodinâmica / 2013,0,0,1,1,1,1,0,1,0,0,0,0,0,0,0,0,0,0,0,1,1,1,0,0,0,0,0,0,0,0,0,0,0,1,1,0,0,0,0,0,0,0,0,0,0,1,0,0
6.214.021,74924,14164098,Fundamentos da termodinâmica / 2013,0,0,1,0,0,1,1,1,1,0,0,0,0,0,0,1,1,0,0,0,0,0,0,0,0,0,0,0,0,0,0,0,0,0,1,1,1,1,0,0,0,0,0,0,0,0,0,0
6.214.021,74924,14164075,Fundamentos da termodinâmica / 2013,0,0,1,1,1,1,1,1,1,0,1,1,0,0,0,0,0,0,0,0,0,0,0,0,0,0,0,0,0,0,0,0,0,0,0,0,0,0,0,0,0,0,0,0,0,0,0,0
6.214.021,74924,14164071,Fundamentos da termodinâmica / 2013,0,0,2,1,0,0,0,1,1,0,0,0,0,0,0,0,0,0,0,0,0,0,0,0,0,0,0,0,0,0,0,0,0,0,1,1,1,0,0,0,0,0,0,0,0,0,0,0
6.214.021,74924,14164081,Fundamentos da termodinâmica / 2013,0,0,1,0,0,0,0,1,1,1,1,0,0,0,0,0,0,0,0,0,0,0,0,0,0,0,0,0,0,0,0,0,0,1,1,0,0,0,0,0,0,0,0,0,1,0,0,0
6.214.021,97767,14338739,"Introdução à engenharia dos sistemas térmicos: termodinâmica, mecânica dos fluidos e transferência de calor / 2005",0,0,0,0,0,0,0,1,1,1,0,0,0,0,0,0,0,0,0,0,0,0,0,0,0,0,0,0,0,0,0,0,0,0,0,0,0,0,0,0,0,0,0,0,0,0,0,0
6.214.021,140099,14167276,Princípios de termodinâmica para engenharia - 7. ed. / 2013,0,0,0,0,0,0,0,0,0,0,0,1,0,0,1,1,1,1,2,1,0,0,0,0,0,1,0,0,0,0,0,0,0,1,1,1,0,0,0,0,0,0,0,0,0,0,0,0
6.214.021,140099,14167270,Princípios de termodinâmica para engenharia - 7. ed. / 2013,0,0,0,0,1,1,1,1,1,0,0,0,0,0,0,0,0,0,0,0,0,0,0,0,0,0,0,0,0,0,0,0,0,0,0,0,0,0,0,0,0,0,0,0,0,0,0,0
6.214.021,140099,14167223,Princípios de termodinâmica para engenharia - 7. ed. / 2013,0,0,0,3,0,0,0,0,0,0,0,0,0,0,0,0,0,0,0,0,0,0,0,0,0,0,0,0,0,0,0,0,0,0,0,0,0,0,0,0,0,0,0,0,0,0,0,0
6.214.021,140099,14167224,Princípios de termodinâmica para engenharia - 7. ed. / 2013,0,0,1,0,0,0,1,1,0,0,0,0,0,0,0,0,0,0,0,0,0,0,0,0,0,0,0,0,0,0,0,0,0,0,0,0,0,0,0,0,0,0,0,0,0,0,0,0
6.214.021,140099,14167271,Princípios de termodinâmica para engenharia - 7. ed. / 2013,0,0,0,0,0,0,0,0,0,1,0,0,0,0,0,0,0,0,0,0,0,0,0,0,0,0,0,0,0,0,0,0,0,0,0,0,0,0,0,0,0,0,0,0,0,0,0,0
6.214.022,134888,14159650,Transferência de calor e massa : uma abordagem prática - 4. ed. / 2012,0,0,1,1,1,1,0,0,2,0,0,0,0,0,1,2,1,1,1,1,0,0,0,0,0,1,0,1,0,0,0,1,0,1,1,1,0,0,1,1,1,0,1,0,0,0,0,0
6.214.022,153731,14166574,Fundamentos de transferência de calor e de massa - 7. ed. / 2014,0,0,1,1,1,1,2,1,1,1,1,0,0,0,1,1,1,1,1,0,0,0,0,0,0,1,0,0,0,0,0,1,1,0,0,0,0,0,0,0,0,0,0,0,0,0,0,0
6.214.022,153731,14166583,Fundamentos de transferência de calor e de massa - 7. ed. / 2014,0,0,1,1,1,1,1,1,1,1,1,1,0,0,1,1,1,1,0,0,0,0,0,0,0,1,0,1,1,0,0,0,0,0,0,0,0,0,0,0,0,0,0,0,0,0,0,0
6.214.022,153731,14166591,Fundamentos de transferência de calor e de massa - 7. ed. / 2014,0,0,1,1,1,1,1,0,0,0,0,0,0,0,1,2,1,1,0,1,0,0,0,0,0,1,0,1,0,0,0,1,1,0,0,0,0,0,0,0,0,0,0,0,0,0,0,0
6.214.022,153731,14166585,Fundamentos de transferência de calor e de massa - 7. ed. / 2014,0,0,0,3,0,0,0,0,0,0,0,0,0,0,1,1,2,1,0,1,0,0,0,0,0,1,0,1,0,0,0,1,1,0,0,0,0,0,0,0,1,0,0,0,0,0,0,0
6.214.022,153731,14166590,Fundamentos de transferência de calor e de massa - 7. ed. / 2014,0,0,1,1,1,1,1,0,0,0,0,0,0,0,1,2,1,1,0,0,0,0,0,0,0,1,0,0,0,0,0,0,0,0,0,0,0,0,0,0,0,0,0,0,0,0,0,0
6.214.022,153731,14166577,Fundamentos de transferência de calor e de massa - 7. ed. / 2014,0,0,1,0,0,0,0,0,0,0,0,0,0,0,1,1,1,2,0,0,0,0,0,0,0,1,0,1,0,0,0,1,1,0,0,0,0,0,0,0,0,0,0,0,0,0,0,0
6.214.022,153731,14166586,Fundamentos de transferência de calor e de massa - 7. ed. / 2014,0,0,1,0,1,1,1,1,0,0,0,0,0,0,1,1,1,1,0,0,0,0,0,0,0,0,1,0,0,0,0,0,0,0,0,0,0,0,0,0,0,0,0,0,0,0,0,0
6.214.022,153731,14166589,Fundamentos de transferência de calor e de massa - 7. ed. / 2014,0,0,1,1,1,1,1,0,0,0,0,0,0,0,1,1,1,1,1,0,0,0,0,0,0,0,0,0,0,0,0,0,0,0,0,0,0,0,0,0,0,0,0,0,0,0,0,0
6.214.022,153731,14166595,Fundamentos de transferência de calor e de massa - 7. ed. / 2014,0,0,0,2,0,0,1,0,0,0,0,0,0,0,1,1,1,1,1,1,0,0,0,0,0,1,0,0,0,0,0,0,0,0,0,0,0,0,0,0,0,0,0,0,0,0,0,0
6.214.022,153731,14166588,Fundamentos de transferência de calor e de massa - 7. ed. / 2014,0,0,1,1,0,1,1,0,0,0,0,0,0,0,1,2,1,1,0,0,0,0,0,0,0,0,0,0,0,0,0,0,0,0,0,0,0,0,0,0,0,0,0,0,0,0,0,0
6.214.022,153731,14166593,Fundamentos de transferência de calor e de massa - 7. ed. / 2014,0,0,2,1,1,1,0,0,0,0,0,0,0,0,1,1,1,0,0,0,0,0,0,0,0,0,1,0,0,0,0,0,0,0,0,0,0,0,0,0,0,0,0,0,0,0,0,0
6.214.022,153731,14166594,Fundamentos de transferência de calor e de massa - 7. ed. / 2014,0,0,0,0,0,0,0,0,0,0,0,0,0,0,1,1,2,1,0,0,0,0,0,0,0,1,0,0,0,0,2,1,0,0,0,0,0,0,0,0,0,0,0,0,0,0,0,0
6.214.022,153731,14166597,Fundamentos de transferência de calor e de massa - 7. ed. / 2014,0,0,1,1,1,1,0,0,0,0,0,0,0,0,1,1,1,1,1,0,0,0,0,0,0,0,0,0,0,0,0,0,0,0,0,0,0,0,0,0,0,0,0,0,0,0,0,0
6.214.022,153731,14166602,Fundamentos de transferência de calor e de massa - 7. ed. / 2014,0,0,1,1,1,1,1,0,0,0,0,0,0,0,1,1,1,1,0,0,0,0,0,0,0,0,0,0,0,0,0,0,0,0,0,0,0,0,0,0,0,0,0,0,0,0,0,0
6.214.022,153731,14166575,Fundamentos de transferência de calor e de massa - 7. ed. / 2014,0,0,0,1,0,0,0,0,0,0,0,0,0,0,1,1,1,1,0,0,0,0,0,0,0,1,1,0,0,0,0,0,0,0,0,0,0,0,0,0,0,0,0,0,0,0,0,0
6.214.022,153731,14166578,Fundamentos de transferência de calor e de massa - 7. ed. / 2014,0,0,0,0,0,0,0,0,0,0,0,0,0,0,2,1,1,2,0,0,0,0,0,0,0,1,0,0,0,0,0,0,0,0,0,0,0,0,0,0,0,0,0,0,0,0,0,0
6.214.022,153731,14166587,Fundamentos de transferência de calor e de massa - 7. ed. / 2014,0,0,1,1,1,2,0,0,0,0,0,0,0,0,1,1,0,0,0,0,0,0,0,0,0,0,0,0,0,0,0,0,0,0,0,0,0,0,0,0,0,0,0,0,0,0,0,0
6.214.022,153731,14166592,Fundamentos de transferência de calor e de massa - 7. ed. / 2014,0,0,2,2,1,1,1,0,0,0,0,0,0,0,0,0,0,0,0,0,0,0,0,0,0,0,0,0,0,0,0,0,0,0,0,0,0,0,0,0,0,0,0,0,0,0,0,0
6.214.022,153731,14166580,Fundamentos de transferência de calor e de massa - 7. ed. / 2014,0,0,1,1,1,1,1,0,0,0,0,0,0,0,0,0,0,0,0,0,0,0,0,0,0,0,0,0,0,0,0,0,0,0,0,0,0,0,0,0,0,0,0,0,0,0,0,0
6.214.022,153731,14166601,Fundamentos de transferência de calor e de massa - 7. ed. / 2014,0,0,0,0,0,0,0,0,0,0,0,0,0,0,1,1,1,1,0,0,0,0,0,0,0,0,1,0,0,0,0,0,0,0,0,0,0,0,0,0,0,0,0,0,0,0,0,0
6.214.022,153731,14166579,Fundamentos de transferência de calor e de massa - 7. ed. / 2014,0,0,0,0,0,0,0,0,0,0,0,0,0,0,1,1,1,0,0,0,0,0,0,0,0,0,0,0,0,0,0,0,0,0,0,0,0,0,0,0,0,0,0,0,0,0,0,0
6.214.022,153731,14166582,Fundamentos de transferência de calor e de massa - 7. ed. / 2014,0,0,0,1,2,0,0,0,0,0,0,0,0,0,0,0,0,0,0,0,0,0,0,0,0,0,0,0,0,0,0,0,0,0,0,0,0,0,0,0,0,0,0,0,0,0,0,0
6.214.022,153731,14166584,Fundamentos de transferência de calor e de massa - 7. ed. / 2014,1,1,1,0,0,0,0,0,0,0,0,0,0,0,0,0,0,0,0,0,0,0,0,0,0,0,0,0,0,0,0,0,0,0,0,0,0,0,0,0,0,0,0,0,0,0,0,0
6.214.022,153731,14166576,Fundamentos de transferência de calor e de massa - 7. ed. / 2014,0,0,0,0,0,0,0,0,0,0,0,0,0,0,1,0,0,0,0,0,0,0,0,0,0,0,0,0,0,0,0,0,0,0,0,0,0,0,0,0,0,0,0,0,0,0,0,0
6.214.022,153731,14166581,Fundamentos de transferência de calor e de massa - 7. ed. / 2014,0,0,0,0,0,0,0,0,0,0,0,0,0,0,1,0,0,0,0,0,0,0,0,0,0,0,0,0,0,0,0,0,0,0,0,0,0,0,0,0,0,0,0,0,0,0,0,0
6.214.022,153731,14166599,Fundamentos de transferência de calor e de massa - 7. ed. / 2014,0,0,0,1,0,0,0,0,0,0,0,0,0,0,0,0,0,0,0,0,0,0,0,0,0,0,0,0,0,0,0,0,0,0,0,0,0,0,0,0,0,0,0,0,0,0,0,0
6.214.022,153731,14166600,Fundamentos de transferência de calor e de massa - 7. ed. / 2014,0,0,0,0,0,0,0,0,0,0,0,0,0,0,0,0,0,0,1,0,0,0,0,0,0,0,0,0,0,0,0,0,0,0,0,0,0,0,0,0,0,0,0,0,0,0,0,0
6.214.022,155754,14187951,Princípios de transferência de calor / 2016,0,0,0,0,0,0,0,0,0,0,0,0,0,0,1,1,1,1,1,1,0,0,0,0,0,0,0,0,0,0,0,0,0,0,0,0,0,0,0,0,0,0,0,0,0,0,0,0
6.214.022,155754,14187953,Princípios de transferência de calor / 2016,0,0,0,0,0,0,0,0,0,0,0,0,0,0,0,0,0,0,1,1,1,0,0,0,0,0,0,0,0,0,0,0,0,0,0,0,0,0,0,0,0,0,0,0,0,0,0,0
6.214.022,155754,14187948,Princípios de transferência de calor / 2016,0,0,1,0,0,0,0,0,0,0,0,0,0,0,0,0,0,0,0,0,0,0,0,0,0,0,0,0,0,0,0,0,0,0,0,0,0,0,0,0,0,0,0,0,0,0,0,0
6.214.022,155754,14187954,Princípios de transferência de calor / 2016,0,0,0,0,0,0,0,0,0,0,0,0,0,0,0,0,0,1,0,0,0,0,0,0,0,0,0,0,0,0,0,0,0,0,0,0,0,0,0,0,0,0,0,0,0,0,0,0
621.56,99299,14157677,Refrigeração industrial - 2. ed. / 2002,0,0,1,0,0,0,1,1,1,1,0,0,0,1,2,1,1,0,0,0,0,0,0,0,0,1,0,0,0,0,0,1,0,1,1,1,1,1,0,1,0,0,0,0,0,0,0,0
621.6,101457,14149531,Bombas industriais - 2. ed. / 1998,0,0,0,0,0,2,1,2,2,1,1,1,0,0,1,1,1,1,0,1,1,1,1,0,0,0,0,0,0,0,0,0,0,0,0,0,0,0,0,0,0,0,0,0,0,0,0,0
621.6,101457,14149532,Bombas industriais - 2. ed. / 1998,0,0,0,0,0,0,0,0,0,0,0,0,0,0,1,1,1,2,0,1,1,1,0,0,0,1,0,0,0,0,0,0,0,0,0,0,0,0,0,0,0,0,0,0,0,0,0,0
621.6,101457,14338485,Bombas industriais - 2. ed. / 1998,0,0,0,0,0,0,0,0,0,0,0,0,0,0,1,1,0,0,0,0,1,1,1,1,0,0,0,0,0,0,0,0,0,0,0,0,0,0,0,0,0,0,0,0,0,0,0,0
621.8,140071,14148755,Elementos de máquinas - 10. ed. / 2012,0,1,1,1,0,0,0,0,0,0,0,1,0,0,1,1,0,0,0,1,1,1,1,0,0,0,0,0,0,0,0,1,0,1,1,1,1,1,0,1,0,0,0,0,0,0,0,0
621.8,140071,14148756,Elementos de máquinas - 10. ed. / 2012,0,0,1,1,1,1,1,1,0,0,0,1,0,0,1,1,0,0,0,1,2,1,1,1,0,1,0,0,0,0,0,0,0,0,0,0,0,0,0,0,0,0,0,0,0,0,0,0
621.811,158095,14187960,Kinematics analysis and synthesis Jack T. Kimbrell / 1991,2,1,1,1,1,2,1,1,1,1,1,1,0,0,1,2,1,1,0,1,1,1,1,1,0,0,1,1,0,1,0,1,1,1,1,1,0,0,0,0,0,0,0,0,0,0,0,0
621.815,85396,14338623,Projeto de máquinas : uma abordagem integrada - 2. ed. / 2004,0,0,0,0,0,1,0,0,0,0,0,0,0,0,1,1,1,1,1,0,0,0,0,0,0,0,1,0,0,0,0,1,1,1,1,1,1,1,0,0,0,1,0,0,0,0,0,0
621.815,151751,14159300,Projeto mecânico de elementos de máquinas : uma perspectiva de prevenção de falha / 2006,0,0,1,1,0,0,0,0,0,0,0,0,0,0,0,0,0,0,0,0,0,0,0,0,0,0,0,0,0,0,0,2,0,0,0,0,0,0,0,0,0,0,0,0,0,0,0,0
621.815,151751,14159288,Projeto mecânico de elementos de máquinas : uma perspectiva de prevenção de falha / 2006,1,1,1,0,0,0,0,0,0,0,0,0,0,0,0,0,0,0,0,0,0,0,0,0,0,0,0,0,0,0,0,0,0,0,0,0,0,0,0,0,0,0,0,0,0,0,0,0
621.815,151751,14159296,Projeto mecânico de elementos de máquinas : uma perspectiva de prevenção de falha / 2006,0,0,0,0,0,0,0,0,0,0,0,0,0,0,0,0,0,1,0,0,0,0,0,0,0,0,0,0,0,0,0,0,0,0,0,1,1,0,0,0,0,0,0,0,0,0,0,0
621.815,151751,14159285,Projeto mecânico de elementos de máquinas : uma perspectiva de prevenção de falha / 2006,0,0,0,0,1,1,0,0,0,0,0,0,0,0,0,0,0,0,0,0,0,0,0,0,0,0,0,0,0,0,0,0,0,0,0,0,0,0,0,0,0,0,0,0,0,0,0,0
621.815,151751,14159306,Projeto mecânico de elementos de máquinas : uma perspectiva de prevenção de falha / 2006,0,0,0,0,0,0,0,0,0,0,0,0,0,0,0,0,0,0,0,0,0,0,0,0,0,0,1,0,0,0,0,0,0,0,0,0,0,0,0,0,0,0,0,0,0,0,0,0
621.815,154217,14168954,Projeto de máquinas: uma abordagem integrada - 4. ed. / 2013,0,0,1,1,1,1,1,1,0,0,0,1,0,0,1,1,1,2,1,1,1,1,1,1,0,0,1,0,0,0,1,1,1,1,0,1,1,1,0,1,1,0,0,0,0,0,1,0
621.815,154217,14168967,Projeto de máquinas: uma abordagem integrada - 4. ed. / 2013,0,0,0,0,2,1,1,1,1,1,1,0,0,0,1,1,1,1,0,1,1,1,1,1,0,0,1,2,0,1,0,1,1,1,1,1,1,1,0,0,0,0,0,0,0,0,0,0
621.815,154217,14168970,Projeto de máquinas: uma abordagem integrada - 4. ed. / 2013,0,0,1,1,1,0,0,1,1,1,0,0,0,0,1,1,1,2,0,1,1,2,1,0,0,1,0,1,0,0,0,1,1,1,0,2,1,1,1,0,0,0,1,0,0,1,0,0
621.815,154217,14168964,Projeto de máquinas: uma abordagem integrada - 4. ed. / 2013,0,0,2,1,2,1,0,1,2,1,1,0,0,0,1,2,1,1,0,1,1,1,1,1,0,0,1,0,0,0,0,1,1,1,1,1,0,0,0,0,0,0,0,0,0,0,0,0
621.815,154217,14168960,Projeto de máquinas: uma abordagem integrada - 4. ed. / 2013,0,0,0,0,1,1,1,1,1,1,0,0,0,0,1,1,1,2,0,0,0,0,0,0,0,1,0,1,0,0,0,1,1,1,1,1,1,1,0,1,0,0,0,0,0,1,1,1
621.815,154217,14168961,Projeto de máquinas: uma abordagem integrada - 4. ed. / 2013,1,1,1,0,1,2,1,1,1,1,0,0,0,0,1,1,1,1,1,1,2,2,1,0,0,0,0,0,0,0,0,0,0,0,0,1,0,0,0,0,0,0,0,0,0,1,1,0
621.815,154217,14168953,Projeto de máquinas: uma abordagem integrada - 4. ed. / 2013,0,0,1,0,1,2,1,1,1,1,1,0,0,0,1,2,1,2,1,1,1,1,1,1,1,0,0,0,0,0,0,0,0,0,0,0,0,0,0,0,0,0,0,0,0,0,0,0
621.815,154217,14168956,Projeto de máquinas: uma abordagem integrada - 4. ed. / 2013,0,0,1,1,1,1,1,0,1,1,0,0,0,0,1,1,1,1,2,1,1,0,0,0,0,1,0,0,0,0,1,0,0,1,1,1,1,1,0,0,0,0,0,0,0,0,0,0
621.815,154217,14168963,Projeto de máquinas: uma abordagem integrada - 4. ed. / 2013,1,1,1,1,2,0,0,1,0,0,0,0,0,0,1,1,1,1,1,1,1,1,0,0,0,0,0,0,0,0,0,0,0,0,0,1,1,1,1,0,0,1,0,0,0,1,0,1
621.815,154217,14168969,Projeto de máquinas: uma abordagem integrada - 4. ed. / 2013,0,0,1,1,1,1,0,1,1,1,1,0,0,0,1,1,1,1,1,1,1,1,1,0,0,1,0,1,0,0,0,0,0,0,0,1,1,1,0,0,0,0,0,0,0,0,0,0
621.815,154217,14168958,Projeto de máquinas: uma abordagem integrada - 4. ed. / 2013,0,0,0,0,1,1,0,0,0,3,1,1,1,1,2,1,1,1,0,0,0,0,0,0,0,0,0,0,0,0,0,0,0,0,0,1,0,0,0,1,1,0,1,0,0,0,0,0
621.815,154217,14168962,Projeto de máquinas: uma abordagem integrada - 4. ed. / 2013,1,2,1,0,2,1,0,0,0,0,0,0,0,0,1,1,1,1,1,1,1,1,1,0,0,0,0,0,0,0,0,0,0,0,0,0,0,0,0,0,0,0,0,0,0,1,1,0
621.815,154217,14168957,Projeto de máquinas: uma abordagem integrada - 4. ed. / 2013,0,0,0,0,2,1,0,0,0,0,0,0,0,0,1,1,1,1,0,0,1,1,1,0,0,0,0,0,0,0,0,0,0,0,0,1,1,1,0,1,1,0,1,0,0,1,0,0
621.815,154217,14168965,Projeto de máquinas: uma abordagem integrada - 4. ed. / 2013,0,0,0,0,1,0,0,0,1,1,0,0,0,0,1,1,1,1,0,0,0,0,0,0,0,1,0,0,0,0,0,1,0,1,1,1,1,1,0,1,0,0,0,0,0,1,1,0
621.815,154217,14168972,Projeto de máquinas: uma abordagem integrada - 4. ed. / 2013,0,0,0,0,2,1,1,2,1,1,1,0,0,0,1,1,1,1,0,1,1,1,1,0,0,0,0,0,0,0,0,0,0,0,0,0,0,0,0,0,0,0,0,0,0,0,0,0
621.815,154217,14168971,Projeto de máquinas: uma abordagem integrada - 4. ed. / 2013,0,0,0,0,0,1,0,0,0,0,0,1,0,0,1,1,1,2,0,0,0,0,0,0,0,0,1,0,0,0,0,1,1,1,1,1,1,1,0,0,1,0,0,0,0,0,0,0
621.815,154217,14168966,Projeto de máquinas: uma abordagem integrada - 4. ed. / 2013,1,1,1,0,1,2,1,0,0,0,0,0,0,0,1,2,1,1,1,1,1,0,0,0,0,0,0,0,0,0,0,0,0,0,0,0,0,0,0,0,0,0,0,0,0,0,0,0
621.815,154217,14168955,Projeto de máquinas: uma abordagem integrada - 4. ed. / 2013,0,0,0,0,2,1,0,1,1,2,0,1,0,0,1,1,1,1,0,0,0,0,0,0,0,0,0,0,0,0,0,0,0,0,0,0,0,0,0,0,0,0,0,0,0,0,0,0
621.815,154217,14168968,Projeto de máquinas: uma abordagem integrada - 4. ed. / 2013,0,0,0,0,2,0,0,0,0,0,0,0,0,0,1,1,1,1,0,1,0,0,0,0,0,0,0,0,0,0,0,0,0,0,0,0,0,0,0,0,0,0,0,0,0,0,0,0
621.815,155229,14176202,Machine design: an integrated approach - 5th ed. / 2014,0,0,0,0,2,1,1,1,1,1,0,0,0,0,0,0,0,0,0,0,0,0,0,0,0,0,0,0,0,0,0,0,0,0,0,0,0,0,0,0,0,0,0,0,0,0,0,0
621.815,155229,14176208,Machine design: an integrated approach - 5th ed. / 2014,0,0,0,0,0,0,0,0,0,0,0,0,0,0,0,0,0,0,0,0,0,1,1,0,0,0,1,0,0,0,0,1,0,0,0,0,0,0,0,0,0,0,0,0,0,0,0,0
621.815,155229,14176216,Machine design: an integrated approach - 5th ed. / 2014,0,0,0,0,1,0,0,0,0,0,0,0,0,0,0,0,0,0,0,0,0,0,0,0,0,0,0,0,0,0,1,1,0,0,0,0,0,0,0,0,0,0,0,0,0,0,0,0
621.815,155229,14176210,Machine design: an integrated approach - 5th ed. / 2014,0,0,0,0,0,1,0,0,0,0,0,0,0,0,0,0,0,0,0,0,0,0,0,0,0,0,0,0,0,0,0,0,0,0,0,0,0,0,0,0,0,0,0,0,0,0,0,0
621.815,155229,14176215,Machine design: an integrated approach - 5th ed. / 2014,0,0,0,0,0,1,0,0,0,0,0,0,0,0,0,0,0,0,0,0,0,0,0,0,0,0,0,0,0,0,0,0,0,0,0,0,0,0,0,0,0,0,0,0,0,0,0,0
621.815,155229,14176218,Machine design: an integrated approach - 5th ed. / 2014,0,0,0,0,1,0,0,0,0,0,0,0,0,0,0,0,0,0,0,0,0,0,0,0,0,0,0,0,0,0,0,0,0,0,0,0,0,0,0,0,0,0,0,0,0,0,0,0
621.815,156743,14182972,Desenhista de maquinas Francesco Provenza - [1. ed.] / 1960,0,0,0,0,1,2,1,1,1,1,1,1,0,0,1,2,1,1,0,1,1,1,1,1,0,0,1,1,0,1,0,1,1,1,1,1,0,0,0,0,0,2,1,0,0,0,0,0
621.815,158473,14188569,Design of machinery : an introduction to the synthesis and analysis of mechanisms and machines - 5th. ed. / 2012,0,0,0,0,0,0,0,0,0,0,0,0,0,0,1,2,1,1,0,0,0,0,0,0,0,0,0,0,0,0,0,0,0,0,0,0,0,0,0,0,0,0,0,0,0,0,0,0
621.815,158473,14188572,Design of machinery : an introduction to the synthesis and analysis of mechanisms and machines - 5th. ed. / 2012,0,0,0,0,0,0,0,0,0,0,0,0,0,0,1,1,1,1,0,0,0,0,0,0,0,0,0,0,0,0,0,0,0,0,0,0,0,0,0,0,0,0,0,0,0,0,0,0
621.815,158473,14188562,Design of machinery : an introduction to the synthesis and analysis of mechanisms and machines - 5th. ed. / 2012,0,0,0,0,0,0,0,0,0,0,0,0,0,0,1,1,0,0,0,0,0,0,0,0,0,0,0,0,0,0,0,0,0,0,0,0,0,0,0,0,0,0,0,0,0,0,0,0
621.815,158473,14188568,Design of machinery : an introduction to the synthesis and analysis of mechanisms and machines - 5th. ed. / 2012,0,0,0,0,0,0,0,0,0,0,0,0,0,0,0,0,0,0,0,0,0,0,0,0,0,0,0,0,0,0,0,0,0,0,0,1,1,0,0,0,0,0,0,0,0,0,0,0
621.815,158473,14188575,Design of machinery : an introduction to the synthesis and analysis of mechanisms and machines - 5th. ed. / 2012,0,0,0,0,1,1,0,0,0,0,0,0,0,0,0,0,0,0,0,0,0,0,0,0,0,0,0,0,0,0,0,0,0,0,0,0,0,0,0,0,0,0,0,0,0,0,0,0
621.815,158473,14188558,Design of machinery : an introduction to the synthesis and analysis of mechanisms and machines - 5th. ed. / 2012,0,0,0,0,0,0,0,0,0,0,0,0,0,0,0,0,0,0,0,0,0,0,0,0,0,0,0,0,0,0,0,0,0,0,0,0,0,0,0,0,0,0,0,0,1,0,0,0
621.815,158473,14188570,Design of machinery : an introduction to the synthesis and analysis of mechanisms and machines - 5th. ed. / 2012,0,0,0,0,0,0,0,0,0,0,0,0,0,0,1,0,0,0,0,0,0,0,0,0,0,0,0,0,0,0,0,0,0,0,0,0,0,0,0,0,0,0,0,0,0,0,0,0
621.84,209781,14338736,Válvulas industriais. / 2009,0,0,0,0,0,0,0,1,0,0,0,0,0,0,0,0,0,0,0,0,0,0,0,0,0,0,0,0,0,0,0,0,0,0,0,0,0,0,0,0,0,0,0,0,0,0,0,0
6.218.672,116230,14338919,"Tubulações industriais : materiais, projeto, montagem - 10. ed. / 2001",0,0,0,0,0,0,0,1,0,0,0,0,0,0,0,0,0,0,0,0,0,0,0,0,0,0,0,0,0,0,0,0,0,0,0,0,0,0,0,0,0,0,0,0,0,0,0,0
6.218.672,164429,14338924,Tabelas e gráficos para projetos de tubulações - 7. ed. rev. e amp. / 2011,0,0,0,0,0,0,0,1,0,0,0,0,0,0,0,0,0,0,0,0,0,0,0,0,0,0,0,0,0,0,0,0,0,0,0,0,0,0,0,0,0,0,0,0,0,0,0,0
6.218.672,209747,14338716,Análise de tensões em tubulações industriais para engenheiros e projetistas / 2006,0,0,0,0,1,0,0,0,0,0,0,0,0,0,0,0,0,0,0,0,0,0,0,0,0,0,0,0,0,0,0,0,0,0,0,0,0,0,0,0,0,0,0,0,0,0,0,0
624.1,98979,14377213,Análise de estruturas : método das forças e método dos deslocamentos - 2. ed. atual. / 2006,0,0,0,0,0,0,0,0,0,0,0,0,0,0,0,0,0,0,0,0,0,0,0,0,0,0,0,0,0,0,0,0,0,0,0,0,0,0,0,0,0,0,0,0,0,1,0,0
624.1,192626,14373438,Análise das estruturas - 8.ed. / 2013,0,0,0,0,0,0,0,0,0,0,0,0,0,0,0,0,0,0,0,0,0,0,0,0,0,0,0,0,0,0,0,0,0,0,0,0,0,0,0,1,0,0,0,0,0,0,0,0
624.1,192649,14371262,Análise de estruturas: formulações clássicas - 1. ed. / 2016,0,0,0,0,0,0,0,0,0,0,0,0,0,0,0,0,0,0,0,0,0,0,0,0,0,0,0,0,0,0,0,0,0,0,1,1,1,1,0,0,0,0,0,0,0,0,0,0
624.1,199493,14327880,Engenharia do patrimônio / 2019,0,0,0,0,0,0,0,0,0,0,1,1,0,0,1,1,1,0,0,0,0,0,0,0,0,0,0,0,0,0,0,0,0,0,0,0,0,0,0,0,0,0,0,0,0,0,0,0
624.1,199493,14327879,Engenharia do patrimônio / 2019,1,0,1,0,0,0,0,0,0,0,0,0,0,0,1,0,0,0,0,0,0,0,0,0,0,0,0,0,0,0,0,0,0,0,0,0,0,0,0,0,0,0,0,0,0,0,0,0
624.1,199493,14327882,Engenharia do patrimônio / 2019,0,0,0,1,1,0,0,0,0,1,0,0,0,0,0,0,0,0,0,0,0,0,0,0,0,0,0,0,0,0,0,0,0,0,0,0,0,0,0,0,0,0,0,0,0,0,0,0
624.1,199493,14327883,Engenharia do patrimônio / 2019,0,0,1,1,0,0,0,0,0,0,0,0,0,0,1,0,0,0,0,0,0,0,0,0,0,0,0,0,0,0,0,0,0,0,0,0,0,0,0,0,0,0,0,0,0,0,0,0
624.1,199493,14327884,Engenharia do patrimônio / 2019,0,0,1,1,1,0,0,0,0,0,0,0,0,0,0,0,0,0,0,0,0,0,0,0,0,0,0,0,0,0,0,0,0,0,0,0,0,0,0,0,0,0,0,0,0,0,0,0
624.1,199493,14327881,Engenharia do patrimônio / 2019,0,0,0,0,1,0,0,0,0,0,0,0,0,0,0,0,0,0,0,0,0,0,0,0,0,0,0,0,0,0,0,0,0,0,0,0,0,0,0,0,0,0,0,0,0,0,0,0
624.1,199493,14327885,Engenharia do patrimônio / 2019,0,0,0,0,0,0,0,0,0,0,0,0,0,0,0,0,1,0,0,0,0,0,0,0,0,0,0,0,0,0,0,0,0,0,0,0,0,0,0,0,0,0,0,0,0,0,0,0
624.1,212760,14345443,Alvenarias afetadas por umidade e sais : mecanismos de degradação e recuperação / 2022,0,0,0,0,0,0,0,0,1,1,1,1,0,0,1,1,2,0,0,0,1,2,0,0,0,0,0,0,0,0,0,0,0,0,0,0,0,0,0,0,0,0,0,0,0,0,0,0
624.1,212760,14345445,Alvenarias afetadas por umidade e sais : mecanismos de degradação e recuperação / 2022,0,0,0,0,0,0,0,0,1,1,1,1,0,1,1,1,1,1,0,0,0,0,0,0,0,0,0,0,0,0,0,0,0,0,0,0,0,0,0,0,0,0,0,0,0,0,0,0
624.1,212760,14345441,Alvenarias afetadas por umidade e sais : mecanismos de degradação e recuperação / 2022,0,0,0,0,0,0,0,0,1,0,0,0,0,0,1,1,0,0,0,0,0,0,0,0,0,0,0,0,0,0,0,0,0,0,0,0,0,0,0,0,0,0,0,0,0,0,0,0
624.1,212760,14345440,Alvenarias afetadas por umidade e sais : mecanismos de degradação e recuperação / 2022,0,0,0,0,0,0,0,0,1,1,0,0,0,0,0,0,0,0,0,0,0,0,0,0,0,0,0,0,0,0,0,0,0,0,0,0,0,0,0,0,0,0,0,0,0,0,0,0
624.1,212760,14345444,Alvenarias afetadas por umidade e sais : mecanismos de degradação e recuperação / 2022,0,0,0,0,0,0,0,0,1,1,0,0,0,0,0,0,0,0,0,0,0,0,0,0,0,0,0,0,0,0,0,0,0,0,0,0,0,0,0,0,0,0,0,0,0,0,0,0
624.1,212760,14345442,Alvenarias afetadas por umidade e sais : mecanismos de degradação e recuperação / 2022,0,0,0,0,0,0,0,0,1,0,0,0,0,0,0,0,0,0,0,0,0,0,0,0,0,0,0,0,0,0,0,0,0,0,0,0,0,0,0,0,0,0,0,0,0,0,0,0
624.15,70351,14178801,Fundações : teoria e prática - 2. ed. / 1998,0,0,0,0,0,0,1,1,0,0,0,0,0,0,0,0,0,0,0,0,0,0,0,0,0,0,0,0,0,0,0,0,0,0,0,0,0,0,0,0,0,0,0,0,0,0,0,0
624.15,70351,14178798,Fundações : teoria e prática - 2. ed. / 1998,0,0,0,0,0,0,0,0,0,0,0,0,0,0,0,0,0,0,0,0,0,0,0,0,0,0,0,0,0,0,0,0,0,0,0,0,0,0,0,0,0,0,0,0,0,0,0,1
624.15,70351,14178802,Fundações : teoria e prática - 2. ed. / 1998,0,0,0,0,0,0,0,1,0,0,0,0,0,0,0,0,0,0,0,0,0,0,0,0,0,0,0,0,0,0,0,0,0,0,0,0,0,0,0,0,0,0,0,0,0,0,0,0
624.15,115185,14163563,Exercícios de fundações - 2.ed. / 2010,0,0,0,0,0,0,0,0,0,0,0,0,0,0,0,0,0,0,0,0,0,0,0,0,0,0,0,0,0,0,0,0,0,0,0,0,1,0,0,0,0,0,0,0,0,0,0,0
624.15,115185,14163567,Exercícios de fundações - 2.ed. / 2010,0,0,0,0,0,0,0,0,0,0,0,0,0,0,0,0,0,0,0,0,0,0,0,0,0,0,0,0,0,0,0,0,0,0,0,0,1,0,0,0,0,0,0,0,0,0,0,0
624.15,115185,14163570,Exercícios de fundações - 2.ed. / 2010,0,0,0,0,0,0,0,0,0,0,0,0,0,0,0,0,0,0,0,0,0,0,0,0,0,0,0,0,0,0,0,0,0,0,1,0,0,0,0,0,0,0,0,0,0,0,0,0
624.15,125358,14161070,"Fundações : volume 1: critérios de projeto, investigações do subsolo, fundações superficiais - 2. ed. / 2011",0,2,1,1,1,1,1,1,1,1,0,0,0,0,0,0,0,0,0,0,0,0,0,0,0,0,0,0,0,0,0,0,0,0,0,0,0,0,0,0,0,0,0,0,0,0,0,0
624.15,125358,14161067,"Fundações : volume 1: critérios de projeto, investigações do subsolo, fundações superficiais - 2. ed. / 2011",0,0,0,0,0,0,0,1,0,0,0,0,0,0,0,0,0,0,0,0,0,0,0,0,0,0,0,0,0,0,0,0,0,1,1,1,1,0,0,0,0,0,0,0,0,0,0,0
624.15,125358,14161063,"Fundações : volume 1: critérios de projeto, investigações do subsolo, fundações superficiais - 2. ed. / 2011",0,0,0,0,0,0,0,0,0,0,0,0,0,0,0,0,0,0,0,1,1,1,0,0,0,0,0,0,0,0,0,0,0,0,0,0,0,0,0,0,0,0,0,0,0,0,0,1
624.15,125358,14161065,"Fundações : volume 1: critérios de projeto, investigações do subsolo, fundações superficiais - 2. ed. / 2011",0,0,1,0,0,2,0,0,0,0,0,0,0,0,0,0,0,0,0,0,0,0,0,0,0,0,0,0,0,0,0,0,0,0,0,0,0,0,0,0,0,0,0,0,0,0,0,0
624.15,125358,14161068,"Fundações : volume 1: critérios de projeto, investigações do subsolo, fundações superficiais - 2. ed. / 2011",0,0,0,0,0,0,0,0,0,0,0,0,0,0,0,0,0,0,0,0,0,0,0,1,0,0,0,0,0,0,0,0,0,0,0,0,1,0,0,0,0,0,0,0,0,0,0,0
624.15,152378,14161428,Fundações : volume 2 : fundações profundas / 2010,0,0,0,0,0,0,0,0,0,0,0,0,0,0,0,0,0,0,0,0,0,0,0,0,0,0,0,0,0,0,0,0,0,0,0,0,0,0,0,0,0,0,0,0,0,0,0,1
624.15,152378,14161429,Fundações : volume 2 : fundações profundas / 2010,0,0,0,0,0,0,0,0,0,0,0,0,0,0,0,0,0,0,0,0,0,0,0,1,0,0,0,0,0,0,0,0,0,0,0,0,0,0,0,0,0,0,0,0,0,0,0,0
624.151,118042,14372103,Obras de terra : curso básico de geotecnia - 2. ed. / 2010,0,0,0,0,0,0,0,0,0,0,0,0,0,0,0,0,0,0,0,0,0,0,0,0,0,0,0,0,0,0,0,0,0,0,0,0,0,0,0,0,0,0,0,0,0,0,0,1
624.151,189328,14373125,Geologia de engenharia - 3. ed. / 2013,0,0,0,0,0,0,0,0,0,0,0,0,0,0,0,0,0,0,0,0,0,0,0,0,0,0,0,0,0,0,0,0,0,0,0,0,0,0,0,1,0,0,0,0,1,0,0,0
624.151,189328,14373127,Geologia de engenharia - 3. ed. / 2013,0,0,0,0,0,0,0,0,0,0,0,0,0,0,0,0,0,0,0,0,0,0,0,0,0,0,0,0,0,0,0,0,0,0,0,0,0,0,0,0,0,0,0,0,0,0,0,1
62.415.136,9647,14166372,Mecânica dos solos e suas aplicações - 4. ed. / 1987,1,0,1,1,1,1,1,1,1,1,1,1,0,0,0,0,0,0,0,0,0,0,0,0,0,0,0,0,0,0,0,0,0,0,0,0,0,0,0,0,0,0,0,0,0,0,0,0
62.415.136,9647,14166358,Mecânica dos solos e suas aplicações - 4. ed. / 1987,1,0,1,0,0,1,0,0,0,0,0,0,0,0,0,0,0,0,0,0,0,0,0,0,0,0,0,0,0,0,0,0,0,0,0,0,0,0,0,0,0,0,0,0,0,0,0,0
62.415.136,9647,14166367,Mecânica dos solos e suas aplicações - 4. ed. / 1987,0,0,0,0,0,0,1,0,0,0,0,0,0,0,0,0,0,0,0,0,0,0,0,0,0,0,0,0,0,0,0,0,0,0,0,0,0,0,0,0,0,0,0,0,0,0,0,0
62.415.136,36127,14160470,"Mecânica dos solos e suas aplicações - 6. ed., rev. e ampl. / 1988",1,0,1,1,1,1,1,1,1,1,1,1,0,0,1,0,0,0,0,0,0,0,0,0,0,0,0,0,0,0,0,0,0,0,0,0,0,0,0,0,0,0,0,0,0,0,0,0
62.415.136,36127,14160488,"Mecânica dos solos e suas aplicações - 6. ed., rev. e ampl. / 1988",1,0,1,1,1,1,1,1,1,1,1,1,0,0,0,0,0,0,0,0,0,0,0,0,0,0,0,0,0,0,0,0,0,0,0,0,0,0,0,0,0,0,0,0,0,0,0,0
62.415.136,36127,14160476,"Mecânica dos solos e suas aplicações - 6. ed., rev. e ampl. / 1988",0,0,0,0,1,1,1,1,1,1,0,0,0,0,0,0,0,0,0,0,0,0,0,0,0,0,0,0,0,0,0,0,0,0,0,0,0,0,0,0,0,0,0,0,0,0,0,0
62.415.136,36127,14160486,"Mecânica dos solos e suas aplicações - 6. ed., rev. e ampl. / 1988",0,0,0,0,1,1,1,1,1,1,0,0,0,0,0,0,0,0,0,0,0,0,0,0,0,0,0,0,0,0,0,0,0,0,0,0,0,0,0,0,0,0,0,0,0,0,0,0
62.415.136,36127,14160483,"Mecânica dos solos e suas aplicações - 6. ed., rev. e ampl. / 1988",1,0,1,0,0,0,1,0,0,0,0,0,0,0,0,0,0,0,0,0,0,0,0,0,0,0,0,0,0,0,0,0,0,0,0,0,0,0,0,0,0,0,0,0,0,0,0,0
62.415.136,36127,14160500,"Mecânica dos solos e suas aplicações - 6. ed., rev. e ampl. / 1988",1,0,1,0,0,0,0,1,0,0,0,0,0,0,0,0,0,0,0,0,0,0,0,0,0,0,0,0,0,0,0,0,0,0,0,0,0,0,0,0,0,0,0,0,0,0,0,0
62.415.136,36127,14160464,"Mecânica dos solos e suas aplicações - 6. ed., rev. e ampl. / 1988",1,1,0,0,0,0,0,0,0,0,0,0,0,0,0,0,0,0,0,0,0,0,0,0,0,0,0,0,0,0,0,0,0,0,0,0,0,0,0,0,0,0,0,0,0,0,0,0
62.415.136,36127,14160474,"Mecânica dos solos e suas aplicações - 6. ed., rev. e ampl. / 1988",0,0,0,0,0,0,0,0,0,0,0,0,0,0,0,0,0,0,0,0,0,0,0,0,0,0,0,0,0,0,0,0,0,0,0,0,0,0,0,0,0,0,0,0,0,0,0,1
62.415.136,36127,14160480,"Mecânica dos solos e suas aplicações - 6. ed., rev. e ampl. / 1988",0,0,0,0,0,1,0,0,0,0,0,0,0,0,0,0,0,0,0,0,0,0,0,0,0,0,0,0,0,0,0,0,0,0,0,0,0,0,0,0,0,0,0,0,0,0,0,0
62.415.136,36127,14160503,"Mecânica dos solos e suas aplicações - 6. ed., rev. e ampl. / 1988",0,0,0,0,0,0,0,0,0,0,0,0,0,0,0,0,0,0,0,0,0,0,0,0,0,0,0,0,0,0,0,0,0,0,0,0,0,0,0,0,0,0,0,0,0,0,0,1
62.415.136,100256,14158529,Curso básico de mecânica dos solos : com exercícios resolvidos : em 16 aulas - 3. ed. / 2006,0,0,1,1,1,1,1,1,1,1,1,1,0,0,1,1,1,1,0,0,0,0,0,0,0,1,0,1,1,0,1,0,0,0,1,2,1,1,1,0,0,0,0,0,0,0,0,0
62.415.136,100256,14158531,Curso básico de mecânica dos solos : com exercícios resolvidos : em 16 aulas - 3. ed. / 2006,0,0,1,1,1,1,1,2,1,1,1,1,0,0,1,1,2,1,0,2,1,0,0,0,0,0,1,0,0,0,0,0,0,0,0,0,0,0,0,0,0,0,0,0,0,0,0,0
62.415.136,100256,14158539,Curso básico de mecânica dos solos : com exercícios resolvidos : em 16 aulas - 3. ed. / 2006,1,1,1,1,0,0,0,0,0,0,0,0,0,0,1,1,2,2,0,0,0,0,0,0,0,0,1,0,0,0,0,1,1,1,0,1,0,0,0,0,0,0,0,0,0,0,0,1
62.415.136,100256,14158544,Curso básico de mecânica dos solos : com exercícios resolvidos : em 16 aulas - 3. ed. / 2006,0,0,1,0,0,0,0,0,0,0,0,0,0,0,2,1,1,1,1,1,0,0,0,0,0,1,0,0,0,0,1,1,1,0,1,1,1,1,0,0,0,0,0,0,0,0,0,0
62.415.136,100256,14158543,Curso básico de mecânica dos solos : com exercícios resolvidos : em 16 aulas - 3. ed. / 2006,0,0,1,1,1,1,1,1,1,1,1,1,0,0,0,1,1,0,0,0,0,0,0,0,0,1,0,0,0,0,0,0,0,0,0,1,0,0,0,0,0,0,0,0,0,0,0,0
62.415.136,100256,14158530,Curso básico de mecânica dos solos : com exercícios resolvidos : em 16 aulas - 3. ed. / 2006,0,0,1,1,1,1,1,1,1,1,1,0,0,0,1,0,0,0,0,0,0,0,0,0,0,1,0,0,0,0,0,1,0,0,0,0,0,0,0,0,0,0,0,0,0,0,0,0
62.415.136,100256,14158538,Curso básico de mecânica dos solos : com exercícios resolvidos : em 16 aulas - 3. ed. / 2006,0,0,1,0,3,1,1,0,0,0,0,0,0,0,0,1,1,0,0,0,0,0,0,0,0,0,0,0,0,0,0,0,0,0,0,0,1,1,0,0,0,0,0,0,0,0,0,0
62.415.136,100256,14158545,Curso básico de mecânica dos solos : com exercícios resolvidos : em 16 aulas - 3. ed. / 2006,1,0,1,0,0,1,2,1,1,1,0,0,0,0,1,0,0,0,0,0,0,0,0,0,0,0,0,0,0,0,0,0,0,0,0,0,0,0,0,0,0,0,0,0,0,0,0,0
62.415.136,100256,14158532,Curso básico de mecânica dos solos : com exercícios resolvidos : em 16 aulas - 3. ed. / 2006,0,0,1,1,1,1,0,0,0,0,0,0,0,0,0,0,0,0,0,0,0,0,0,0,0,1,0,1,1,1,0,0,0,0,0,0,0,0,0,0,0,0,0,0,0,0,0,0
62.415.136,100256,14158536,Curso básico de mecânica dos solos : com exercícios resolvidos : em 16 aulas - 3. ed. / 2006,0,0,0,0,1,0,1,0,0,0,0,0,0,0,1,1,1,1,0,0,0,0,0,0,0,0,0,0,0,0,0,0,0,0,0,0,0,0,0,0,0,0,0,0,0,0,0,0
62.415.136,100256,14158533,Curso básico de mecânica dos solos : com exercícios resolvidos : em 16 aulas - 3. ed. / 2006,0,0,1,1,1,1,0,0,0,0,0,0,0,0,0,0,0,0,0,0,0,0,0,0,0,0,0,0,0,0,0,0,0,0,0,0,0,0,0,0,0,0,0,0,0,0,0,0
62.415.136,100256,14158540,Curso básico de mecânica dos solos : com exercícios resolvidos : em 16 aulas - 3. ed. / 2006,0,0,1,0,0,0,0,0,0,0,0,0,0,0,0,0,0,0,0,0,0,0,0,0,0,1,0,0,0,0,0,0,0,0,0,0,1,0,0,0,0,0,0,0,0,0,0,0
62.415.136,100256,14158527,Curso básico de mecânica dos solos : com exercícios resolvidos : em 16 aulas - 3. ed. / 2006,0,0,1,0,0,0,0,0,0,0,0,0,0,0,0,0,0,0,0,0,0,0,0,0,0,0,0,0,0,0,0,0,0,0,0,0,0,0,0,0,0,0,0,0,0,0,0,0
62.415.136,100256,14158537,Curso básico de mecânica dos solos : com exercícios resolvidos : em 16 aulas - 3. ed. / 2006,0,0,0,0,0,0,0,0,0,0,0,0,0,0,1,0,0,0,0,0,0,0,0,0,0,0,0,0,0,0,0,0,0,0,0,0,0,0,0,0,0,0,0,0,0,0,0,0
62.415.136,100256,14158542,Curso básico de mecânica dos solos : com exercícios resolvidos : em 16 aulas - 3. ed. / 2006,0,0,0,0,0,0,0,0,0,0,0,0,0,0,0,0,0,0,0,0,0,0,0,0,0,1,0,0,0,0,0,0,0,0,0,0,0,0,0,0,0,0,0,0,0,0,0,0
624.151.363,219162,14372568,Estabilidade de taludes - 2. ed. / 2016,0,0,0,0,0,0,0,0,0,0,0,0,0,0,0,0,0,0,0,0,0,0,0,0,0,0,0,0,0,0,0,0,0,0,0,0,0,0,0,0,0,0,0,0,0,0,0,1
624.17,219303,14373578,Introdução à análise estrutural : métodos dos deslocamentos e das forças / 2015,0,0,0,0,0,0,0,0,0,0,0,0,0,0,0,0,0,0,0,0,0,0,0,0,0,0,0,0,0,0,0,0,0,0,0,0,0,0,0,0,0,0,0,0,0,1,0,0
624.171,98174,14159814,Método dos elementos finitos : primeiros passos - 2. ed. / 2003,0,1,1,1,0,0,0,0,0,2,1,0,0,0,0,0,0,0,0,0,0,0,1,0,0,0,0,0,0,0,0,0,0,0,0,0,0,0,0,0,0,0,0,0,0,0,0,0
624.171,98174,14159783,Método dos elementos finitos : primeiros passos - 2. ed. / 2003,0,0,0,0,0,0,0,0,0,2,1,0,0,0,0,0,0,0,0,1,0,0,1,0,0,0,0,0,0,0,0,0,0,0,0,0,0,0,0,0,0,0,0,0,0,0,0,0
624.171,98174,14159786,Método dos elementos finitos : primeiros passos - 2. ed. / 2003,0,0,0,0,0,0,0,0,0,0,0,0,0,0,0,0,0,0,0,0,0,0,0,0,0,0,0,0,0,0,0,0,0,0,0,0,0,0,0,0,0,0,0,0,1,1,1,1
624.171,98174,14159799,Método dos elementos finitos : primeiros passos - 2. ed. / 2003,0,0,0,0,0,0,0,0,0,1,1,1,0,0,0,0,0,0,0,0,0,0,1,0,0,0,0,0,0,0,0,0,0,0,0,0,0,0,0,0,0,0,0,0,0,0,0,0
624.171,98174,14159791,Método dos elementos finitos : primeiros passos - 2. ed. / 2003,0,0,0,0,0,0,0,0,0,0,3,0,0,0,0,0,0,0,0,0,0,0,0,0,0,0,0,0,0,0,0,0,0,0,0,0,0,0,0,0,0,0,0,0,0,0,0,0
624.171,98174,14159800,Método dos elementos finitos : primeiros passos - 2. ed. / 2003,0,0,0,0,0,0,0,0,0,0,1,0,0,0,0,0,0,0,0,0,0,0,1,1,0,0,0,0,0,0,0,0,0,0,0,0,0,0,0,0,0,0,0,0,0,0,0,0
624.171,98174,14159788,Método dos elementos finitos : primeiros passos - 2. ed. / 2003,0,0,0,0,0,0,0,0,0,0,0,0,0,0,0,0,0,0,0,0,0,0,1,0,0,0,0,0,0,0,0,0,0,0,0,0,0,0,0,0,0,0,0,0,0,0,0,0
624.171,98174,14159790,Método dos elementos finitos : primeiros passos - 2. ed. / 2003,0,0,0,0,0,0,0,0,0,0,0,0,0,0,0,0,0,0,0,0,0,0,1,0,0,0,0,0,0,0,0,0,0,0,0,0,0,0,0,0,0,0,0,0,0,0,0,0
624.171,98174,14159797,Método dos elementos finitos : primeiros passos - 2. ed. / 2003,0,0,0,0,0,0,0,0,0,0,0,0,0,0,0,0,0,0,0,0,0,0,0,0,0,0,0,0,0,0,0,0,0,0,0,0,0,0,0,0,0,0,0,0,0,1,0,0
624.171,98174,14159806,Método dos elementos finitos : primeiros passos - 2. ed. / 2003,0,0,0,0,0,0,0,0,0,0,0,0,0,0,0,0,0,0,0,0,0,0,0,0,0,0,0,0,0,0,0,0,0,0,0,0,0,0,0,0,0,0,0,0,1,0,0,0
624.171,153759,14166537,Fundamentos da análise estrutural - 3. ed. / 2009,0,0,2,1,0,1,3,1,0,0,0,0,0,0,0,0,0,0,0,0,0,0,0,0,0,0,0,0,0,0,0,0,0,0,0,0,0,0,0,0,0,0,0,0,0,0,0,0
624.171,153759,14166539,Fundamentos da análise estrutural - 3. ed. / 2009,0,0,1,1,1,1,1,1,0,0,0,0,0,0,0,0,0,0,0,0,0,0,0,0,0,0,0,0,0,0,0,0,0,0,0,0,0,0,0,1,0,0,0,0,0,0,0,0
624.171,153759,14166541,Fundamentos da análise estrutural - 3. ed. / 2009,0,0,0,0,0,0,0,0,0,0,0,0,0,0,0,0,0,0,0,1,1,1,2,0,0,0,0,0,0,0,0,0,0,0,0,0,0,0,0,0,0,0,0,0,0,0,0,0
624.171,153759,14166545,Fundamentos da análise estrutural - 3. ed. / 2009,1,1,1,1,0,0,0,0,0,0,0,0,0,0,0,0,0,0,0,0,0,0,0,0,0,0,0,0,0,0,0,0,0,0,0,0,0,0,0,0,0,0,0,0,0,0,0,0
624.171,153759,14166542,Fundamentos da análise estrutural - 3. ed. / 2009,0,0,1,0,0,0,0,0,0,0,0,0,0,0,0,0,0,0,0,0,0,0,0,0,0,0,0,0,0,0,0,0,0,0,0,0,0,0,0,0,1,1,0,0,0,0,0,0
624.171,153759,14166546,Fundamentos da análise estrutural - 3. ed. / 2009,0,0,1,0,0,0,0,0,0,0,0,0,1,0,1,0,0,0,0,0,0,0,0,0,0,0,0,0,0,0,0,0,0,0,0,0,0,0,0,0,0,0,0,0,0,0,0,0
624.171,153759,14166540,Fundamentos da análise estrutural - 3. ed. / 2009,0,0,1,1,0,0,0,0,0,0,0,0,0,0,0,0,0,0,0,0,0,0,0,0,0,0,0,0,0,0,0,0,0,0,0,0,0,0,0,0,0,0,0,0,0,0,0,0
624.171,153759,14166543,Fundamentos da análise estrutural - 3. ed. / 2009,0,0,1,0,0,0,0,0,0,0,0,0,0,0,0,0,0,0,0,0,0,0,0,0,0,0,0,0,0,0,0,0,0,0,0,0,0,0,0,0,0,0,0,0,0,0,0,0
624.171,153759,14166544,Fundamentos da análise estrutural - 3. ed. / 2009,0,0,1,0,0,0,0,0,0,0,0,0,0,0,0,0,0,0,0,0,0,0,0,0,0,0,0,0,0,0,0,0,0,0,0,0,0,0,0,0,0,0,0,0,0,0,0,0
624.171,191463,14303680,Manifestações patológicas e reabilitação de estruturas : contribuições relevantes para a melhoria da qualidade e durabilidade das estruturas / 2018,0,0,0,0,0,0,0,0,0,0,0,0,0,0,0,0,0,0,0,1,1,1,1,0,0,0,1,0,0,0,0,0,0,0,0,0,0,0,0,0,0,0,0,0,0,0,0,0
624.171,191463,14383659,Manifestações patológicas e reabilitação de estruturas : contribuições relevantes para a melhoria da qualidade e durabilidade das estruturas / 2018,0,0,0,0,0,0,0,0,0,0,0,0,0,0,0,0,0,0,0,0,0,0,0,0,0,0,0,0,0,0,0,0,0,0,0,0,0,0,0,0,0,0,0,0,1,1,0,0
624.171,191463,14303681,Manifestações patológicas e reabilitação de estruturas : contribuições relevantes para a melhoria da qualidade e durabilidade das estruturas / 2018,1,0,0,0,0,0,0,0,0,0,0,0,0,0,0,0,0,0,0,0,0,0,0,0,0,0,0,0,0,0,0,0,0,0,0,0,0,0,0,0,0,0,0,0,0,0,0,0
624.171,191463,14303684,Manifestações patológicas e reabilitação de estruturas : contribuições relevantes para a melhoria da qualidade e durabilidade das estruturas / 2018,0,0,0,0,0,0,0,0,0,0,0,0,0,0,0,0,0,0,0,0,0,0,0,0,1,0,0,0,0,0,0,0,0,0,0,0,0,0,0,0,0,0,0,0,0,0,0,0
624.171,209676,14338613,Introdução ao método dos elementos finitos / 2006,0,0,0,0,0,0,0,1,0,0,2,0,0,0,0,0,0,0,0,0,0,0,1,0,0,0,0,0,0,0,0,0,0,0,0,0,1,1,1,1,0,0,0,0,0,0,0,0
624.171,213907,14353941,Patologias das edificações : manifestações nas edificações e no patrimônio histórico - 2. ed. / 2022,0,0,0,0,0,0,0,0,0,0,0,0,0,0,0,0,0,0,0,1,1,1,1,0,0,0,1,0,0,0,0,0,0,0,0,0,0,0,0,0,0,0,0,0,0,0,0,0
624.171,214000,14383658,Patologias das edificações: manifestações nas edificações e no patrimônio histórico / 2020,0,0,0,0,0,0,0,0,0,0,0,0,0,0,0,0,0,0,0,0,0,0,0,0,0,0,0,0,0,0,0,0,0,0,0,0,0,0,0,0,0,0,0,0,1,0,0,0
6.241.821,97205,14162854,"Estruturas metálicas : cálculos, detalhes, exercícios e projetos - 2. ed. rev. e ampl. / 2005",0,0,0,2,1,1,1,1,1,1,0,0,0,0,0,0,0,0,0,0,0,0,0,0,0,0,0,0,0,0,0,0,0,0,0,0,0,0,0,0,0,0,0,0,0,0,0,0
6.241.821,97205,14162858,"Estruturas metálicas : cálculos, detalhes, exercícios e projetos - 2. ed. rev. e ampl. / 2005",0,0,0,0,0,0,0,0,0,0,0,0,0,0,0,0,0,0,0,1,1,1,1,0,0,0,0,0,0,0,0,0,0,0,0,0,0,0,0,0,0,0,0,0,0,0,0,0
6.241.821,97205,14162851,"Estruturas metálicas : cálculos, detalhes, exercícios e projetos - 2. ed. rev. e ampl. / 2005",0,0,0,0,1,0,0,1,1,0,0,0,0,0,0,0,0,0,0,0,0,0,0,0,0,0,0,0,0,0,0,0,0,0,0,0,0,0,0,0,0,0,0,0,0,0,0,0
6.241.821,97205,14162853,"Estruturas metálicas : cálculos, detalhes, exercícios e projetos - 2. ed. rev. e ampl. / 2005",0,0,0,1,0,0,0,1,0,0,0,0,0,0,0,0,0,0,0,0,0,0,0,0,0,0,0,0,0,0,0,0,0,1,0,0,0,0,0,0,0,0,0,0,0,0,0,0
6.241.821,100345,14185184,"Edifícios de múltiplos andares em aço - 2. ed., rev. amp. / 2008",0,0,0,2,1,1,1,1,1,1,0,0,0,0,0,0,0,0,0,1,1,1,2,0,0,0,0,0,0,0,0,0,0,0,0,0,0,0,0,0,0,0,0,0,0,0,0,0
6.241.821,100345,14185187,"Edifícios de múltiplos andares em aço - 2. ed., rev. amp. / 2008",0,0,0,0,0,0,0,0,0,0,0,0,0,0,0,0,0,0,0,0,0,0,0,0,0,0,0,0,0,0,0,0,0,0,0,0,0,0,0,0,0,0,0,0,0,1,0,0
6.241.821,100345,14185188,"Edifícios de múltiplos andares em aço - 2. ed., rev. amp. / 2008",0,0,0,0,0,0,0,0,0,0,0,0,0,0,0,0,0,0,0,1,0,0,0,0,0,0,0,0,0,0,0,0,0,0,0,0,0,0,0,0,0,0,0,0,0,0,0,0
6.241.821,100345,14185192,"Edifícios de múltiplos andares em aço - 2. ed., rev. amp. / 2008",0,0,0,0,0,0,0,1,0,0,0,0,0,0,0,0,0,0,0,0,0,0,0,0,0,0,0,0,0,0,0,0,0,0,0,0,0,0,0,0,0,0,0,0,0,0,0,0
6.241.821,110597,14243842,Projeto e durabilidade / 2009,0,0,0,0,0,0,0,0,0,0,0,0,0,0,0,0,0,0,0,0,0,0,0,0,0,0,0,0,0,0,0,0,0,0,1,2,1,1,0,1,1,0,1,0,1,1,1,0
6.241.821,110597,14243843,Projeto e durabilidade / 2009,0,0,1,1,1,1,1,0,0,0,0,0,0,0,0,0,0,0,0,0,0,0,0,0,0,0,0,0,0,0,0,0,0,0,0,0,0,0,0,0,0,0,0,0,0,0,0,0
6.241.821,134591,14148481,Estruturas de aço : dimensionamento prático - 8.ed. / 2010,0,0,0,2,1,1,1,0,1,1,1,0,0,0,0,0,0,0,0,1,1,1,1,0,0,0,0,0,0,0,0,0,0,1,1,1,1,1,0,0,0,0,0,0,1,0,0,1
6.241.821,134591,14148483,Estruturas de aço : dimensionamento prático - 8.ed. / 2010,0,0,1,0,1,1,2,0,1,1,2,0,0,0,0,0,0,0,0,1,1,0,1,0,0,0,0,0,0,0,0,0,0,0,1,0,0,0,0,0,0,0,0,0,1,1,1,1
6.241.821,134591,14148489,Estruturas de aço : dimensionamento prático - 8.ed. / 2010,0,0,0,0,1,0,0,1,1,1,1,0,0,0,0,0,0,0,0,1,1,1,0,0,0,0,0,0,0,0,0,0,0,2,1,1,1,1,0,0,0,0,0,0,0,1,0,1
6.241.821,134591,14148486,Estruturas de aço : dimensionamento prático - 8.ed. / 2010,0,0,0,0,0,0,0,1,1,1,2,0,0,0,0,0,0,0,0,1,1,1,1,0,0,0,0,0,0,0,0,0,0,0,1,1,0,0,0,0,0,0,0,0,1,0,1,1
6.241.821,134591,14148480,Estruturas de aço : dimensionamento prático - 8.ed. / 2010,0,0,1,1,0,0,0,2,1,1,0,0,0,0,0,0,0,0,0,1,1,1,0,0,0,0,0,0,0,0,0,0,0,0,0,0,0,0,0,0,0,0,0,0,0,1,1,0
6.241.821,134591,14148482,Estruturas de aço : dimensionamento prático - 8.ed. / 2010,0,0,0,0,0,0,0,1,1,2,1,0,0,0,0,0,0,0,0,1,1,0,1,0,0,0,0,0,0,0,0,0,0,0,0,0,0,0,0,0,0,0,0,0,0,1,0,0
6.241.821,134591,14148487,Estruturas de aço : dimensionamento prático - 8.ed. / 2010,0,0,0,0,0,0,2,0,0,1,1,0,0,0,0,0,0,0,0,1,1,0,0,0,0,0,0,0,0,0,0,0,0,0,0,0,0,1,0,0,0,0,0,0,0,1,0,1
6.241.821,134591,14148488,Estruturas de aço : dimensionamento prático - 8.ed. / 2010,0,0,0,0,0,0,0,0,0,0,0,0,0,0,0,0,0,0,0,0,0,0,0,0,0,0,0,0,0,0,0,0,0,0,0,0,0,0,0,0,0,0,0,0,0,1,0,0
624.183,150325,14185796,Cálculo e detalhamento de estruturas usuais de concreto armado : segundo a NBR 6118:2014 - 4. ed. / 2014,0,0,1,1,1,1,0,0,0,0,0,0,0,0,1,0,1,1,0,0,0,0,0,0,0,1,0,1,0,2,0,1,1,1,1,1,1,1,0,0,1,1,0,0,0,0,0,0
624.183,150325,14185794,Cálculo e detalhamento de estruturas usuais de concreto armado : segundo a NBR 6118:2014 - 4. ed. / 2014,0,0,1,1,0,1,1,0,0,0,0,0,0,0,1,1,1,0,0,1,1,1,0,0,0,1,0,1,0,1,1,1,0,0,0,0,0,0,0,0,1,1,1,0,0,0,0,0
624.183,150325,14185789,Cálculo e detalhamento de estruturas usuais de concreto armado : segundo a NBR 6118:2014 - 4. ed. / 2014,1,1,1,1,1,1,1,1,1,1,0,0,0,0,1,1,1,1,0,0,0,0,0,0,0,0,0,0,0,0,1,1,1,0,0,0,0,0,0,0,0,0,0,0,0,0,0,0
624.183,150325,14185786,Cálculo e detalhamento de estruturas usuais de concreto armado : segundo a NBR 6118:2014 - 4. ed. / 2014,0,0,1,1,2,1,1,0,0,0,0,0,0,0,1,0,2,1,0,0,0,0,0,0,0,1,0,1,0,0,1,1,1,0,0,0,0,0,0,1,0,0,0,0,0,0,0,0
624.183,150325,14185791,Cálculo e detalhamento de estruturas usuais de concreto armado : segundo a NBR 6118:2014 - 4. ed. / 2014,0,0,1,1,1,1,1,1,0,0,0,0,0,0,1,1,1,1,0,1,0,0,0,0,0,1,1,1,0,1,0,1,0,0,0,0,0,0,0,0,0,0,0,0,0,0,0,0
624.183,150325,14185800,Cálculo e detalhamento de estruturas usuais de concreto armado : segundo a NBR 6118:2014 - 4. ed. / 2014,0,0,1,1,1,1,3,1,0,0,0,0,0,0,1,1,2,1,0,0,0,0,0,0,0,0,0,0,0,0,0,0,0,0,0,0,0,0,0,1,0,0,0,0,1,1,0,0
624.183,150325,14185802,Cálculo e detalhamento de estruturas usuais de concreto armado : segundo a NBR 6118:2014 - 4. ed. / 2014,0,0,1,0,1,1,0,0,0,0,0,0,1,0,1,1,2,0,0,0,0,0,0,0,1,0,1,0,0,0,1,1,1,0,0,0,0,0,0,1,1,0,1,0,0,0,0,0
624.183,150325,14185785,Cálculo e detalhamento de estruturas usuais de concreto armado : segundo a NBR 6118:2014 - 4. ed. / 2014,0,0,0,2,0,1,1,1,1,0,1,1,1,1,0,2,0,0,0,0,0,0,0,0,0,0,0,0,0,0,1,1,0,1,0,0,0,0,0,0,0,0,0,0,0,0,0,0
624.183,150325,14185793,Cálculo e detalhamento de estruturas usuais de concreto armado : segundo a NBR 6118:2014 - 4. ed. / 2014,0,0,1,0,1,1,1,2,1,0,0,0,0,0,1,1,0,0,0,0,0,0,0,0,0,1,0,1,0,0,0,2,1,0,0,0,0,0,0,1,0,0,0,0,0,0,0,0
624.183,150325,14185799,Cálculo e detalhamento de estruturas usuais de concreto armado : segundo a NBR 6118:2014 - 4. ed. / 2014,0,0,0,1,1,2,1,1,0,0,0,0,0,0,1,1,0,0,0,0,0,0,0,0,0,1,0,1,0,0,0,1,1,1,1,0,0,0,0,1,0,0,0,0,0,0,0,0
624.183,150325,14185795,Cálculo e detalhamento de estruturas usuais de concreto armado : segundo a NBR 6118:2014 - 4. ed. / 2014,0,0,1,0,1,1,2,1,1,2,1,0,0,0,1,1,1,0,0,0,0,0,0,0,0,0,0,0,0,0,0,0,0,0,0,0,0,0,0,1,0,0,0,0,0,0,0,0
624.183,150325,14153066,Cálculo e detalhamento de estruturas usuais de concreto armado : segundo a NBR 6118:2014 - 4. ed. / 2014,0,0,1,1,0,0,0,1,1,2,1,0,0,0,1,1,0,0,0,0,0,0,0,0,0,0,0,0,0,0,1,1,1,0,0,0,0,0,0,1,0,0,0,0,0,0,0,0
624.183,150325,14185788,Cálculo e detalhamento de estruturas usuais de concreto armado : segundo a NBR 6118:2014 - 4. ed. / 2014,0,0,1,1,1,0,1,0,0,0,0,0,0,0,1,1,1,1,1,1,0,0,0,0,0,0,0,0,0,0,1,0,0,0,0,0,0,0,0,1,1,0,0,0,0,0,0,0
624.183,150325,14185797,Cálculo e detalhamento de estruturas usuais de concreto armado : segundo a NBR 6118:2014 - 4. ed. / 2014,1,1,1,1,0,0,1,0,0,0,1,0,0,0,0,1,2,1,1,0,0,0,0,0,0,0,0,0,0,0,0,0,0,0,0,0,0,0,0,1,1,0,0,0,0,0,0,0
624.183,150325,14185787,Cálculo e detalhamento de estruturas usuais de concreto armado : segundo a NBR 6118:2014 - 4. ed. / 2014,0,0,1,1,1,1,1,0,0,0,0,0,0,0,1,1,2,0,1,0,0,0,0,0,0,0,0,0,0,0,0,0,0,0,0,0,0,0,1,1,0,0,0,0,0,0,0,0
624.183,150325,14185798,Cálculo e detalhamento de estruturas usuais de concreto armado : segundo a NBR 6118:2014 - 4. ed. / 2014,0,0,1,1,0,2,0,0,0,0,0,0,0,0,1,1,1,1,0,0,0,0,0,0,0,1,0,1,0,0,1,0,0,0,0,0,0,0,0,0,0,0,0,0,0,0,0,0
624.183,150325,14185792,Cálculo e detalhamento de estruturas usuais de concreto armado : segundo a NBR 6118:2014 - 4. ed. / 2014,0,0,1,1,0,2,1,0,0,0,0,0,0,0,1,1,1,0,0,0,0,0,0,0,0,0,0,0,0,0,0,0,1,0,0,0,0,0,0,1,0,0,0,0,0,0,0,0
624.183,150325,14185790,Cálculo e detalhamento de estruturas usuais de concreto armado : segundo a NBR 6118:2014 - 4. ed. / 2014,0,0,1,0,1,1,1,0,0,0,0,0,0,0,1,1,1,1,0,0,0,0,0,0,0,1,0,0,0,0,0,0,0,0,0,0,0,0,0,0,0,0,0,0,0,0,0,0
6.241.834,157413,14185464,"Cálculo e detalhamento de estruturas usuais de concreto armado,  volume 2 - 2. ed. / 2013",1,1,1,1,1,1,1,1,1,1,0,0,0,0,0,0,0,0,0,0,1,0,0,0,0,0,0,0,0,0,0,0,0,0,0,0,0,0,0,0,0,0,0,0,1,0,0,0
6.241.834,157413,14185450,"Cálculo e detalhamento de estruturas usuais de concreto armado,  volume 2 - 2. ed. / 2013",0,0,1,0,0,0,0,0,1,1,2,0,0,0,0,0,0,0,0,1,1,1,2,0,0,0,0,0,0,0,0,0,0,0,0,0,0,0,0,0,0,0,0,0,1,0,0,0
6.241.834,157413,14185458,"Cálculo e detalhamento de estruturas usuais de concreto armado,  volume 2 - 2. ed. / 2013",0,0,1,1,0,0,0,0,0,0,0,0,0,0,0,0,0,0,0,1,1,1,1,0,0,0,1,0,0,0,0,1,0,1,0,0,1,0,0,0,0,0,0,0,0,0,0,0
6.241.834,157413,14185457,"Cálculo e detalhamento de estruturas usuais de concreto armado,  volume 2 - 2. ed. / 2013",1,1,1,1,1,0,0,0,0,1,1,0,0,0,0,0,0,0,0,0,0,0,0,0,0,0,0,0,0,0,0,0,0,0,0,0,0,0,0,0,0,0,0,0,0,0,1,1
6.241.834,157413,14185455,"Cálculo e detalhamento de estruturas usuais de concreto armado,  volume 2 - 2. ed. / 2013",0,0,0,0,0,0,0,0,0,0,1,0,0,0,0,0,0,0,0,1,1,1,2,0,0,0,0,0,0,0,0,0,0,0,0,0,0,0,0,0,0,0,0,0,1,0,0,0
6.241.834,157413,14185461,"Cálculo e detalhamento de estruturas usuais de concreto armado,  volume 2 - 2. ed. / 2013",0,0,0,0,0,0,0,0,0,0,0,0,0,0,0,0,0,0,0,0,1,1,1,0,0,0,0,0,0,0,0,0,0,0,0,0,0,0,0,0,0,0,0,0,1,1,1,1
6.241.834,157413,14185447,"Cálculo e detalhamento de estruturas usuais de concreto armado,  volume 2 - 2. ed. / 2013",0,0,0,0,0,0,0,0,0,0,0,0,0,0,0,0,0,0,0,0,0,0,0,0,0,0,0,0,0,0,0,0,0,0,1,1,1,1,0,0,0,0,0,0,0,0,1,1
6.241.834,157413,14185446,"Cálculo e detalhamento de estruturas usuais de concreto armado,  volume 2 - 2. ed. / 2013",0,0,0,0,0,0,0,0,0,0,0,0,0,0,0,0,0,0,0,1,1,1,0,0,0,0,0,0,0,0,0,0,0,0,0,0,0,0,0,0,0,0,0,0,0,1,1,0
6.241.834,157413,14185451,"Cálculo e detalhamento de estruturas usuais de concreto armado,  volume 2 - 2. ed. / 2013",0,0,0,0,0,0,0,1,0,1,0,0,0,0,0,0,0,0,0,0,1,1,0,0,0,0,0,0,0,0,0,0,0,0,0,0,0,0,0,0,0,0,0,0,0,0,0,1
6.241.834,157413,14185454,"Cálculo e detalhamento de estruturas usuais de concreto armado,  volume 2 - 2. ed. / 2013",0,0,0,0,0,0,0,0,0,0,0,0,0,0,0,0,0,0,0,0,1,1,1,1,0,0,0,0,0,0,0,0,0,0,0,0,0,0,0,0,0,0,0,0,0,0,0,0
6.241.834,157413,14185459,"Cálculo e detalhamento de estruturas usuais de concreto armado,  volume 2 - 2. ed. / 2013",0,0,0,0,0,0,0,0,0,0,0,0,0,0,0,0,0,0,0,1,1,0,0,0,0,0,0,0,0,0,0,0,0,1,0,0,0,0,0,0,0,0,0,0,0,0,0,0
6.241.834,157413,14185448,"Cálculo e detalhamento de estruturas usuais de concreto armado,  volume 2 - 2. ed. / 2013",0,0,0,0,0,0,0,0,0,0,0,0,0,0,0,0,0,0,0,0,0,0,0,0,0,0,0,0,0,0,0,0,0,0,0,0,0,0,0,0,0,0,0,0,0,0,0,2
6.241.834,157413,14185452,"Cálculo e detalhamento de estruturas usuais de concreto armado,  volume 2 - 2. ed. / 2013",0,0,0,0,0,0,0,0,0,0,0,0,0,0,0,0,0,0,0,0,0,1,1,0,0,0,0,0,0,0,0,0,0,0,0,0,0,0,0,0,0,0,0,0,0,0,0,0
6.241.834,157413,14185449,"Cálculo e detalhamento de estruturas usuais de concreto armado,  volume 2 - 2. ed. / 2013",0,0,0,0,0,0,0,0,0,0,0,0,0,0,0,0,0,0,0,0,0,0,0,0,0,0,0,0,0,0,0,0,0,0,0,0,0,0,0,0,0,0,0,0,1,0,0,0
6.241.834,157413,14185465,"Cálculo e detalhamento de estruturas usuais de concreto armado,  volume 2 - 2. ed. / 2013",0,0,0,0,0,0,0,0,0,0,0,0,0,0,0,0,0,0,0,0,1,0,0,0,0,0,0,0,0,0,0,0,0,0,0,0,0,0,0,0,0,0,0,0,0,0,0,0
6.241.834,196843,14373110,Desconstruindo o projeto estrutural de edifícios : concreto armado e protendido / 2017,0,0,0,0,0,0,0,0,0,0,0,0,0,0,0,0,0,0,0,0,0,0,0,0,0,0,0,0,0,0,0,0,0,0,0,0,1,1,1,1,0,0,0,0,0,0,0,0
62.418.341,98974,14344537,Construções de concreto: casos especiais de dimensionamento de estruturas de concreto armado / 2007,0,0,0,0,0,0,0,0,0,0,0,0,0,0,0,0,0,0,0,0,0,0,0,0,0,1,1,0,0,0,1,1,1,0,0,0,0,0,0,0,0,0,0,0,0,0,0,0
62.418.341,116064,14158589,Construções de concreto: princípios básicos da construção de pontes de concreto / 1979,0,0,1,1,1,0,0,0,0,0,0,0,0,0,0,0,0,0,0,0,0,0,0,0,0,0,0,0,0,0,0,0,0,0,0,0,0,0,0,0,0,0,0,0,0,0,0,0
62.418.341,116064,14158596,Construções de concreto: princípios básicos da construção de pontes de concreto / 1979,0,0,1,1,0,0,0,0,0,0,0,0,0,0,0,0,0,0,0,0,0,0,0,0,0,0,0,0,0,0,0,0,0,0,0,0,0,0,0,0,0,0,0,0,0,0,0,0
62.418.341,116064,14158588,Construções de concreto: princípios básicos da construção de pontes de concreto / 1979,0,0,0,1,0,0,0,0,0,0,0,0,0,0,0,0,0,0,0,0,0,0,0,0,0,0,0,0,0,0,0,0,0,0,0,0,0,0,0,0,0,0,0,0,0,0,0,0
62.418.341,116064,14158591,Construções de concreto: princípios básicos da construção de pontes de concreto / 1979,0,0,1,0,0,0,0,0,0,0,0,0,0,0,0,0,0,0,0,0,0,0,0,0,0,0,0,0,0,0,0,0,0,0,0,0,0,0,0,0,0,0,0,0,0,0,0,0
62.418.341,116064,14158594,Construções de concreto: princípios básicos da construção de pontes de concreto / 1979,0,0,0,0,0,0,0,0,0,0,0,0,0,0,0,0,0,0,0,0,0,0,0,0,0,0,0,0,0,0,0,0,0,1,0,0,0,0,0,0,0,0,0,0,0,0,0,0
624.2,116438,14154446,Pontes de concreto armado / 2008,0,0,1,0,0,0,0,0,0,0,0,0,0,0,0,0,0,0,0,0,0,0,0,0,0,1,1,0,0,0,0,1,0,0,0,0,0,0,1,0,0,0,0,0,0,0,0,0
624.2,116438,14154455,Pontes de concreto armado / 2008,0,0,1,0,0,0,0,0,0,0,0,0,0,0,1,2,1,0,0,0,0,0,0,0,0,0,0,0,0,0,0,0,0,0,0,0,0,0,0,0,0,0,0,0,0,0,0,0
624.2,116438,14154452,Pontes de concreto armado / 2008,0,0,1,0,0,0,0,0,0,0,0,0,0,0,1,0,0,0,0,0,0,0,0,0,0,1,0,0,0,0,0,0,0,0,0,0,0,0,1,0,0,0,0,0,0,0,0,0
624.2,116438,14154454,Pontes de concreto armado / 2008,0,0,1,0,1,0,0,0,0,0,0,0,0,0,1,0,0,0,0,0,0,0,0,0,0,0,0,0,0,0,0,0,0,0,0,0,0,0,0,0,0,0,0,0,0,0,0,0
624.2,116438,14154449,Pontes de concreto armado / 2008,0,0,1,1,0,0,0,0,0,0,0,0,0,0,0,0,0,0,0,0,0,0,0,0,0,0,0,0,0,0,0,0,0,0,0,0,0,0,0,0,0,0,0,0,0,0,0,0
624.2,116438,14320505,Pontes de concreto armado / 2008,0,0,1,1,0,0,0,0,0,0,0,0,0,0,0,0,0,0,0,0,0,0,0,0,0,0,0,0,0,0,0,0,0,0,0,0,0,0,0,0,0,0,0,0,0,0,0,0
624.2,116438,14154447,Pontes de concreto armado / 2008,0,0,1,0,0,0,0,0,0,0,0,0,0,0,0,0,0,0,0,0,0,0,0,0,0,0,0,0,0,0,0,0,0,0,0,0,0,0,0,0,0,0,0,0,0,0,0,0
624.2,116438,14154448,Pontes de concreto armado / 2008,0,0,1,0,0,0,0,0,0,0,0,0,0,0,0,0,0,0,0,0,0,0,0,0,0,0,0,0,0,0,0,0,0,0,0,0,0,0,0,0,0,0,0,0,0,0,0,0
624.2,116438,14154450,Pontes de concreto armado / 2008,0,0,1,0,0,0,0,0,0,0,0,0,0,0,0,0,0,0,0,0,0,0,0,0,0,0,0,0,0,0,0,0,0,0,0,0,0,0,0,0,0,0,0,0,0,0,0,0
624.2,116438,14154453,Pontes de concreto armado / 2008,0,0,1,0,0,0,0,0,0,0,0,0,0,0,0,0,0,0,0,0,0,0,0,0,0,0,0,0,0,0,0,0,0,0,0,0,0,0,0,0,0,0,0,0,0,0,0,0
624.2,205284,14333268,Pontes - 2. ed. / 2017,0,0,1,1,1,0,1,0,0,0,0,0,0,1,1,1,2,1,1,0,0,0,0,0,0,1,1,0,0,0,1,1,0,0,0,0,0,0,1,0,0,0,0,0,0,0,0,0
624.2,205284,14333265,Pontes - 2. ed. / 2017,0,0,1,1,0,0,0,0,0,0,0,0,0,0,1,1,1,0,2,0,0,0,0,0,0,1,0,1,1,0,1,0,0,0,0,0,0,0,1,0,0,0,0,0,0,0,0,0
624.2,205284,14333267,Pontes - 2. ed. / 2017,0,0,1,1,1,1,1,0,0,0,0,0,0,0,1,1,1,2,0,0,0,0,0,0,0,0,1,0,0,0,0,1,0,0,0,0,0,0,0,0,0,0,0,0,0,0,0,0
624.2,205284,14333271,Pontes - 2. ed. / 2017,0,0,1,1,0,0,1,0,0,0,0,0,0,0,1,2,0,0,0,0,0,0,0,0,0,0,1,0,0,0,0,1,1,0,0,0,0,0,0,0,0,0,0,0,0,1,1,1
624.2,205284,14333266,Pontes - 2. ed. / 2017,0,0,1,1,1,1,0,0,0,0,0,0,0,0,1,0,1,1,1,0,0,0,0,0,0,1,0,0,0,0,0,1,1,0,0,0,0,0,0,0,0,0,0,0,0,0,0,0
624.2,205284,14333273,Pontes - 2. ed. / 2017,0,0,1,1,0,0,0,0,0,0,0,0,0,0,1,1,1,1,0,0,0,0,0,0,0,0,2,1,0,0,1,0,1,0,0,0,0,0,0,0,0,0,0,0,0,0,0,0
624.2,205284,14333270,Pontes - 2. ed. / 2017,0,0,1,1,1,0,0,0,0,0,0,0,0,0,1,1,1,1,0,0,0,0,0,0,0,1,0,0,0,0,0,1,0,0,0,0,0,0,0,0,0,0,0,0,0,0,0,0
624.2,205284,14333272,Pontes - 2. ed. / 2017,0,0,1,0,1,0,0,0,0,0,0,1,0,0,2,1,0,0,1,0,0,0,0,0,0,1,0,0,0,0,0,0,0,0,0,0,0,0,0,0,0,0,0,0,0,0,0,0
624.2,205284,14333269,Pontes - 2. ed. / 2017,0,0,1,1,0,0,0,0,0,0,0,0,0,0,1,0,0,0,0,0,0,0,0,0,0,1,1,0,0,0,0,1,0,0,0,0,0,0,0,0,0,0,0,0,0,0,0,0
627,65646,14168355,"Manual de hidráulica - 8. ed., atual. / 1998",1,0,0,0,0,0,1,0,0,0,0,0,0,0,0,0,0,0,0,0,0,0,0,0,0,0,0,0,0,0,0,0,0,0,0,0,0,0,0,0,0,0,0,0,0,0,0,0
627,65646,14168356,"Manual de hidráulica - 8. ed., atual. / 1998",0,0,0,0,0,0,0,0,0,0,0,0,0,0,0,0,1,0,0,0,0,0,0,0,0,0,0,0,0,0,0,0,0,0,0,0,0,0,0,0,0,0,0,0,0,0,0,0
627,77913,14166061,Instalações hidráulicas e sanitárias - 6. ed. / 2006,1,1,1,1,0,0,0,0,0,0,0,0,0,0,0,1,1,0,0,0,0,0,0,0,0,0,0,0,0,0,0,0,0,0,0,0,0,0,0,0,0,0,0,0,0,0,0,0
627,77913,14166076,Instalações hidráulicas e sanitárias - 6. ed. / 2006,0,0,1,1,1,0,0,0,0,0,0,0,0,0,1,1,1,0,0,0,0,0,0,0,0,0,0,0,0,0,0,0,0,0,0,0,0,0,0,0,0,0,0,0,0,0,0,0
627,77913,14166075,Instalações hidráulicas e sanitárias - 6. ed. / 2006,0,0,1,1,0,1,0,1,0,0,0,0,0,0,1,0,0,0,0,0,0,0,0,0,0,0,0,0,0,0,0,0,0,0,0,0,0,0,0,0,0,0,0,0,0,0,0,0
627,77913,14166057,Instalações hidráulicas e sanitárias - 6. ed. / 2006,0,0,1,1,1,0,0,0,0,0,0,0,0,0,0,0,0,0,0,0,0,0,0,0,0,0,0,0,0,0,0,0,0,0,0,0,0,0,0,0,0,0,0,0,0,0,0,0
627,77913,14166058,Instalações hidráulicas e sanitárias - 6. ed. / 2006,0,0,0,0,0,0,0,0,0,0,0,0,0,0,1,0,1,1,0,0,0,0,0,0,0,0,0,0,0,0,0,0,0,0,0,0,0,0,0,0,0,0,0,0,0,0,0,0
627,77913,14166090,Instalações hidráulicas e sanitárias - 6. ed. / 2006,0,0,1,1,1,0,0,0,0,0,0,0,0,0,0,0,0,0,0,0,0,0,0,0,0,0,0,0,0,0,0,0,0,0,0,0,0,0,0,0,0,0,0,0,0,0,0,0
627,77913,14166160,Instalações hidráulicas e sanitárias - 6. ed. / 2006,0,0,1,1,1,0,0,0,0,0,0,0,0,0,0,0,0,0,0,0,0,0,0,0,0,0,0,0,0,0,0,0,0,0,0,0,0,0,0,0,0,0,0,0,0,0,0,0
627,77913,14166063,Instalações hidráulicas e sanitárias - 6. ed. / 2006,0,0,0,0,0,0,0,0,0,0,0,0,0,0,1,1,0,0,0,0,0,0,0,0,0,0,0,0,0,0,0,0,0,0,0,0,0,0,0,0,0,0,0,0,0,0,0,0
627,77913,14166074,Instalações hidráulicas e sanitárias - 6. ed. / 2006,0,0,0,1,0,0,0,0,0,0,0,0,0,0,0,1,0,0,0,0,0,0,0,0,0,0,0,0,0,0,0,0,0,0,0,0,0,0,0,0,0,0,0,0,0,0,0,0
627,77913,14166067,Instalações hidráulicas e sanitárias - 6. ed. / 2006,0,0,0,0,0,0,0,0,0,0,0,0,0,0,1,0,0,0,0,0,0,0,0,0,0,0,0,0,0,0,0,0,0,0,0,0,0,0,0,0,0,0,0,0,0,0,0,0
627,77913,14166070,Instalações hidráulicas e sanitárias - 6. ed. / 2006,0,0,0,0,0,0,0,0,0,0,0,0,0,0,0,0,1,0,0,0,0,0,0,0,0,0,0,0,0,0,0,0,0,0,0,0,0,0,0,0,0,0,0,0,0,0,0,0
627.8,191334,14302295,Curso de barragens de terra : com vistas ao nordeste brasileiro / 1983,0,0,0,0,0,0,0,0,0,0,0,0,0,0,1,1,1,1,0,0,0,0,0,0,0,0,0,0,0,0,0,0,0,0,0,0,0,0,0,0,0,0,0,0,0,0,0,0
627.8,191334,14302290,Curso de barragens de terra : com vistas ao nordeste brasileiro / 1983,0,0,0,0,0,0,0,0,0,0,0,0,0,0,1,0,0,0,0,0,0,0,0,0,0,0,0,0,0,0,0,0,0,0,0,0,0,0,0,0,0,0,0,0,0,0,0,0
627.8,191334,14302294,Curso de barragens de terra : com vistas ao nordeste brasileiro / 1983,0,0,0,0,0,0,0,0,0,0,0,0,0,0,1,0,0,0,0,0,0,0,0,0,0,0,0,0,0,0,0,0,0,0,0,0,0,0,0,0,0,0,0,0,0,0,0,0
627.8,191334,14302300,Curso de barragens de terra : com vistas ao nordeste brasileiro / 1983,0,0,0,0,0,0,0,0,0,0,0,0,0,0,0,0,0,0,0,0,0,0,0,0,0,0,0,0,0,0,0,0,0,0,0,0,0,0,0,1,0,0,0,0,0,0,0,0
627.81,23464,14342352,Roteiro para projeto de pequenos açudes - 4. ed. / 1996,0,0,0,0,0,0,0,0,0,0,0,0,0,0,0,0,0,0,0,0,0,1,0,0,0,0,0,0,0,0,0,0,0,0,0,0,0,0,0,0,0,0,0,0,0,0,0,0
628.21,189276,14372736,Drenagem urbana e controle de enchentes - 2 ed. rev. e ampl. / 2014,0,0,0,0,0,0,0,0,0,0,0,0,0,0,0,0,0,0,0,0,0,0,0,0,0,0,0,0,0,0,0,0,0,0,0,0,0,0,0,1,0,0,0,0,0,0,0,0
62.913.237,122369,14186944,Boundary-layer theory - 8th ed. / 2000,0,0,0,0,0,0,0,0,0,0,0,0,0,0,0,0,0,0,0,0,0,0,0,0,0,0,0,0,0,0,0,0,0,0,0,0,0,0,0,1,0,0,0,0,0,0,0,0
631.4,113883,14302231,Patologia dos solos nas barragens de terra / 2006,0,0,1,0,0,0,0,0,0,0,0,0,0,0,0,0,0,0,0,0,0,0,0,0,0,0,0,0,0,0,0,0,0,0,0,0,0,0,0,0,0,0,0,0,0,0,0,0
65.001.513,52300,14164103,Matemática financeira - 7. ed. / 2000,0,0,0,0,0,0,0,0,0,0,0,0,0,0,0,0,0,0,0,0,0,0,0,0,0,0,0,0,0,0,0,0,0,0,0,0,0,0,0,1,1,0,1,0,0,0,0,0
65.001.513,52300,14164242,Matemática financeira - 7. ed. / 2000,0,0,0,0,0,1,0,0,0,0,0,0,0,0,0,0,0,0,0,0,0,0,0,0,0,0,0,0,0,0,0,0,0,0,0,0,0,0,0,0,0,0,0,0,0,0,0,0
65.001.513,96883,14166670,Matemática financeira : com + de 600 exercícios resolvidos e propostos - 6. ed. / 2009,0,0,0,0,0,0,0,0,0,0,0,0,0,0,0,1,2,1,1,1,1,2,0,0,0,0,0,0,0,0,0,0,0,0,0,0,0,0,0,0,0,0,0,0,0,0,0,0
65.001.513,96883,14166682,Matemática financeira : com + de 600 exercícios resolvidos e propostos - 6. ed. / 2009,0,0,0,0,0,0,0,0,0,0,0,0,0,0,0,0,1,1,0,1,1,2,0,0,0,0,0,0,0,0,0,0,0,0,0,0,0,0,0,0,0,0,0,0,0,0,0,0
65.001.513,96883,14166671,Matemática financeira : com + de 600 exercícios resolvidos e propostos - 6. ed. / 2009,0,0,0,0,1,1,0,0,0,0,0,0,0,0,0,0,0,0,0,0,0,0,0,0,0,0,0,0,0,0,0,0,0,0,0,0,0,0,0,1,1,0,1,0,0,0,0,0
65.001.513,96883,14166681,Matemática financeira : com + de 600 exercícios resolvidos e propostos - 6. ed. / 2009,0,0,0,0,0,1,3,1,0,0,0,0,0,0,0,0,0,0,0,0,0,0,0,0,0,0,0,0,0,0,0,0,0,0,0,0,0,0,0,0,0,0,0,0,0,0,0,0
65.001.513,96883,14166689,Matemática financeira : com + de 600 exercícios resolvidos e propostos - 6. ed. / 2009,0,0,0,0,0,0,0,0,0,0,0,0,0,0,0,1,1,2,0,0,0,0,0,0,0,0,0,0,0,0,0,0,0,0,0,0,0,0,0,0,0,0,0,0,0,0,0,0
65.001.513,96883,14166695,Matemática financeira : com + de 600 exercícios resolvidos e propostos - 6. ed. / 2009,0,0,0,0,0,0,0,0,0,0,0,0,0,0,0,1,1,1,1,0,0,0,0,0,0,0,0,0,0,0,0,0,0,0,0,0,0,0,0,0,0,0,0,0,0,0,0,0
65.001.513,96883,14166700,Matemática financeira : com + de 600 exercícios resolvidos e propostos - 6. ed. / 2009,0,0,0,0,0,1,0,0,0,0,0,0,0,0,0,0,0,0,0,0,0,0,0,0,0,0,0,0,0,0,1,1,1,0,0,0,0,0,0,0,0,0,0,0,0,0,0,0
65.001.513,96883,14166696,Matemática financeira : com + de 600 exercícios resolvidos e propostos - 6. ed. / 2009,0,0,0,0,0,0,0,0,0,0,0,0,0,0,0,1,1,0,0,0,0,0,0,0,0,0,0,0,0,0,0,0,0,0,0,0,0,0,0,0,0,0,0,0,0,0,0,0
65.001.513,96883,14166668,Matemática financeira : com + de 600 exercícios resolvidos e propostos - 6. ed. / 2009,0,0,0,0,0,1,0,0,0,0,0,0,0,0,0,0,0,0,0,0,0,0,0,0,0,0,0,0,0,0,0,0,0,0,0,0,0,0,0,0,0,0,0,0,0,0,0,0
65.001.513,96883,14166669,Matemática financeira : com + de 600 exercícios resolvidos e propostos - 6. ed. / 2009,0,0,0,0,0,0,0,0,0,1,0,0,0,0,0,0,0,0,0,0,0,0,0,0,0,0,0,0,0,0,0,0,0,0,0,0,0,0,0,0,0,0,0,0,0,0,0,0
65.001.513,96883,14166673,Matemática financeira : com + de 600 exercícios resolvidos e propostos - 6. ed. / 2009,0,0,0,0,0,1,0,0,0,0,0,0,0,0,0,0,0,0,0,0,0,0,0,0,0,0,0,0,0,0,0,0,0,0,0,0,0,0,0,0,0,0,0,0,0,0,0,0
65.001.513,123460,14167228,Matemática financeira - 5. ed. / 2010,0,0,0,0,0,1,0,0,0,0,0,0,0,0,0,0,0,0,1,0,0,0,0,0,0,0,0,0,0,0,0,0,0,0,0,0,0,0,0,1,0,0,0,0,0,0,0,0
65.001.513,142995,14170191,Matemática financeira e suas aplicações - 12.ed. / 2012,0,0,0,0,0,0,1,0,0,0,0,0,0,0,0,0,0,0,0,0,1,0,0,0,0,0,0,0,0,0,0,0,0,0,0,0,0,0,0,1,1,0,1,0,0,0,0,0
65.001.513,142995,14170190,Matemática financeira e suas aplicações - 12.ed. / 2012,0,0,0,0,0,0,0,0,0,0,0,0,0,0,0,1,0,0,0,0,0,0,0,0,0,0,0,0,0,0,0,0,0,0,0,0,0,0,0,0,0,0,0,0,0,0,0,0
65.001.513,191396,14302716,Matemática financeira e engenharia econômica : a teoria e a prática da análise de projetos de investimentos - 1. ed.; 2. reimpr. / 2006,0,0,0,0,0,0,0,0,0,0,0,0,0,0,0,0,0,0,1,0,0,0,0,0,0,0,0,0,0,0,1,1,1,0,0,0,0,0,0,0,0,0,0,0,0,0,0,0
650.1,212348,14344084,Nova Economia : entenda por que o perfil empreendedor está engolindo o empresário tradicional brasileiro - 2.ed. / 2021,0,0,0,0,0,0,1,1,0,0,0,0,0,0,0,0,0,0,0,0,0,0,0,0,0,0,0,0,0,0,0,0,0,0,0,0,0,0,0,0,0,0,0,0,0,0,0,0
650.1,216939,14363735,"Poder da autorresponsabilidade: a ferramenta comprovada que gera alta performance e resultados em pouco tempo, O / 2017",0,0,0,0,0,0,0,0,0,0,0,0,0,0,0,0,0,0,0,0,0,1,1,0,0,0,1,0,0,0,0,2,1,1,1,1,1,0,0,1,0,1,0,0,1,0,0,0
650.14,216914,14363734,"Poder da ação: faça sua vida ideal sair do papel, O / 2015",0,0,0,0,0,0,0,0,0,0,0,0,0,0,0,0,0,0,0,0,0,0,1,0,0,0,1,0,0,0,0,1,0,1,1,1,0,1,0,1,0,0,0,0,0,0,1,1
657.42,79514,14153086,"Custos : planejamento, implantação e controle - 3.ed. / 2000",0,0,0,0,1,0,0,0,0,0,0,0,0,0,0,0,0,0,0,0,0,0,0,0,0,0,0,0,0,0,0,0,0,0,0,0,0,0,0,1,0,1,0,0,1,0,0,0
657.42,127053,14149226,Contabilidade de custos - 10. ed. / 2010,0,0,0,0,1,1,1,0,0,0,0,0,0,0,1,0,2,1,0,0,0,0,0,0,0,0,0,0,0,0,0,0,0,0,0,0,0,0,0,0,1,1,0,0,0,0,0,0
657.42,127053,14149217,Contabilidade de custos - 10. ed. / 2010,0,0,0,0,2,1,0,0,0,0,0,0,0,0,1,1,2,1,0,0,0,0,0,0,0,0,0,0,0,0,0,0,0,0,0,0,0,0,0,0,0,0,0,0,0,0,0,0
657.42,127053,14149225,Contabilidade de custos - 10. ed. / 2010,0,0,0,0,1,1,0,0,0,0,0,0,0,0,1,1,1,1,1,1,0,0,0,0,0,0,0,0,0,0,0,0,0,0,0,0,0,0,0,0,0,0,0,0,0,0,0,0
657.42,127053,14149220,Contabilidade de custos - 10. ed. / 2010,0,0,0,0,1,1,0,0,0,0,0,0,0,0,1,1,2,1,0,0,0,0,0,0,0,0,0,0,0,0,0,0,0,0,0,0,0,0,0,0,0,0,0,0,0,0,0,0
657.42,127053,14149227,Contabilidade de custos - 10. ed. / 2010,2,0,1,0,1,1,0,0,0,0,0,0,0,0,1,1,0,0,0,0,0,0,0,0,0,0,0,0,0,0,0,0,0,0,0,0,0,0,0,0,0,0,0,0,0,0,0,0
657.42,127053,14149219,Contabilidade de custos - 10. ed. / 2010,0,0,0,0,1,1,0,0,0,0,0,0,0,0,0,1,1,1,0,1,0,0,0,0,0,0,0,0,0,0,0,0,0,0,0,0,0,0,0,0,0,0,0,0,0,0,0,0
657.42,127053,14149221,Contabilidade de custos - 10. ed. / 2010,0,0,0,0,1,0,0,0,0,0,0,0,0,0,1,1,1,1,1,0,0,0,0,0,0,0,0,0,0,0,0,0,0,0,0,0,0,0,0,0,0,0,0,0,0,0,0,0
657.42,127053,14149222,Contabilidade de custos - 10. ed. / 2010,0,0,0,0,1,1,1,0,0,0,0,0,0,0,1,1,1,0,0,0,0,0,0,0,0,0,0,0,0,0,0,0,0,0,0,0,0,0,0,0,0,0,0,0,0,0,0,0
657.42,127053,14149223,Contabilidade de custos - 10. ed. / 2010,0,0,0,0,1,1,1,1,0,0,0,0,0,0,2,0,0,0,0,0,0,0,0,0,0,0,0,0,0,0,0,0,0,0,0,0,0,0,0,0,0,0,0,0,0,0,0,0
657.42,127053,14149224,Contabilidade de custos - 10. ed. / 2010,0,0,0,0,1,1,2,0,0,0,0,0,0,0,1,1,0,0,0,0,0,0,0,0,0,0,0,0,0,0,0,0,0,0,0,0,0,0,0,0,0,0,0,0,0,0,0,0
657.42,156569,14372913,Custos análise e gestão - 3. ed. / 2012,0,0,0,0,0,0,0,0,0,0,0,0,0,0,0,0,0,0,0,0,0,0,0,0,0,0,0,0,0,0,0,0,0,0,0,0,0,0,0,0,1,1,1,0,0,0,0,0
658,211657,14342461,"Dilema da inovação : quando as novas tecnologias levam empresas ao fracasso, O / 2012",0,0,0,0,0,0,0,0,0,0,0,0,0,0,1,0,0,0,0,1,1,1,0,0,0,0,0,0,0,0,0,0,0,0,0,0,0,0,0,0,0,0,0,0,0,0,0,0
658.001,154137,14168408,Introdução à teoria geral da administração - 9. ed. / 2014,0,0,1,1,1,1,1,0,0,0,0,0,0,0,0,0,0,0,0,0,0,0,0,0,0,0,0,0,0,0,0,0,0,0,0,0,0,0,0,0,0,0,0,0,0,0,0,0
658.001,154137,14168427,Introdução à teoria geral da administração - 9. ed. / 2014,1,1,2,0,1,0,0,0,0,0,0,0,0,0,0,0,0,0,0,0,0,0,0,0,0,0,0,0,0,0,0,0,0,0,0,0,0,0,0,0,0,0,0,0,0,0,0,0
658.001,154137,14168415,Introdução à teoria geral da administração - 9. ed. / 2014,1,1,1,1,0,0,0,0,0,0,0,0,0,0,0,0,0,0,0,0,0,0,0,0,0,0,0,0,0,0,0,0,0,0,0,0,0,0,0,0,0,0,0,0,0,0,0,0
658.001,154137,14168424,Introdução à teoria geral da administração - 9. ed. / 2014,0,0,1,1,1,1,0,0,0,0,0,0,0,0,0,0,0,0,0,0,0,0,0,0,0,0,0,0,0,0,0,0,0,0,0,0,0,0,0,0,0,0,0,0,0,0,0,0
658.001,154137,14168410,Introdução à teoria geral da administração - 9. ed. / 2014,1,1,1,0,0,0,0,0,0,0,0,0,0,0,0,0,0,0,0,0,0,0,0,0,0,0,0,0,0,0,0,0,0,0,0,0,0,0,0,0,0,0,0,0,0,0,0,0
658.001,154137,14168402,Introdução à teoria geral da administração - 9. ed. / 2014,1,1,0,0,0,0,0,0,0,0,0,0,0,0,0,0,0,0,0,0,0,0,0,0,0,0,0,0,0,0,0,0,0,0,0,0,0,0,0,0,0,0,0,0,0,0,0,0
658.001,154137,14168404,Introdução à teoria geral da administração - 9. ed. / 2014,0,0,0,0,0,0,0,0,0,0,0,0,0,0,0,0,0,0,0,0,0,0,0,0,0,0,1,0,0,0,0,1,0,0,0,0,0,0,0,0,0,0,0,0,0,0,0,0
658.001,154137,14168414,Introdução à teoria geral da administração - 9. ed. / 2014,0,0,1,1,0,0,0,0,0,0,0,0,0,0,0,0,0,0,0,0,0,0,0,0,0,0,0,0,0,0,0,0,0,0,0,0,0,0,0,0,0,0,0,0,0,0,0,0
658.001,154137,14168420,Introdução à teoria geral da administração - 9. ed. / 2014,1,1,0,0,0,0,0,0,0,0,0,0,0,0,0,0,0,0,0,0,0,0,0,0,0,0,0,0,0,0,0,0,0,0,0,0,0,0,0,0,0,0,0,0,0,0,0,0
658.001,154137,14168432,Introdução à teoria geral da administração - 9. ed. / 2014,2,0,0,0,0,0,0,0,0,0,0,0,0,0,0,0,0,0,0,0,0,0,0,0,0,0,0,0,0,0,0,0,0,0,0,0,0,0,0,0,0,0,0,0,0,0,0,0
658.001,154137,14168403,Introdução à teoria geral da administração - 9. ed. / 2014,0,0,0,0,0,0,1,0,0,0,0,0,0,0,0,0,0,0,0,0,0,0,0,0,0,0,0,0,0,0,0,0,0,0,0,0,0,0,0,0,0,0,0,0,0,0,0,0
658.001,211480,14342130,Teoria geral da administração / 2002,0,0,0,0,0,0,0,0,0,0,0,0,0,0,0,0,0,0,0,0,0,0,0,0,0,0,0,0,0,0,0,0,0,0,0,0,0,0,0,0,0,1,0,0,0,0,0,0
658.15,13732,14161570,Fundamentos e técnicas de administração financeira / 1989,0,0,0,0,0,0,0,1,2,1,1,0,0,0,0,0,0,1,0,1,1,1,2,0,0,0,0,0,0,0,0,0,0,0,0,0,0,0,0,0,0,0,0,0,0,0,0,0
658.15,13732,14161572,Fundamentos e técnicas de administração financeira / 1989,0,0,0,0,0,0,0,1,1,0,0,0,0,0,0,0,0,0,0,0,1,0,0,0,0,0,0,0,0,0,0,0,0,0,0,0,0,0,0,0,0,0,0,0,0,0,0,0
658.15,13732,14161573,Fundamentos e técnicas de administração financeira / 1989,0,0,0,0,0,0,0,1,1,1,0,0,0,0,0,0,0,0,0,0,0,0,0,0,0,0,0,0,0,0,0,0,0,0,0,0,0,0,0,0,0,0,0,0,0,0,0,0
658.15,13732,14161566,Fundamentos e técnicas de administração financeira / 1989,0,0,0,0,0,0,0,1,0,0,0,0,0,0,0,0,0,0,0,0,0,0,0,0,0,0,0,0,0,0,0,0,0,0,0,0,0,0,0,0,0,0,0,0,0,0,0,0
658.15,115768,14149519,Análise financeira de balanços : abordagem gerencial - 7. ed. / 2010,0,0,0,0,0,0,0,0,0,0,0,0,0,0,0,0,0,1,0,0,0,0,0,0,0,0,0,0,0,0,0,0,0,0,0,0,0,0,0,0,0,0,0,0,0,0,0,0
658.15,117004,14168700,Engenharia econômica e avaliação de projetos de investimento : critérios de avaliação financiamentos e benefícios fiscais análise de sensibilidade e risco / 2009,0,0,0,0,0,1,1,1,0,0,0,0,0,1,1,1,1,0,0,1,0,0,0,0,0,0,0,0,0,0,0,0,0,0,0,0,0,0,0,0,0,0,0,0,0,0,0,0
658.15,117004,14302605,Engenharia econômica e avaliação de projetos de investimento : critérios de avaliação financiamentos e benefícios fiscais análise de sensibilidade e risco / 2009,0,0,0,1,1,0,0,0,0,0,0,0,0,0,0,0,0,1,0,0,0,0,0,0,0,0,0,0,0,0,0,0,0,0,0,0,0,0,0,0,0,0,0,0,0,0,0,0
658.15,132208,14188677,Princípios de administração financeira - 12. ed. / 2010,0,0,0,0,0,0,0,0,0,0,0,1,0,0,0,0,0,0,0,0,0,0,1,0,0,0,0,0,0,0,0,0,0,1,1,1,1,1,0,0,0,0,0,0,0,0,0,0
658.15,132208,14188675,Princípios de administração financeira - 12. ed. / 2010,0,0,0,0,0,0,0,0,0,0,0,0,0,0,0,0,0,0,0,1,1,1,1,1,0,0,1,0,0,0,0,0,0,0,0,0,0,0,0,0,0,0,0,0,0,0,0,0
658.15,132208,14188667,Princípios de administração financeira - 12. ed. / 2010,0,0,0,0,0,0,0,1,1,1,1,0,0,0,0,0,0,0,0,1,0,0,0,0,0,0,0,0,0,0,0,0,0,0,0,0,0,0,0,0,0,0,0,0,0,0,0,0
658.15,132208,14188671,Princípios de administração financeira - 12. ed. / 2010,0,0,0,0,0,0,0,1,0,0,0,0,0,0,0,0,0,0,0,1,0,0,1,0,0,0,0,0,0,0,0,0,0,0,0,0,0,0,0,0,0,0,0,0,0,0,0,0
658.15,132208,14188668,Princípios de administração financeira - 12. ed. / 2010,0,0,0,0,0,0,0,1,1,0,0,0,0,0,0,0,0,0,0,0,0,0,0,0,0,0,0,0,0,0,0,0,0,0,0,0,0,0,0,0,0,0,0,0,0,0,0,0
658.15,132208,14188672,Princípios de administração financeira - 12. ed. / 2010,0,0,0,0,0,0,0,0,0,0,0,0,0,0,0,0,0,0,0,0,1,1,0,0,0,0,0,0,0,0,0,0,0,0,0,0,0,0,0,0,0,0,0,0,0,0,0,0
658.15,132208,14188670,Princípios de administração financeira - 12. ed. / 2010,0,0,0,0,0,0,0,1,0,0,0,0,0,0,0,0,0,0,0,0,0,0,0,0,0,0,0,0,0,0,0,0,0,0,0,0,0,0,0,0,0,0,0,0,0,0,0,0
658.15,132208,14188674,Princípios de administração financeira - 12. ed. / 2010,0,0,0,0,0,0,0,1,0,0,0,0,0,0,0,0,0,0,0,0,0,0,0,0,0,0,0,0,0,0,0,0,0,0,0,0,0,0,0,0,0,0,0,0,0,0,0,0
658.152,81740,14148946,Análise de investimentos : tomada de decisão em projetos industriais / 2001,0,0,0,0,0,0,0,0,0,0,0,0,0,0,1,1,1,1,0,0,0,0,0,0,0,0,0,0,0,0,0,0,0,0,0,0,0,0,0,0,0,0,0,0,0,0,0,0
658.152,81740,14148900,Análise de investimentos : tomada de decisão em projetos industriais / 2001,0,0,0,0,0,0,0,0,0,0,0,0,0,0,1,0,0,1,0,0,0,0,0,0,0,0,0,0,0,0,0,0,0,0,0,0,0,0,0,0,0,0,0,0,0,0,0,0
658.152,81740,14148905,Análise de investimentos : tomada de decisão em projetos industriais / 2001,0,0,0,0,0,0,0,0,0,0,0,0,0,0,0,0,1,1,0,0,0,0,0,0,0,0,0,0,0,0,0,0,0,0,0,0,0,0,0,0,0,0,0,0,0,0,0,0
658.152,81740,14148939,Análise de investimentos : tomada de decisão em projetos industriais / 2001,0,0,0,0,0,0,0,0,0,0,0,0,0,0,0,0,0,0,1,0,0,0,0,0,0,0,0,0,0,0,0,0,0,0,0,0,0,0,0,0,0,0,0,0,0,0,0,0
658.152,100827,14160385,Engenharia econômica : avaliação e seleção de projetos de investimento - 6. ed. / 2005,0,0,0,0,0,0,0,2,1,1,0,0,0,0,0,0,0,0,0,0,0,0,0,0,0,0,0,0,0,0,0,0,0,0,0,0,0,0,0,1,1,0,1,0,0,0,0,0
658.152,116159,14148973,"Análise de investimentos:  matemática financeira, engenharia econômica, tomada de decisão, estratégia empresarial - 11. ed. / 2010",0,0,0,0,0,0,0,0,0,0,0,0,0,0,0,0,0,0,1,1,1,2,0,0,0,0,0,0,0,0,0,0,0,0,0,0,0,0,0,0,0,0,0,0,0,0,0,0
658.152,116159,14148982,"Análise de investimentos:  matemática financeira, engenharia econômica, tomada de decisão, estratégia empresarial - 11. ed. / 2010",0,0,0,0,0,1,0,0,0,0,0,0,0,0,0,1,1,2,0,0,0,0,0,0,0,0,0,0,0,0,0,0,0,0,0,0,0,0,0,0,0,0,0,0,0,0,0,0
658.152,116159,14148984,"Análise de investimentos:  matemática financeira, engenharia econômica, tomada de decisão, estratégia empresarial - 11. ed. / 2010",0,0,0,0,0,0,0,0,0,0,0,0,0,1,1,1,1,0,0,0,0,0,0,0,0,0,0,0,0,0,0,0,0,0,0,0,0,0,0,0,0,0,0,0,0,0,0,0
658.152,116159,14149008,"Análise de investimentos:  matemática financeira, engenharia econômica, tomada de decisão, estratégia empresarial - 11. ed. / 2010",0,0,0,0,2,1,1,0,0,0,0,0,0,0,0,0,0,0,0,0,0,0,0,0,0,0,0,0,0,0,0,0,0,0,0,0,0,0,0,0,0,0,0,0,0,0,0,0
658.152,116159,14148979,"Análise de investimentos:  matemática financeira, engenharia econômica, tomada de decisão, estratégia empresarial - 11. ed. / 2010",0,0,0,0,0,1,1,0,0,0,0,0,0,0,0,0,0,0,0,0,0,0,0,0,0,0,0,0,0,0,0,0,0,0,0,0,0,0,0,0,0,0,0,0,0,0,0,0
658.152,116159,14148980,"Análise de investimentos:  matemática financeira, engenharia econômica, tomada de decisão, estratégia empresarial - 11. ed. / 2010",1,1,0,0,0,0,0,0,0,0,0,0,0,0,0,0,0,0,0,0,0,0,0,0,0,0,0,0,0,0,0,0,0,0,0,0,0,0,0,0,0,0,0,0,0,0,0,0
658.152,116159,14149000,"Análise de investimentos:  matemática financeira, engenharia econômica, tomada de decisão, estratégia empresarial - 11. ed. / 2010",0,0,0,0,1,1,0,0,0,0,0,0,0,0,0,0,0,0,0,0,0,0,0,0,0,0,0,0,0,0,0,0,0,0,0,0,0,0,0,0,0,0,0,0,0,0,0,0
658.152,116159,14148983,"Análise de investimentos:  matemática financeira, engenharia econômica, tomada de decisão, estratégia empresarial - 11. ed. / 2010",0,0,0,0,0,0,0,0,0,0,0,0,0,0,0,0,0,0,0,0,0,0,0,0,0,0,0,0,0,0,0,0,0,0,0,0,0,0,1,0,0,0,0,0,0,0,0,0
658.152,116159,14148996,"Análise de investimentos:  matemática financeira, engenharia econômica, tomada de decisão, estratégia empresarial - 11. ed. / 2010",0,0,0,0,1,0,0,0,0,0,0,0,0,0,0,0,0,0,0,0,0,0,0,0,0,0,0,0,0,0,0,0,0,0,0,0,0,0,0,0,0,0,0,0,0,0,0,0
658.154,151657,14158995,Orcamento empresarial : manual de elaboração - 5. ed. / 2013,0,0,0,0,0,0,0,0,0,0,0,0,0,0,0,1,0,0,0,0,0,0,0,0,0,0,0,0,0,0,0,0,0,0,0,0,0,0,0,0,0,0,0,0,0,0,0,0
6.581.552,141114,14163581,Gestão de custos e formação de preços : com aplicações na calculadora HP 12C e excel - 6. ed. / 2012,0,0,0,0,0,0,0,0,0,0,0,0,0,0,1,1,1,1,0,0,0,0,0,0,0,0,0,0,0,0,0,0,0,0,0,0,0,0,0,0,0,0,0,0,0,0,0,0
6.581.552,141114,14163582,Gestão de custos e formação de preços : com aplicações na calculadora HP 12C e excel - 6. ed. / 2012,1,0,0,0,0,1,0,0,0,0,0,0,0,0,0,0,0,0,0,0,0,0,0,0,0,0,0,0,0,0,0,1,1,0,0,0,0,0,0,0,0,0,0,0,0,0,0,0
6.581.552,141114,14163579,Gestão de custos e formação de preços : com aplicações na calculadora HP 12C e excel - 6. ed. / 2012,0,0,0,0,0,2,1,0,0,0,0,0,0,0,0,0,0,0,0,0,0,0,0,0,0,0,0,0,0,0,0,0,0,0,0,0,0,0,0,0,0,0,0,0,0,0,0,0
6.581.552,141114,14163583,Gestão de custos e formação de preços : com aplicações na calculadora HP 12C e excel - 6. ed. / 2012,0,0,0,0,0,0,0,0,0,0,0,0,0,0,0,0,0,0,0,0,0,0,0,0,0,0,0,0,0,0,0,0,0,0,0,0,0,0,0,0,0,0,0,0,0,1,1,1
6.581.552,141114,14163578,Gestão de custos e formação de preços : com aplicações na calculadora HP 12C e excel - 6. ed. / 2012,0,0,0,0,0,0,0,0,0,0,0,0,0,0,0,0,0,0,0,0,0,0,0,0,0,0,0,0,0,0,0,2,0,0,0,0,0,0,0,0,0,0,0,0,0,0,0,0
6.581.552,141114,14163580,Gestão de custos e formação de preços : com aplicações na calculadora HP 12C e excel - 6. ed. / 2012,0,0,0,0,1,1,0,0,0,0,0,0,0,0,0,0,0,0,0,0,0,0,0,0,0,0,0,0,0,0,0,0,0,0,0,0,0,0,0,0,0,0,0,0,0,0,0,0
6.581.552,141114,14163584,Gestão de custos e formação de preços : com aplicações na calculadora HP 12C e excel - 6. ed. / 2012,0,0,0,0,0,0,0,0,0,0,0,0,0,0,0,0,0,0,0,0,0,0,0,0,0,0,0,0,0,0,0,0,0,0,0,0,0,0,0,0,0,0,1,0,0,0,0,0
6.581.552,149639,14148723,Análise gerencial de custos : aplicação em empresas modernas - 3. ed. / 2010,0,0,0,0,0,0,0,0,0,0,0,0,0,0,0,0,0,0,0,0,0,0,0,0,0,0,0,0,0,0,0,0,0,0,0,0,0,0,0,0,0,0,0,0,0,1,1,1
6.581.552,149639,14148727,Análise gerencial de custos : aplicação em empresas modernas - 3. ed. / 2010,0,0,0,0,0,0,0,0,0,0,0,0,0,0,1,1,1,0,0,0,0,0,0,0,0,0,0,0,0,0,0,0,0,0,0,0,0,0,0,0,0,0,0,0,0,0,0,0
6.581.552,153630,14165878,Gestão de custos: contabilidade e controle / 2001,0,0,0,0,0,0,0,0,0,0,0,0,0,0,0,0,0,0,0,0,0,0,0,0,0,0,0,0,0,0,0,0,0,0,0,0,0,0,0,0,0,0,0,0,0,1,1,1
6.581.552,153630,14165883,Gestão de custos: contabilidade e controle / 2001,1,1,1,0,0,0,0,0,0,0,0,0,0,0,0,0,0,0,0,0,0,0,0,0,0,0,0,0,0,0,0,0,0,0,0,0,0,0,0,0,0,0,0,0,0,0,0,0
658.2,191380,14302641,Planejamento de instalações - 4 ed. / 2013,0,0,0,0,0,0,0,0,0,0,0,0,0,0,0,0,0,0,0,0,0,0,0,0,0,0,0,0,0,0,0,0,0,0,0,0,0,0,0,0,0,0,0,1,0,0,0,0
658.202,24281,14168347,Tecnicas de manutenção preditiva / 1989,1,1,0,0,0,0,0,0,0,0,0,0,0,0,0,0,0,0,0,0,0,0,0,0,0,0,0,0,0,0,0,0,0,0,0,0,0,0,0,0,0,0,0,0,0,0,0,0
658.202,24281,14168348,Tecnicas de manutenção preditiva / 1989,1,1,0,0,0,0,0,0,0,0,0,0,0,0,0,0,0,0,0,0,0,0,0,0,0,0,0,0,0,0,0,0,0,0,0,0,0,0,0,0,0,0,0,0,0,0,0,0
658.202,24281,14184918,Tecnicas de manutenção preditiva / 1989,0,0,0,0,1,0,0,0,0,0,0,0,0,0,0,0,0,0,0,0,0,0,0,0,0,0,0,0,0,0,0,0,0,0,0,0,0,0,0,0,0,0,0,0,0,0,0,0
658.23,191375,14302602,Planejamento simplificado de layout                                                        : sistema SLP                                          ... - 3. ed,0,0,0,0,0,0,0,0,1,1,1,1,0,0,1,0,0,0,0,0,0,0,0,0,0,0,0,0,0,0,0,0,0,0,0,0,0,0,0,0,0,0,0,0,0,0,0,0
658.3,152369,14161372,"Pessoas na organização, As - 18. ed. / 2002",0,0,0,0,0,0,0,0,0,0,0,0,0,0,0,0,0,0,0,1,1,0,0,0,0,0,0,0,0,0,0,0,0,0,0,0,0,0,0,0,0,0,0,0,0,0,0,0
658.3,210393,14339790,"Gestão de pessoas : teorias, modelos e aplicações organizacionais / 2019",0,0,0,0,0,0,0,0,0,0,0,0,0,0,0,0,0,0,0,1,0,0,0,0,0,0,0,0,0,0,0,0,0,0,0,0,0,0,0,0,0,0,0,0,0,0,0,0
6.583.124,216957,14363757,"Coach de um trilhão de dólares : o manual de liderança do Vale do Silício, O / 2019",0,0,0,0,0,0,0,0,0,0,0,0,0,0,0,0,0,0,0,0,0,0,0,0,0,0,0,0,0,0,1,0,1,1,0,1,0,1,0,1,0,0,0,0,0,0,0,0
6.583.142,1783,14182164,Vantagem competitiva : criando e sustentando um desempenho superior / 1989,1,1,0,0,0,0,0,0,0,0,0,0,0,0,0,0,0,0,0,0,0,0,0,0,0,0,0,0,0,0,0,0,0,0,0,0,0,0,0,0,0,0,0,0,0,0,0,0
658.38,151295,14157657,Segurança do trabalho & gestão ambiental - 4. ed. / 2011,0,0,0,0,0,0,0,0,0,0,0,0,0,0,1,1,1,1,0,0,0,0,0,0,0,0,0,0,0,0,0,0,0,0,0,0,0,0,0,0,0,0,0,0,0,0,0,0
658.38,151295,14157661,Segurança do trabalho & gestão ambiental - 4. ed. / 2011,0,0,1,1,0,0,0,0,0,0,0,0,0,0,0,0,0,0,0,0,0,0,0,0,0,0,0,0,0,0,0,0,0,0,0,0,0,0,0,0,0,0,0,0,0,0,0,0
658.38,151295,14157666,Segurança do trabalho & gestão ambiental - 4. ed. / 2011,0,0,0,0,0,0,0,0,0,0,0,0,0,0,0,0,0,0,0,0,0,0,0,0,0,0,0,0,0,0,0,0,0,0,1,1,0,0,0,0,0,0,0,0,0,0,0,0
658.38,151295,14157645,Segurança do trabalho & gestão ambiental - 4. ed. / 2011,0,0,0,0,0,0,1,0,0,0,0,0,0,0,0,0,0,0,0,0,0,0,0,0,0,0,0,0,0,0,0,0,0,0,0,0,0,0,0,0,0,0,0,0,0,0,0,0
658.38,151295,14157653,Segurança do trabalho & gestão ambiental - 4. ed. / 2011,0,0,0,0,0,0,0,0,0,0,0,0,0,0,0,0,0,0,0,0,0,0,0,0,0,0,0,0,0,0,0,0,0,0,0,0,0,0,0,0,0,0,0,0,0,1,0,0
658.4,211642,14342446,Teorias de administração : introdução ao estudo do trabalho do administrador / 2010,0,0,0,0,0,0,0,0,0,0,0,0,0,0,0,0,0,0,0,0,0,0,0,0,0,0,0,0,0,0,0,0,0,0,0,0,0,0,0,0,0,1,0,0,0,0,0,0
658.401,62331,14149518,Administração estratégica : conceitos / 2000,1,1,0,0,0,0,0,0,0,0,0,0,0,0,0,0,0,1,0,1,1,1,1,1,0,0,0,0,0,0,0,0,0,0,0,0,0,0,0,0,0,0,0,0,0,0,0,0
658.401,211465,14342085,"Benchmarking para um desempenho superior: manual, teoria e prática / 2021",0,0,0,0,0,0,0,0,0,0,1,1,0,0,1,1,1,0,0,0,0,0,0,0,0,0,0,0,0,0,0,0,0,0,0,0,0,0,0,0,0,0,0,0,0,0,0,0
6.584.012,136472,14181140,Administração estratégica e vantagem competitiva : conceitos e casos - 3. ed. / 2011,0,0,0,1,0,0,0,0,0,0,0,0,0,0,0,0,0,0,0,0,0,0,0,0,0,0,0,0,0,0,0,0,0,0,0,0,0,0,0,0,0,0,0,0,0,0,0,0
6.584.012,149709,14149267,Administração estratégica / 2015,0,0,0,1,0,0,0,0,1,1,1,1,0,0,1,0,0,0,0,1,1,1,2,0,0,0,0,0,0,0,0,0,0,0,0,0,0,0,0,0,0,0,0,0,0,0,0,0
6.584.012,149709,14149261,Administração estratégica / 2015,0,0,0,0,0,0,0,0,1,1,0,0,0,0,0,0,0,0,0,1,2,1,1,0,0,0,1,0,1,1,0,0,0,0,0,0,0,0,0,0,0,0,0,0,0,0,0,0
6.584.012,149709,14149265,Administração estratégica / 2015,0,0,0,0,0,0,0,1,1,0,0,0,0,0,0,0,0,0,0,0,0,0,0,0,0,0,0,0,0,0,0,0,0,1,1,1,1,1,1,0,0,0,0,0,0,0,0,0
6.584.012,149709,14149264,Administração estratégica / 2015,0,0,0,0,0,0,0,1,1,2,1,0,0,0,0,0,0,0,0,1,1,0,0,0,0,0,0,0,0,0,0,0,0,0,0,0,0,0,0,0,0,0,0,0,0,0,0,0
6.584.012,149709,14149260,Administração estratégica / 2015,0,0,0,0,0,0,0,0,0,0,0,0,0,0,0,0,0,0,0,1,1,1,1,0,0,0,0,0,0,0,0,0,0,0,0,0,0,0,0,0,0,0,0,0,0,0,0,0
6.584.012,149709,14149262,Administração estratégica / 2015,0,0,0,0,0,0,0,0,1,0,0,0,0,0,0,0,0,0,0,0,0,0,0,0,0,0,0,0,0,0,0,0,0,0,1,2,0,0,0,0,0,0,0,0,0,0,0,0
6.584.012,149709,14149259,Administração estratégica / 2015,0,0,0,0,0,0,0,1,1,1,0,0,0,0,0,0,0,0,0,0,0,0,0,0,0,0,0,0,0,0,0,0,0,0,0,0,0,0,0,0,0,0,0,0,0,0,0,0
6.584.012,149709,14149258,Administração estratégica / 2015,0,0,0,0,0,0,0,0,0,0,1,0,0,0,0,0,0,0,0,0,0,0,0,0,0,0,0,0,0,0,0,0,0,0,0,0,0,0,0,0,0,0,0,0,0,0,0,0
6.584.012,157143,14184534,Administração estratégica : planejamento e implantação da estratégia. - 3. ed. / 2010,0,1,0,0,0,0,0,0,0,0,0,0,0,0,0,0,0,0,0,1,1,1,1,1,0,0,0,0,0,0,0,0,0,0,0,0,0,0,0,0,0,0,0,0,0,0,0,0
6.584.012,157374,14185304,"Construindo planos de empreendimentos : negócios lucrativos, ações sociais e desenvolvimento local / 2010",0,0,0,0,0,0,0,0,0,0,0,0,0,0,1,1,0,0,0,0,0,0,0,0,0,1,0,0,0,0,0,0,0,0,0,0,0,0,0,0,0,0,0,0,0,0,0,0
6.584.012,157374,14185314,"Construindo planos de empreendimentos : negócios lucrativos, ações sociais e desenvolvimento local / 2010",0,0,0,0,0,0,0,0,0,0,0,0,0,0,1,1,1,0,0,0,0,0,0,0,0,0,0,0,0,0,0,0,0,0,0,0,0,0,0,0,0,0,0,0,0,0,0,0
6.584.012,157374,14185316,"Construindo planos de empreendimentos : negócios lucrativos, ações sociais e desenvolvimento local / 2010",1,1,0,0,0,0,0,0,0,0,0,0,0,0,0,0,0,0,0,0,0,0,0,0,0,0,0,0,0,0,0,0,0,0,0,0,0,0,0,0,0,0,0,0,0,0,0,0
6.584.012,157374,14185323,"Construindo planos de empreendimentos : negócios lucrativos, ações sociais e desenvolvimento local / 2010",0,0,0,0,0,0,0,1,0,0,0,0,0,0,0,0,0,0,0,0,0,0,0,0,0,0,0,0,0,0,0,0,0,0,0,0,0,0,0,0,0,0,0,0,0,0,0,0
6.584.012,157374,14185327,"Construindo planos de empreendimentos : negócios lucrativos, ações sociais e desenvolvimento local / 2010",0,0,0,1,0,0,0,0,0,0,0,0,0,0,0,0,0,0,0,0,0,0,0,0,0,0,0,0,0,0,0,0,0,0,0,0,0,0,0,0,0,0,0,0,0,0,0,0
658.403,155105,14185524,Processo decisório - 8. ed. / 2014,0,0,0,1,1,0,0,0,0,0,0,0,0,0,0,0,0,0,0,0,0,0,0,0,0,0,0,0,0,0,0,0,0,0,0,0,0,0,0,0,0,0,0,0,0,0,0,0
658.403,155105,14185528,Processo decisório - 8. ed. / 2014,0,0,0,0,0,0,0,0,0,0,0,0,0,0,0,0,0,0,0,0,0,0,0,0,0,0,1,0,0,0,0,1,0,0,0,0,0,0,0,0,0,0,0,0,0,0,0,0
6.584.034,117676,14158604,Pesquisa operacional na tomada de decisões - 4. ed. / 2009,1,1,1,0,1,1,1,1,0,0,0,0,0,0,1,1,0,0,0,0,0,0,0,0,0,0,1,1,0,0,0,0,0,0,0,0,0,0,0,1,0,1,0,0,1,0,1,3
6.584.034,130558,14155036,"Pesquisa operacional : 170 aplicações em estratégia, finanças, logística, produção, merketing e vendas / 2007",1,1,1,0,1,1,0,0,0,0,0,0,0,0,0,0,0,1,0,0,0,0,0,0,0,0,0,0,0,0,0,0,0,0,0,0,0,0,0,0,0,0,0,0,0,0,0,0
6.584.034,130558,14155039,"Pesquisa operacional : 170 aplicações em estratégia, finanças, logística, produção, merketing e vendas / 2007",0,0,0,0,0,0,0,0,0,0,0,0,0,0,0,0,0,0,0,1,1,1,1,0,0,0,0,0,0,0,0,0,0,0,0,0,0,0,0,0,0,0,0,0,0,0,0,0
6.584.034,130558,14155046,"Pesquisa operacional : 170 aplicações em estratégia, finanças, logística, produção, merketing e vendas / 2007",0,0,0,0,0,0,0,0,0,0,0,0,0,0,0,0,0,0,0,0,0,0,0,0,0,0,0,0,0,0,0,0,0,0,0,0,0,0,0,0,0,0,0,0,1,1,1,1
6.584.034,130558,14155038,"Pesquisa operacional : 170 aplicações em estratégia, finanças, logística, produção, merketing e vendas / 2007",0,0,1,1,0,0,0,0,0,0,0,0,0,0,0,0,0,0,0,0,0,0,0,0,0,0,0,0,0,0,0,0,0,0,0,0,0,0,0,0,0,0,0,0,0,0,0,0
6.584.034,130558,14155052,"Pesquisa operacional : 170 aplicações em estratégia, finanças, logística, produção, merketing e vendas / 2007",0,0,0,0,0,0,0,0,0,0,0,0,0,0,0,0,0,0,0,1,0,0,0,0,0,0,0,0,0,0,0,0,0,0,0,0,0,0,0,0,0,0,0,0,1,0,0,0
6.584.034,141204,14167003,Introdução à pesquisa operacional - 9. ed. / 2013,1,1,1,1,1,1,1,0,0,0,0,0,0,0,0,0,0,1,0,2,0,1,0,0,0,0,0,0,0,0,0,0,0,1,0,0,0,1,0,0,0,0,0,0,0,0,0,0
6.584.034,141204,14167010,Introdução à pesquisa operacional - 9. ed. / 2013,0,0,0,0,0,0,0,1,2,1,0,0,0,0,0,0,0,1,0,1,0,0,0,0,0,1,0,0,0,0,0,0,0,1,0,0,0,0,0,0,1,0,0,0,0,0,0,0
6.584.034,141204,14167009,Introdução à pesquisa operacional - 9. ed. / 2013,0,0,0,0,0,0,0,0,0,0,0,0,0,0,0,0,0,1,0,0,0,0,0,0,0,0,0,0,0,0,0,0,0,0,0,0,0,0,0,1,1,1,1,0,1,1,1,0
6.584.034,141204,14167002,Introdução à pesquisa operacional - 9. ed. / 2013,0,0,0,0,0,0,0,0,0,0,0,0,0,0,0,0,0,0,0,0,0,0,0,0,0,0,0,0,0,0,0,0,0,1,1,1,1,1,0,0,0,0,0,0,0,0,0,0
6.584.034,141204,14166996,Introdução à pesquisa operacional - 9. ed. / 2013,0,0,0,0,0,0,0,0,0,0,0,0,0,0,0,0,0,0,0,0,0,0,0,0,0,0,0,0,0,0,0,0,0,0,0,0,0,0,0,0,0,0,0,0,0,0,1,3
6.584.034,141204,14166995,Introdução à pesquisa operacional - 9. ed. / 2013,0,0,0,0,0,0,0,0,0,0,0,0,0,0,0,0,0,0,0,0,0,0,0,0,0,0,0,0,0,0,0,0,0,0,0,0,0,0,0,0,0,0,0,0,2,0,0,1
6.584.034,141204,14166997,Introdução à pesquisa operacional - 9. ed. / 2013,0,0,0,0,0,0,0,0,0,0,0,0,0,0,0,0,0,0,0,0,0,0,0,0,0,0,0,0,0,0,0,0,0,1,1,1,0,0,0,0,0,0,0,0,0,0,0,0
6.584.034,141204,14166999,Introdução à pesquisa operacional - 9. ed. / 2013,0,0,0,0,0,0,0,0,0,0,0,0,0,0,0,0,0,0,0,0,0,0,0,0,0,0,0,0,0,0,0,0,0,0,0,0,0,0,0,0,0,0,0,0,1,1,1,0
6.584.034,141204,14167005,Introdução à pesquisa operacional - 9. ed. / 2013,0,0,0,0,0,0,0,0,0,0,0,0,0,0,0,0,0,0,0,0,0,0,0,0,0,0,0,0,0,0,0,0,0,1,0,0,1,1,0,0,0,0,0,0,0,0,0,0
6.584.034,141204,14167013,Introdução à pesquisa operacional - 9. ed. / 2013,0,0,0,0,0,0,0,0,0,0,0,0,0,0,0,0,0,0,0,0,0,0,0,0,0,0,0,0,0,0,0,0,0,1,1,0,0,0,0,0,0,0,0,0,0,0,0,0
6.584.034,141204,14167001,Introdução à pesquisa operacional - 9. ed. / 2013,0,0,0,0,0,0,0,0,0,1,0,0,0,0,0,0,0,0,0,0,0,0,0,0,0,0,0,0,0,0,0,0,0,0,0,0,0,0,0,0,0,0,0,0,0,0,0,0
6.584.034,156808,14183602,Pesquisa Operacional para cursos de engenharia / 2013,0,0,0,0,0,0,0,1,2,1,0,0,0,0,0,0,1,0,0,0,0,0,0,1,0,0,0,0,0,0,0,0,0,0,2,1,1,1,0,1,1,0,0,0,0,0,0,0
6.584.038,211469,14342108,Gestão do conhecimento / 2014,0,0,0,0,1,0,0,1,0,1,1,0,0,0,0,0,0,0,0,0,0,0,0,0,0,0,0,0,0,0,0,1,0,0,0,0,0,0,0,0,0,0,0,0,0,0,0,0
6.584.038.011,129227,14156620,Sistemas de informação gerenciais - 9. ed. / 2011,0,0,0,0,0,0,0,0,0,0,0,0,0,0,1,1,1,0,0,0,0,0,0,0,0,0,0,0,0,0,0,0,0,0,0,0,0,0,0,0,0,0,0,0,0,0,0,0
6.584.038.011,139008,14156669,Tecnologia da informação aplicada a sistemas de informação empresariais : o papel estratégico da informação e dos sistemas de informação nas empresas - 9. ed. rev. e amp. / 2000,0,0,0,0,0,0,0,0,0,0,0,0,0,0,0,0,0,0,0,0,0,0,0,0,0,0,1,0,0,0,0,1,0,0,0,0,0,0,0,0,0,0,0,0,0,0,0,0
6.584.038.011,139008,14156671,Tecnologia da informação aplicada a sistemas de informação empresariais : o papel estratégico da informação e dos sistemas de informação nas empresas - 9. ed. rev. e amp. / 2000,0,0,0,0,0,0,0,0,0,0,0,0,0,0,0,0,0,0,0,0,0,0,0,0,0,0,1,0,0,0,1,0,0,0,0,0,0,0,0,0,0,0,0,0,0,0,0,0
6.584.038.011,139008,14156666,Tecnologia da informação aplicada a sistemas de informação empresariais : o papel estratégico da informação e dos sistemas de informação nas empresas - 9. ed. rev. e amp. / 2000,0,0,0,0,0,0,0,0,0,0,0,0,0,0,0,0,0,0,0,0,0,0,0,0,0,0,1,0,0,0,0,0,0,0,0,0,0,0,0,0,0,0,0,0,0,0,0,0
6.584.038.011,156107,14176857,Business intelligence and analytics : systems for decision support - 10th ed. / 2015,0,0,0,1,0,0,0,1,1,0,0,0,0,0,0,0,0,0,0,0,0,0,0,0,0,0,0,0,0,0,0,0,0,0,0,0,0,0,0,0,0,0,0,0,0,0,0,0
658.404,27836,14156826,"Planejamento, orçamentação e controle de projetos e obras / 1997",0,0,0,0,0,0,0,1,1,0,0,0,0,0,1,1,1,1,1,0,0,0,0,0,0,0,0,0,0,0,0,0,0,0,0,0,0,0,0,0,0,0,0,0,0,0,0,0
658.404,27836,14156827,"Planejamento, orçamentação e controle de projetos e obras / 1997",0,0,1,1,0,2,1,1,0,0,0,0,0,0,0,0,0,0,0,0,0,0,0,0,0,0,0,0,0,0,0,0,0,0,0,0,0,0,0,0,0,0,0,0,0,0,0,0
658.404,27836,14156829,"Planejamento, orçamentação e controle de projetos e obras / 1997",1,0,1,1,1,0,0,0,0,0,0,0,0,0,0,1,0,0,0,0,0,0,0,0,0,0,0,0,0,0,0,0,0,0,0,0,0,0,0,0,0,0,0,0,0,0,0,0
658.404,27836,14156830,"Planejamento, orçamentação e controle de projetos e obras / 1997",0,0,0,0,1,1,1,0,0,0,0,0,0,0,0,0,0,0,0,0,0,0,0,0,0,0,0,0,0,0,0,0,0,0,0,0,0,0,0,0,0,0,0,0,0,0,0,0
658.404,27836,14156828,"Planejamento, orçamentação e controle de projetos e obras / 1997",0,0,0,0,1,1,0,0,0,0,0,0,0,0,0,0,0,0,0,0,0,0,0,0,0,0,0,0,0,0,0,0,0,0,0,0,0,0,0,0,0,0,0,0,0,0,0,0
658.404,27836,14156823,"Planejamento, orçamentação e controle de projetos e obras / 1997",0,0,0,0,1,0,0,0,0,0,0,0,0,0,0,0,0,0,0,0,0,0,0,0,0,0,0,0,0,0,0,0,0,0,0,0,0,0,0,0,0,0,0,0,0,0,0,0
658.404,27836,14156825,"Planejamento, orçamentação e controle de projetos e obras / 1997",0,0,0,1,0,0,0,0,0,0,0,0,0,0,0,0,0,0,0,0,0,0,0,0,0,0,0,0,0,0,0,0,0,0,0,0,0,0,0,0,0,0,0,0,0,0,0,0
658.404,27836,14156831,"Planejamento, orçamentação e controle de projetos e obras / 1997",0,0,0,0,1,0,0,0,0,0,0,0,0,0,0,0,0,0,0,0,0,0,0,0,0,0,0,0,0,0,0,0,0,0,0,0,0,0,0,0,0,0,0,0,0,0,0,0
658.404,128564,14153145,"Como se tornar um profissional em gerenciamento de projetos : livro-base de ""Preparação para certificação PMP® - Project management professional"" - 4. ed., rev. e ampl. / 2011",0,0,0,0,0,0,0,1,1,1,0,0,0,0,0,0,1,0,0,0,1,1,0,0,0,0,0,0,0,0,0,0,0,0,0,0,0,0,0,0,0,0,0,0,0,0,0,0
658.404,128564,14153147,"Como se tornar um profissional em gerenciamento de projetos : livro-base de ""Preparação para certificação PMP® - Project management professional"" - 4. ed., rev. e ampl. / 2011",0,0,0,0,0,1,1,1,1,1,0,0,0,0,0,0,0,0,0,0,0,0,0,0,0,0,0,0,0,0,0,0,0,0,0,0,0,0,0,0,0,0,0,0,0,0,0,0
658.404,128564,14153150,"Como se tornar um profissional em gerenciamento de projetos : livro-base de ""Preparação para certificação PMP® - Project management professional"" - 4. ed., rev. e ampl. / 2011",0,0,0,0,0,0,0,0,0,0,0,0,0,0,0,0,0,0,0,0,0,0,0,0,0,0,0,0,0,0,0,0,0,0,0,0,0,0,0,0,0,0,0,0,2,1,0,1
658.404,128564,14153160,"Como se tornar um profissional em gerenciamento de projetos : livro-base de ""Preparação para certificação PMP® - Project management professional"" - 4. ed., rev. e ampl. / 2011",0,0,0,1,0,0,0,0,0,0,0,0,0,0,0,0,0,0,0,0,1,1,1,0,0,0,0,0,0,0,0,0,0,0,0,0,0,0,0,0,0,0,0,0,0,0,0,0
658.404,128564,14153158,"Como se tornar um profissional em gerenciamento de projetos : livro-base de ""Preparação para certificação PMP® - Project management professional"" - 4. ed., rev. e ampl. / 2011",1,1,1,0,0,0,0,0,0,0,0,0,0,0,0,0,0,0,0,0,0,0,0,0,0,0,0,0,0,0,0,0,0,0,0,0,0,0,0,0,0,0,0,0,0,0,0,0
658.404,128564,14153146,"Como se tornar um profissional em gerenciamento de projetos : livro-base de ""Preparação para certificação PMP® - Project management professional"" - 4. ed., rev. e ampl. / 2011",0,0,0,0,0,0,0,1,1,0,0,0,0,0,0,0,0,0,0,0,0,0,0,0,0,0,0,0,0,0,0,0,0,0,0,0,0,0,0,0,0,0,0,0,0,0,0,0
658.404,128564,14153149,"Como se tornar um profissional em gerenciamento de projetos : livro-base de ""Preparação para certificação PMP® - Project management professional"" - 4. ed., rev. e ampl. / 2011",1,1,0,0,0,0,0,0,0,0,0,0,0,0,0,0,0,0,0,0,0,0,0,0,0,0,0,0,0,0,0,0,0,0,0,0,0,0,0,0,0,0,0,0,0,0,0,0
658.404,128564,14153151,"Como se tornar um profissional em gerenciamento de projetos : livro-base de ""Preparação para certificação PMP® - Project management professional"" - 4. ed., rev. e ampl. / 2011",0,0,0,0,0,0,0,0,0,0,0,0,0,0,0,0,0,0,0,1,0,0,1,0,0,0,0,0,0,0,0,0,0,0,0,0,0,0,0,0,0,0,0,0,0,0,0,0
658.404,128564,14153154,"Como se tornar um profissional em gerenciamento de projetos : livro-base de ""Preparação para certificação PMP® - Project management professional"" - 4. ed., rev. e ampl. / 2011",0,0,0,0,0,0,0,0,0,0,0,0,0,0,0,0,0,0,0,0,0,0,0,0,0,0,0,0,0,0,0,0,0,0,0,0,0,0,0,0,0,0,0,0,0,1,0,0
658.404,128564,14153156,"Como se tornar um profissional em gerenciamento de projetos : livro-base de ""Preparação para certificação PMP® - Project management professional"" - 4. ed., rev. e ampl. / 2011",0,0,0,0,0,0,0,0,1,0,0,0,0,0,0,0,0,0,0,0,0,0,0,0,0,0,0,0,0,0,0,0,0,0,0,0,0,0,0,0,0,0,0,0,0,0,0,0
658.404,128882,14180207,Use a cabeça!: PMP / 2010,0,0,0,0,0,0,0,1,1,2,1,1,0,0,1,1,1,0,0,1,0,0,0,0,0,0,0,0,0,0,0,0,0,0,0,0,0,0,0,0,0,0,0,0,0,0,0,0
658.404,128882,14180208,Use a cabeça!: PMP / 2010,0,0,0,0,0,0,0,0,1,1,0,0,0,0,0,0,0,0,0,0,0,0,0,0,0,0,0,0,0,0,0,0,0,0,0,0,0,0,0,0,0,0,0,0,1,1,0,0
658.404,128882,14180213,Use a cabeça!: PMP / 2010,0,0,0,0,0,0,0,0,0,0,0,0,0,0,0,0,0,0,0,0,0,0,0,0,0,0,0,0,0,0,0,0,0,1,1,1,1,0,0,0,0,0,0,0,0,0,0,0
658.404,128882,14180203,Use a cabeça!: PMP / 2010,0,0,0,0,0,0,0,0,0,0,0,0,0,0,0,0,0,0,0,0,1,1,0,0,0,0,0,0,0,0,0,0,0,0,0,0,0,0,0,0,0,0,0,0,0,0,0,0
658.404,128882,14180200,Use a cabeça!: PMP / 2010,0,0,1,0,0,0,0,0,0,0,0,0,0,0,0,0,0,0,0,0,0,0,0,0,0,0,0,0,0,0,0,0,0,0,0,0,0,0,0,0,0,0,0,0,0,0,0,0
658.404,136711,14163372,"Gerência em projetos : pesquisa, desenvolvimento e engenharia / 2004",0,1,0,0,0,0,0,0,0,0,0,0,0,0,0,0,0,0,0,0,0,0,0,0,0,0,0,0,0,0,0,0,0,0,0,0,0,0,0,0,0,0,0,0,0,0,0,0
658.404,158516,14188705,AMA : manual de gerenciamento de projetos - 2. ed. / 2009,0,0,0,0,0,0,0,1,0,0,0,0,0,0,0,0,0,0,0,1,1,1,2,0,0,0,0,0,0,0,0,0,0,0,0,0,0,0,0,0,0,0,0,0,0,0,0,0
658.404,174894,14342103,Gerenciamento ágil de projetos : aplicação em produtos inovadores / 2011,0,0,0,0,0,1,1,0,0,0,0,0,0,0,0,0,0,0,0,0,0,0,0,0,0,0,0,0,0,0,0,0,1,0,0,0,0,0,0,0,0,0,0,0,0,0,0,0
658.404,211692,14342521,"Homem mais rico da Babilônia, O / 2022",0,0,0,0,0,0,0,0,0,0,1,1,0,0,0,0,0,1,0,1,0,0,0,0,0,0,0,0,0,0,1,0,1,0,1,1,0,0,0,0,0,0,0,0,0,1,0,0
658.404,216924,14363712,Gestão de produtos com scrum : Implementando métodos ágeis na criação e desenvolvimento de produtos / 2011,0,0,0,0,0,0,0,0,0,0,0,0,0,0,0,0,0,0,0,0,0,0,0,0,0,0,0,0,0,0,0,0,0,0,0,0,0,0,0,0,0,0,0,0,0,1,0,0
658.406,98716,14149081,Empreendedorismo estratégico : criação e gestão de pequenas empresas / 2008,1,1,0,0,1,1,0,0,0,0,0,0,0,0,0,1,2,1,0,1,0,0,0,0,0,0,0,0,0,0,0,0,0,0,0,0,0,0,0,0,0,0,0,0,0,0,0,0
658.406,155098,14185436,"Poder, cultura e ética nas organizações : o desafio das formas de gestão - 3. ed., rev. / 2012",0,0,0,0,0,0,0,0,0,0,0,0,0,0,1,1,1,2,1,2,1,0,0,0,0,0,0,0,0,0,0,0,0,0,0,0,0,0,0,0,0,0,0,0,0,0,0,0
658.406,155098,14185434,"Poder, cultura e ética nas organizações : o desafio das formas de gestão - 3. ed., rev. / 2012",0,0,0,0,0,1,0,0,0,0,0,0,0,0,1,2,1,1,0,1,0,0,0,0,0,0,0,0,0,0,0,0,0,0,0,0,0,0,0,0,0,0,0,0,0,0,0,0
658.406,155098,14185440,"Poder, cultura e ética nas organizações : o desafio das formas de gestão - 3. ed., rev. / 2012",0,0,0,0,0,0,0,0,0,0,0,0,0,0,1,1,1,1,1,0,0,0,0,0,0,0,0,0,0,0,0,0,0,0,0,0,0,0,0,0,0,0,0,0,0,0,0,0
658.406,155098,14185433,"Poder, cultura e ética nas organizações : o desafio das formas de gestão - 3. ed., rev. / 2012",0,0,0,0,0,0,0,0,0,0,0,0,0,0,1,1,1,1,0,0,0,0,0,0,0,0,0,0,0,0,0,0,0,0,0,0,0,0,0,0,0,0,0,0,0,0,0,0
658.406,155098,14185435,"Poder, cultura e ética nas organizações : o desafio das formas de gestão - 3. ed., rev. / 2012",0,0,0,0,0,0,0,0,0,0,0,0,0,0,1,1,0,0,0,0,0,0,0,0,0,0,0,0,0,0,0,0,0,0,0,0,0,0,0,1,0,0,0,0,1,0,0,0
658.406,155098,14185438,"Poder, cultura e ética nas organizações : o desafio das formas de gestão - 3. ed., rev. / 2012",0,0,0,0,0,0,0,0,0,0,0,0,0,0,1,1,1,1,0,0,0,0,0,0,0,0,0,0,0,0,0,0,0,0,0,0,0,0,0,0,0,0,0,0,0,0,0,0
658.406,155098,14185439,"Poder, cultura e ética nas organizações : o desafio das formas de gestão - 3. ed., rev. / 2012",0,0,0,0,0,0,0,0,0,0,0,0,0,0,1,1,1,0,0,0,0,0,0,0,0,0,0,0,0,0,0,0,0,0,0,0,0,0,0,0,0,0,0,0,0,0,0,0
658.406,155098,14185432,"Poder, cultura e ética nas organizações : o desafio das formas de gestão - 3. ed., rev. / 2012",0,0,0,0,0,0,0,0,0,0,0,0,0,0,1,1,0,0,0,0,0,0,0,0,0,0,0,0,0,0,0,0,0,0,0,0,0,0,0,0,0,0,0,0,0,0,0,0
658.406,155098,14185437,"Poder, cultura e ética nas organizações : o desafio das formas de gestão - 3. ed., rev. / 2012",0,0,0,0,0,0,0,0,0,0,0,0,0,0,1,1,0,0,0,0,0,0,0,0,0,0,0,0,0,0,0,0,0,0,0,0,0,0,0,0,0,0,0,0,0,0,0,0
658.406,214915,14360991,Arrume a sua cama : pequenas atitudes que podem mudar a sua vida- e talvez do mundo - 2. ed. / 2019,0,0,0,0,0,0,0,0,0,0,0,0,0,0,1,0,0,1,0,1,2,1,1,0,0,1,0,0,0,0,0,0,0,1,1,0,0,0,0,0,0,0,0,0,0,0,0,1
6.584.062,211475,14342109,Gestão da inovação tecnológica - 2. ed. / 2008,0,0,0,0,0,0,0,1,1,0,0,0,0,0,0,0,0,0,0,0,0,0,0,0,0,0,0,0,0,0,0,0,0,0,0,0,0,0,0,0,0,0,0,0,0,0,0,0
6.584.063,211539,14342328,Estratégia de inovação : oportunidades e competências / 2011,0,0,0,0,1,1,0,0,0,0,0,0,0,0,0,0,0,0,0,0,0,0,0,0,0,0,0,0,0,0,0,0,0,0,0,0,0,0,0,0,0,0,0,0,0,0,0,0
658.409,150048,14149216,Empreendedorismo: dando asas ao espírito empreendedor - 4.ed. / 2012,0,0,0,1,0,0,0,0,0,0,0,1,0,0,1,1,2,1,0,1,0,0,0,0,0,0,0,0,0,0,0,0,0,0,0,0,0,0,0,0,0,0,0,0,0,0,0,0
658.409,216943,14363740,Nove mitos sobre o trabalho: uma nova maneira de pensar cultura empresarial e liderança para promover o potencial criativo e a realização profissional das equipes / 2021,0,0,0,0,0,0,0,0,0,0,0,0,0,0,0,0,0,0,0,0,0,0,0,0,0,0,0,0,0,0,0,0,0,2,0,0,0,0,0,0,0,0,0,0,0,0,0,0
6.584.092,216950,14363746,"Cabeça do CEO: como pensam e agem os profissionais que chegaram ao mais alto degrau corporativo, A / 2013",0,0,0,0,0,0,0,0,0,0,0,0,0,0,0,0,0,0,0,0,0,0,0,0,0,0,1,0,0,0,0,1,1,1,0,0,0,1,0,1,0,0,0,0,0,0,0,0
658.42,98763,14157212,"Segredo de Luísa : uma idéia, uma paixão e um plano de negócios: como nasce o empreendedor e se cria uma empresa, O / 2008",0,0,0,0,0,0,0,1,1,0,0,1,0,0,1,1,1,1,2,1,0,0,0,0,0,0,0,0,0,0,1,0,0,0,0,0,0,0,0,0,0,0,0,0,0,0,0,0
658.42,98763,14157240,"Segredo de Luísa : uma idéia, uma paixão e um plano de negócios: como nasce o empreendedor e se cria uma empresa, O / 2008",0,0,0,0,0,0,0,0,0,0,0,0,0,0,1,2,1,1,1,1,0,0,0,0,0,0,0,0,0,0,0,0,0,0,0,0,0,0,0,0,0,0,0,0,0,0,0,1
658.42,98763,14157222,"Segredo de Luísa : uma idéia, uma paixão e um plano de negócios: como nasce o empreendedor e se cria uma empresa, O / 2008",0,0,0,0,0,0,0,1,1,1,1,0,0,0,0,0,0,0,0,0,0,0,0,0,0,0,0,0,0,0,0,0,0,0,0,0,0,0,0,0,0,0,0,0,0,0,0,0
658.42,98763,14157223,"Segredo de Luísa : uma idéia, uma paixão e um plano de negócios: como nasce o empreendedor e se cria uma empresa, O / 2008",1,1,1,1,0,0,0,0,0,0,0,0,0,0,0,0,0,0,0,0,0,0,0,0,0,0,0,0,0,0,0,0,0,0,0,0,0,0,0,0,0,0,0,0,0,0,0,0
658.42,98763,14157247,"Segredo de Luísa : uma idéia, uma paixão e um plano de negócios: como nasce o empreendedor e se cria uma empresa, O / 2008",0,0,1,1,1,1,0,0,0,0,0,0,0,0,0,0,0,0,0,0,0,0,0,0,0,0,0,0,0,0,0,0,0,0,0,0,0,0,0,0,0,0,0,0,0,0,0,0
658.42,98763,14157215,"Segredo de Luísa : uma idéia, uma paixão e um plano de negócios: como nasce o empreendedor e se cria uma empresa, O / 2008",1,1,1,0,0,0,0,0,0,0,0,0,0,0,0,0,0,0,0,0,0,0,0,0,0,0,0,0,0,0,0,0,0,0,0,0,0,0,0,0,0,0,0,0,0,0,0,0
658.42,98763,14157242,"Segredo de Luísa : uma idéia, uma paixão e um plano de negócios: como nasce o empreendedor e se cria uma empresa, O / 2008",0,0,0,0,0,0,0,1,0,0,0,0,0,0,1,1,0,0,0,0,0,0,0,0,0,0,0,0,0,0,0,0,0,0,0,0,0,0,0,0,0,0,0,0,0,0,0,0
658.42,98763,14157255,"Segredo de Luísa : uma idéia, uma paixão e um plano de negócios: como nasce o empreendedor e se cria uma empresa, O / 2008",0,0,0,0,0,0,0,0,0,0,0,0,0,0,1,1,1,0,0,0,0,0,0,0,0,0,0,0,0,0,0,0,0,0,0,0,0,0,0,0,0,0,0,0,0,0,0,0
658.42,98763,14157217,"Segredo de Luísa : uma idéia, uma paixão e um plano de negócios: como nasce o empreendedor e se cria uma empresa, O / 2008",0,0,0,0,0,0,0,0,0,0,0,0,0,0,1,1,0,0,0,0,0,0,0,0,0,0,0,0,0,0,0,0,0,0,0,0,0,0,0,0,0,0,0,0,0,0,0,0
658.42,98763,14157227,"Segredo de Luísa : uma idéia, uma paixão e um plano de negócios: como nasce o empreendedor e se cria uma empresa, O / 2008",1,1,0,0,0,0,0,0,0,0,0,0,0,0,0,0,0,0,0,0,0,0,0,0,0,0,0,0,0,0,0,0,0,0,0,0,0,0,0,0,0,0,0,0,0,0,0,0
658.42,98763,14157241,"Segredo de Luísa : uma idéia, uma paixão e um plano de negócios: como nasce o empreendedor e se cria uma empresa, O / 2008",0,0,0,0,0,0,0,0,0,0,0,0,0,0,1,1,0,0,0,0,0,0,0,0,0,0,0,0,0,0,0,0,0,0,0,0,0,0,0,0,0,0,0,0,0,0,0,0
658.42,98763,14344667,"Segredo de Luísa : uma idéia, uma paixão e um plano de negócios: como nasce o empreendedor e se cria uma empresa, O / 2008",0,0,0,0,0,0,0,0,0,0,0,0,0,0,0,0,0,0,0,0,0,0,0,0,0,0,0,0,0,0,0,0,1,1,0,0,0,0,0,0,0,0,0,0,0,0,0,0
658.42,98763,14157244,"Segredo de Luísa : uma idéia, uma paixão e um plano de negócios: como nasce o empreendedor e se cria uma empresa, O / 2008",0,0,0,0,0,0,0,1,0,0,0,0,0,0,0,0,0,0,0,0,0,0,0,0,0,0,0,0,0,0,0,0,0,0,0,0,0,0,0,0,0,0,0,0,0,0,0,0
658.42,98763,14157249,"Segredo de Luísa : uma idéia, uma paixão e um plano de negócios: como nasce o empreendedor e se cria uma empresa, O / 2008",0,0,0,0,0,0,0,1,0,0,0,0,0,0,0,0,0,0,0,0,0,0,0,0,0,0,0,0,0,0,0,0,0,0,0,0,0,0,0,0,0,0,0,0,0,0,0,0
658.42,152129,14160143,Empreendedorismo : transformando idéias em negócios - 5. ed. / 2014,0,0,0,0,0,0,0,0,0,0,0,0,0,0,1,2,1,1,1,1,2,1,1,0,0,0,1,0,0,0,0,0,0,0,0,0,0,0,0,0,0,0,0,0,0,0,0,0
658.42,152129,14160170,Empreendedorismo : transformando idéias em negócios - 5. ed. / 2014,0,0,0,0,0,0,0,0,2,1,1,1,0,0,1,1,1,1,0,0,0,0,0,0,0,0,0,0,0,0,0,0,0,0,0,0,0,0,0,0,0,0,0,0,0,0,0,0
658.42,152129,14160174,Empreendedorismo : transformando idéias em negócios - 5. ed. / 2014,0,0,0,0,0,0,0,0,0,0,0,0,0,0,1,1,1,1,0,1,1,1,1,0,0,0,0,0,0,0,0,0,0,0,0,0,0,0,0,0,0,0,0,0,0,0,0,0
658.42,152129,14160184,Empreendedorismo : transformando idéias em negócios - 5. ed. / 2014,0,0,0,0,0,0,0,0,0,0,0,0,0,0,1,1,1,1,0,0,0,0,0,0,0,0,1,1,0,0,0,0,1,0,0,0,0,0,0,1,0,0,0,0,0,0,0,0
658.42,152129,14160154,Empreendedorismo : transformando idéias em negócios - 5. ed. / 2014,0,0,0,0,0,0,0,1,1,0,0,0,0,1,1,1,1,0,0,0,0,0,0,0,0,0,0,0,0,0,0,0,0,0,0,0,0,0,0,0,0,0,0,0,0,0,0,0
658.42,152129,14160155,Empreendedorismo : transformando idéias em negócios - 5. ed. / 2014,1,1,1,1,0,0,0,1,1,0,0,0,0,0,0,0,0,0,0,0,0,0,0,0,0,0,0,0,0,0,0,0,0,0,0,0,0,0,0,0,0,0,0,0,0,0,0,0
658.42,152129,14160145,Empreendedorismo : transformando idéias em negócios - 5. ed. / 2014,0,0,0,0,0,0,0,0,0,0,0,0,0,0,1,1,1,0,1,0,0,0,0,0,0,0,0,0,0,0,0,0,0,0,0,0,0,0,0,0,0,0,0,0,0,0,0,0
658.42,152129,14160158,Empreendedorismo : transformando idéias em negócios - 5. ed. / 2014,0,0,0,0,0,0,0,1,1,0,0,0,0,0,0,0,0,0,0,0,0,0,0,0,0,0,0,0,0,0,0,0,0,0,0,0,0,0,0,2,0,0,0,0,0,0,0,0
658.42,152129,14160151,Empreendedorismo : transformando idéias em negócios - 5. ed. / 2014,0,0,0,0,0,0,0,0,0,0,0,0,0,0,1,1,0,0,0,0,0,0,0,0,0,0,0,0,0,0,0,0,0,0,0,0,0,0,0,0,0,0,0,0,0,0,0,0
658.42,152129,14160157,Empreendedorismo : transformando idéias em negócios - 5. ed. / 2014,1,1,0,0,0,0,0,0,0,0,0,0,0,0,0,0,0,0,0,0,0,0,0,0,0,0,0,0,0,0,0,0,0,0,0,0,0,0,0,0,0,0,0,0,0,0,0,0
658.42,152129,14160162,Empreendedorismo : transformando idéias em negócios - 5. ed. / 2014,0,0,0,0,0,0,0,1,1,0,0,0,0,0,0,0,0,0,0,0,0,0,0,0,0,0,0,0,0,0,0,0,0,0,0,0,0,0,0,0,0,0,0,0,0,0,0,0
658.42,152129,14160180,Empreendedorismo : transformando idéias em negócios - 5. ed. / 2014,0,0,0,0,0,0,0,0,0,0,0,0,0,0,0,0,0,0,0,0,0,0,0,0,0,0,0,0,0,0,0,0,0,0,0,0,0,0,0,1,0,1,0,0,0,0,0,0
658.42,152129,14160183,Empreendedorismo : transformando idéias em negócios - 5. ed. / 2014,0,0,0,0,0,0,0,1,0,0,0,0,0,0,0,0,0,0,0,0,0,0,0,0,0,1,0,0,0,0,0,0,0,0,0,0,0,0,0,0,0,0,0,0,0,0,0,0
658.42,152129,14160146,Empreendedorismo : transformando idéias em negócios - 5. ed. / 2014,0,0,0,0,0,0,0,0,0,0,0,0,0,0,0,0,0,0,0,0,0,0,0,0,0,0,0,0,0,0,1,0,0,0,0,0,0,0,0,0,0,0,0,0,0,0,0,0
658.42,152129,14160147,Empreendedorismo : transformando idéias em negócios - 5. ed. / 2014,1,0,0,0,0,0,0,0,0,0,0,0,0,0,0,0,0,0,0,0,0,0,0,0,0,0,0,0,0,0,0,0,0,0,0,0,0,0,0,0,0,0,0,0,0,0,0,0
658.42,152129,14160148,Empreendedorismo : transformando idéias em negócios - 5. ed. / 2014,0,0,0,0,0,0,0,0,0,0,0,0,0,0,0,1,0,0,0,0,0,0,0,0,0,0,0,0,0,0,0,0,0,0,0,0,0,0,0,0,0,0,0,0,0,0,0,0
658.42,152129,14160149,Empreendedorismo : transformando idéias em negócios - 5. ed. / 2014,0,0,0,0,0,0,0,0,0,0,0,0,0,0,0,0,0,0,0,0,0,0,0,0,0,0,0,0,0,0,0,0,0,0,0,0,0,0,0,1,0,0,0,0,0,0,0,0
658.42,152129,14160166,Empreendedorismo : transformando idéias em negócios - 5. ed. / 2014,0,0,0,0,0,0,0,1,0,0,0,0,0,0,0,0,0,0,0,0,0,0,0,0,0,0,0,0,0,0,0,0,0,0,0,0,0,0,0,0,0,0,0,0,0,0,0,0
658.42,152129,14160173,Empreendedorismo : transformando idéias em negócios - 5. ed. / 2014,0,0,0,0,0,0,0,0,0,0,0,0,0,0,0,0,0,0,0,0,0,0,0,0,0,0,0,0,0,0,0,0,0,0,0,0,0,0,0,1,0,0,0,0,0,0,0,0
658.421,150051,14149365,Empreendedorismo - 9.ed. / 2014,0,0,0,0,0,0,0,0,0,0,0,0,0,0,1,1,0,0,0,0,0,0,0,0,0,0,0,0,0,0,0,0,0,0,0,0,0,0,0,0,0,0,0,0,0,0,0,0
658.5,3181,14170335,"Just in time, MRP II e OPT : Um enfoque estrategico - 2. ed. / 1993",0,0,0,0,2,0,0,0,0,0,0,0,0,0,0,0,0,0,0,0,0,0,0,0,0,0,0,0,0,0,0,0,0,0,0,0,0,0,0,1,1,0,2,1,0,2,1,1
658.5,3181,14170338,"Just in time, MRP II e OPT : Um enfoque estrategico - 2. ed. / 1993",0,0,0,0,1,2,0,0,1,1,1,1,0,0,1,0,0,0,0,0,0,0,0,0,0,0,0,0,0,0,0,0,0,0,0,0,0,0,0,0,0,0,0,0,0,0,0,0
658.5,3181,14170331,"Just in time, MRP II e OPT : Um enfoque estrategico - 2. ed. / 1993",0,0,0,0,0,0,0,0,0,0,0,0,0,0,1,1,1,1,1,0,0,0,0,0,0,0,0,0,0,0,0,0,0,0,0,0,0,0,0,0,0,0,0,0,0,0,0,0
658.5,3181,14170334,"Just in time, MRP II e OPT : Um enfoque estrategico - 2. ed. / 1993",1,1,0,0,1,0,0,0,0,0,0,0,0,0,0,0,0,0,0,0,0,0,0,0,0,0,0,0,0,0,1,1,0,0,0,0,0,0,0,0,0,0,0,0,0,0,0,0
658.5,3181,14170337,"Just in time, MRP II e OPT : Um enfoque estrategico - 2. ed. / 1993",0,0,0,0,1,1,2,0,0,0,0,0,0,0,0,0,0,0,0,0,0,0,0,0,0,0,0,0,0,0,0,0,0,0,0,0,0,0,0,0,0,0,0,0,0,0,0,0
658.5,3181,14170336,"Just in time, MRP II e OPT : Um enfoque estrategico - 2. ed. / 1993",0,0,0,1,1,1,0,0,0,0,0,0,0,0,0,0,0,0,0,0,0,0,0,0,0,0,0,0,0,0,0,0,0,0,0,0,0,0,0,0,0,0,0,0,0,0,0,0
658.5,3181,14170339,"Just in time, MRP II e OPT : Um enfoque estrategico - 2. ed. / 1993",0,0,0,0,1,1,0,0,0,0,0,0,0,0,0,0,0,0,0,0,0,0,0,0,0,0,0,0,0,0,0,0,0,0,0,0,0,0,0,0,0,0,0,0,0,0,0,0
658.5,3181,14170330,"Just in time, MRP II e OPT : Um enfoque estrategico - 2. ed. / 1993",0,0,0,0,0,1,0,0,0,0,0,0,0,0,0,0,0,0,0,0,0,0,0,0,0,0,0,0,0,0,0,0,0,0,0,0,0,0,0,0,0,0,0,0,0,0,0,0
658.5,3181,14170332,"Just in time, MRP II e OPT : Um enfoque estrategico - 2. ed. / 1993",1,0,0,0,0,0,0,0,0,0,0,0,0,0,0,0,0,0,0,0,0,0,0,0,0,0,0,0,0,0,0,0,0,0,0,0,0,0,0,0,0,0,0,0,0,0,0,0
658.5,3181,14170333,"Just in time, MRP II e OPT : Um enfoque estrategico - 2. ed. / 1993",0,0,0,0,0,0,0,0,0,0,0,0,0,0,0,0,0,0,0,0,0,0,0,0,0,0,0,0,0,0,0,0,0,0,0,0,0,0,0,1,0,0,0,0,0,0,0,0
658.5,101881,14157470,"Planejamento, programação e controle da produção : MRP II/ERP : conceitos, uso e implantação ; base para SAP, oracle applications e outros softwares integrados de gestão - 5. ed. / 2007",0,0,0,0,1,0,1,0,0,0,0,0,0,0,1,1,1,1,1,0,0,0,0,0,0,0,0,0,0,0,0,0,0,0,0,0,0,0,0,0,0,0,0,0,1,0,1,1
658.5,108442,14149167,Administração da produção - 3. ed. / 2009,0,0,0,0,1,1,1,0,1,1,1,1,0,0,1,0,0,0,0,0,0,0,0,0,0,0,0,0,0,0,1,1,0,0,0,0,0,0,0,0,0,0,0,0,0,0,0,0
658.5,108442,14149175,Administração da produção - 3. ed. / 2009,1,0,0,0,0,1,1,1,1,1,1,1,1,0,1,0,0,0,0,0,0,0,0,0,0,0,0,0,0,0,0,0,0,0,0,0,0,0,0,0,0,0,0,0,0,0,0,0
658.5,108442,14149173,Administração da produção - 3. ed. / 2009,1,1,1,1,1,1,1,0,0,0,0,0,0,0,1,0,0,0,0,1,0,0,0,0,0,0,0,0,0,0,0,0,0,0,0,0,0,0,0,0,0,0,0,0,0,0,0,0
658.5,108442,14149176,Administração da produção - 3. ed. / 2009,0,0,0,0,1,1,1,0,0,0,0,0,0,0,0,0,0,0,0,0,0,0,0,0,0,0,0,0,0,0,0,0,0,0,0,0,0,0,0,0,0,0,0,0,1,1,1,1
658.5,108442,14149183,Administração da produção - 3. ed. / 2009,1,1,1,0,1,1,0,0,0,0,0,0,0,0,0,0,0,0,0,0,0,0,0,0,0,0,0,0,0,0,0,0,0,0,0,0,0,0,0,0,0,0,0,0,0,0,1,1
658.5,108442,14149180,Administração da produção - 3. ed. / 2009,0,0,0,0,1,0,1,0,1,0,0,0,0,0,0,0,0,0,0,0,1,0,1,0,0,0,0,0,0,0,0,0,0,0,0,0,0,0,0,0,0,0,0,0,0,0,0,0
658.5,108442,14149177,Administração da produção - 3. ed. / 2009,0,0,0,0,0,0,0,0,0,0,0,0,0,0,0,0,0,0,0,0,0,0,0,0,0,0,0,0,0,0,0,0,0,0,0,0,0,0,0,0,0,0,0,0,0,1,1,1
658.5,108442,14149178,Administração da produção - 3. ed. / 2009,1,1,0,0,1,0,0,0,0,0,0,0,0,0,0,0,0,0,0,0,0,0,0,0,0,0,0,0,0,0,0,0,0,0,0,0,0,0,0,0,0,0,0,0,0,0,0,0
658.5,108442,14149165,Administração da produção - 3. ed. / 2009,0,0,0,0,0,0,0,0,0,0,0,0,0,0,0,0,0,0,0,0,0,0,0,0,0,0,0,0,0,0,0,0,0,0,0,0,0,0,0,0,0,0,0,0,2,0,0,0
658.5,108442,14149166,Administração da produção - 3. ed. / 2009,1,1,0,0,0,0,0,0,0,0,0,0,0,0,0,0,0,0,0,0,0,0,0,0,0,0,0,0,0,0,0,0,0,0,0,0,0,0,0,0,0,0,0,0,0,0,0,0
658.5,108442,14149174,Administração da produção - 3. ed. / 2009,1,0,0,0,0,0,0,0,0,0,0,0,0,0,0,0,0,0,0,0,0,0,0,0,0,0,0,0,0,0,0,0,0,0,0,0,0,0,0,0,0,0,0,0,0,0,0,0
658.5,117679,14179153,Administração de produção e operações - 8. ed. / 2009,0,0,0,1,0,0,0,0,0,0,0,0,0,0,0,0,0,0,0,0,0,0,0,0,0,0,0,0,0,0,0,0,0,0,0,0,0,0,0,0,0,0,0,0,0,0,1,1
658.5,117679,14179155,Administração de produção e operações - 8. ed. / 2009,0,0,0,0,0,0,0,0,0,0,0,0,0,0,0,0,0,0,0,0,0,0,0,0,0,0,0,0,0,0,0,0,0,0,0,0,0,0,0,0,0,1,0,0,1,0,0,0
658.5,136822,14149504,Administração de produção e operações : manufatura e serviços : uma abordagem estratégica - 3. ed. / 2012,1,1,1,0,0,0,0,0,1,1,1,1,0,0,1,1,1,0,0,0,0,0,0,0,0,0,0,0,0,0,0,0,0,0,0,0,0,0,0,0,0,0,0,0,0,0,0,0
658.5,136822,14149498,Administração de produção e operações : manufatura e serviços : uma abordagem estratégica - 3. ed. / 2012,0,0,0,0,0,1,0,0,1,0,0,0,0,0,0,0,0,0,0,0,0,0,0,0,0,0,0,0,0,0,0,0,0,1,1,1,1,1,1,0,0,0,0,0,0,0,0,0
658.5,136822,14171973,Administração de produção e operações : manufatura e serviços : uma abordagem estratégica - 3. ed. / 2012,0,0,0,0,0,0,0,0,0,0,0,0,0,0,0,0,0,0,0,0,0,0,0,0,0,0,0,0,0,0,0,0,0,0,0,0,0,0,0,0,0,0,0,0,1,1,1,1
658.5,136822,14149502,Administração de produção e operações : manufatura e serviços : uma abordagem estratégica - 3. ed. / 2012,0,0,0,0,0,0,0,0,1,0,0,1,0,0,0,0,0,0,0,0,0,0,0,0,0,0,0,0,0,0,0,0,0,0,0,0,0,0,0,0,0,0,0,0,0,0,0,0
658.5,136822,14149503,Administração de produção e operações : manufatura e serviços : uma abordagem estratégica - 3. ed. / 2012,0,0,0,0,0,0,0,0,0,0,0,0,0,0,0,0,0,0,0,0,0,0,0,0,0,0,0,0,0,0,0,0,0,1,1,0,0,0,0,0,0,0,0,0,0,0,0,0
658.5,136822,14149505,Administração de produção e operações : manufatura e serviços : uma abordagem estratégica - 3. ed. / 2012,0,0,0,0,0,0,0,0,0,0,0,0,0,0,0,0,0,0,0,0,0,0,0,0,0,0,0,0,0,0,1,1,0,0,0,0,0,0,0,0,0,0,0,0,0,0,0,0
658.5,136822,14149500,Administração de produção e operações : manufatura e serviços : uma abordagem estratégica - 3. ed. / 2012,0,0,0,0,0,0,0,0,0,0,0,0,0,0,0,0,0,0,0,1,0,0,0,0,0,0,0,0,0,0,0,0,0,0,0,0,0,0,0,0,0,0,0,0,0,0,0,0
658.5,136822,14149506,Administração de produção e operações : manufatura e serviços : uma abordagem estratégica - 3. ed. / 2012,0,0,0,0,0,0,0,0,0,0,0,0,0,0,0,0,0,0,0,0,0,0,0,0,0,0,0,0,0,0,0,0,0,1,0,0,0,0,0,0,0,0,0,0,0,0,0,0
658.5,136822,14149507,Administração de produção e operações : manufatura e serviços : uma abordagem estratégica - 3. ed. / 2012,1,0,0,0,0,0,0,0,0,0,0,0,0,0,0,0,0,0,0,0,0,0,0,0,0,0,0,0,0,0,0,0,0,0,0,0,0,0,0,0,0,0,0,0,0,0,0,0
658.5,149631,14148716,Administração da produção fácil / 2012,0,0,0,0,1,1,1,0,1,1,1,1,0,0,1,0,0,0,0,0,0,0,0,0,0,0,0,0,0,0,0,0,0,0,0,0,0,0,0,0,0,0,0,0,0,0,0,0
658.5,153616,14166034,Logística reversa : processo a processo / 2013,0,0,0,0,0,0,0,0,0,0,0,0,0,0,1,1,1,1,1,1,1,1,1,0,0,0,1,0,0,0,0,0,0,0,0,0,0,0,0,1,0,0,0,0,0,0,0,0
658.5,153616,14166033,Logística reversa : processo a processo / 2013,0,0,0,0,0,0,0,0,0,0,0,0,0,1,1,1,1,0,0,0,0,0,0,0,0,0,0,0,0,0,0,0,0,0,0,0,0,0,0,0,0,0,0,0,0,0,0,0
658.5,171883,14294769,Gestão de processos e técnicas de produção enxuta / 2016,0,0,0,1,0,0,0,0,0,1,1,1,0,0,1,0,0,0,0,0,0,0,0,0,0,0,0,0,0,0,0,0,0,0,0,0,0,0,0,0,0,0,0,0,0,0,0,0
658.5,171890,14294770,Administração da produção e operações / 2016,0,0,0,0,0,0,0,0,0,1,1,1,0,0,1,0,0,0,0,0,0,0,0,0,0,0,0,0,0,0,0,0,0,0,0,0,0,0,0,0,0,0,0,0,0,0,0,0
658.5,191404,14302719,Administração da produção para a vantagem competitiva / 2006,0,0,0,0,0,0,0,0,0,2,0,0,0,2,1,1,2,1,1,1,1,1,0,0,0,0,0,0,0,0,0,0,0,0,0,0,0,0,0,0,0,0,0,0,1,0,0,2
658.5,211461,14342081,"Engenharia de produção na era da indústria 4.0: estudos de casos e benchmarking da indústria 4.0 /, A / 2021",0,0,0,0,2,1,1,0,0,1,1,1,0,0,1,0,0,0,0,0,0,0,0,0,0,0,0,0,0,0,0,1,1,1,1,0,0,0,0,0,0,0,0,0,0,0,0,0
658.51,154616,14170349,Introdução à engenharia de fabricação mecânica - 2. ed. / 2013,0,0,1,1,0,0,0,0,0,0,0,0,0,0,0,0,0,0,0,0,0,0,0,0,0,0,0,0,0,0,0,0,0,0,0,0,0,0,0,0,0,0,0,0,0,0,0,0
658.51,154616,14170353,Introdução à engenharia de fabricação mecânica - 2. ed. / 2013,0,0,0,0,0,0,0,1,0,0,0,0,0,0,0,0,0,0,0,0,0,0,0,0,0,0,0,0,0,0,0,0,0,0,0,0,0,0,0,0,0,0,0,0,0,0,0,0
658.542,191338,14302551,Cronoanálise - 15. ed. / 2004,0,0,0,0,0,0,0,0,1,0,0,0,0,0,0,0,0,0,0,0,0,0,0,0,0,1,0,0,0,0,0,0,0,0,0,0,0,0,0,0,0,0,0,0,0,0,0,0
6.585.423,49684,14148386,Estudo de movimentos e de tempos : projeto e medida do trabalho / 1977,0,0,0,0,0,0,0,1,1,1,1,0,0,0,0,0,0,0,0,0,0,0,0,0,0,0,0,0,0,0,0,0,0,0,0,0,0,0,0,0,0,0,0,0,1,1,1,0
6.585.423,49684,14148385,Estudo de movimentos e de tempos : projeto e medida do trabalho / 1977,0,0,0,0,0,0,0,1,1,0,0,0,0,0,0,0,0,0,0,0,0,0,0,0,0,0,0,0,0,0,0,0,0,0,0,0,0,0,0,0,0,0,0,0,1,1,1,1
6.585.423,49684,14148388,Estudo de movimentos e de tempos : projeto e medida do trabalho / 1977,0,0,0,0,0,0,0,1,0,1,1,1,0,0,0,0,0,0,0,0,0,0,0,0,0,0,0,0,0,0,0,0,0,0,0,0,0,0,0,0,0,0,0,0,1,0,0,0
6.585.423,49684,14148390,Estudo de movimentos e de tempos : projeto e medida do trabalho / 1977,0,0,0,0,0,0,0,1,0,0,0,0,0,0,0,0,0,0,0,0,0,0,0,0,0,0,0,0,0,0,0,0,0,0,0,0,0,0,0,0,0,0,0,1,1,0,0,2
6.585.423,49684,14148389,Estudo de movimentos e de tempos : projeto e medida do trabalho / 1977,0,0,0,0,0,0,0,1,0,2,0,0,0,0,0,0,0,0,0,0,0,0,0,0,0,0,0,0,0,0,0,0,0,0,0,0,0,0,0,0,0,0,0,0,1,0,0,0
6.585.423,49684,14148392,Estudo de movimentos e de tempos : projeto e medida do trabalho / 1977,0,0,0,0,0,0,0,1,1,1,1,0,0,0,0,0,0,0,0,0,0,0,0,0,0,0,0,0,0,0,0,0,0,0,0,0,0,0,0,0,0,0,0,0,0,0,0,0
6.585.423,49684,14148393,Estudo de movimentos e de tempos : projeto e medida do trabalho / 1977,1,0,0,0,0,0,0,1,1,1,0,0,0,0,0,0,0,0,0,0,0,0,0,0,0,0,0,0,0,0,0,0,0,0,0,0,0,0,0,0,0,0,0,0,0,0,0,0
6.585.423,49684,14148394,Estudo de movimentos e de tempos : projeto e medida do trabalho / 1977,0,0,0,0,0,0,0,1,1,1,1,0,0,0,0,0,0,0,0,0,0,0,0,0,0,0,0,0,0,0,0,0,0,0,0,0,0,0,0,0,0,0,0,0,0,0,0,0
6.585.423,49684,14148387,Estudo de movimentos e de tempos : projeto e medida do trabalho / 1977,0,0,0,0,0,0,0,1,0,0,0,0,0,0,0,0,0,0,0,0,0,0,0,0,0,0,0,0,0,0,0,0,0,0,0,0,0,0,0,0,0,0,0,0,0,0,0,0
6.585.423,49684,14342105,Estudo de movimentos e de tempos : projeto e medida do trabalho / 1977,0,0,0,0,0,0,0,1,0,0,0,0,0,0,0,0,0,0,0,0,0,0,0,0,0,0,0,0,0,0,0,0,0,0,0,0,0,0,0,0,0,0,0,0,0,0,0,0
658.562,74533,14166435,Introdução ao controle estatístico da qualidade - 4. ed. / 2004,1,1,1,1,0,0,0,1,1,2,1,0,0,0,1,0,0,0,0,1,0,0,0,0,0,0,0,0,0,0,0,0,0,0,0,0,0,0,0,0,0,0,0,0,0,0,0,0
658.562,74533,14166434,Introdução ao controle estatístico da qualidade - 4. ed. / 2004,2,0,1,0,0,0,0,1,1,1,1,0,0,0,0,0,0,0,0,0,0,0,0,0,0,0,0,0,0,0,0,0,0,0,0,0,0,0,0,0,0,0,0,0,0,0,0,0
658.562,74533,14166433,Introdução ao controle estatístico da qualidade - 4. ed. / 2004,0,0,0,0,0,0,0,1,1,1,1,1,0,0,1,0,0,0,0,0,0,0,0,0,0,0,0,0,0,0,0,0,0,0,0,0,0,0,0,0,0,0,0,0,0,0,0,0
658.562,74533,14166438,Introdução ao controle estatístico da qualidade - 4. ed. / 2004,1,0,0,0,0,0,0,1,1,1,1,1,0,0,0,0,0,0,0,0,0,0,0,0,0,0,0,0,0,0,0,0,0,0,0,0,0,0,0,0,0,0,0,0,0,0,0,0
658.562,74533,14166441,Introdução ao controle estatístico da qualidade - 4. ed. / 2004,0,0,0,0,0,0,0,1,1,2,2,0,0,0,0,0,0,0,0,0,0,0,0,0,0,0,0,0,0,0,0,0,0,0,0,0,0,0,0,0,0,0,0,0,0,0,0,0
658.562,74533,14166436,Introdução ao controle estatístico da qualidade - 4. ed. / 2004,0,0,0,0,0,0,0,1,1,1,1,1,0,0,0,0,0,0,0,0,0,0,0,0,0,0,0,0,0,0,0,0,0,0,0,0,0,0,0,0,0,0,0,0,0,0,0,0
658.562,74533,14166437,Introdução ao controle estatístico da qualidade - 4. ed. / 2004,0,0,0,0,0,0,0,1,1,1,1,1,0,0,0,0,0,0,0,0,0,0,0,0,0,0,0,0,0,0,0,0,0,0,0,0,0,0,0,0,0,0,0,0,0,0,0,0
658.562,74533,14166442,Introdução ao controle estatístico da qualidade - 4. ed. / 2004,0,0,0,0,0,0,0,1,1,1,1,1,0,0,0,0,0,0,0,0,0,0,0,0,0,0,0,0,0,0,0,0,0,0,0,0,0,0,0,0,0,0,0,0,0,0,0,0
658.562,74533,14166439,Introdução ao controle estatístico da qualidade - 4. ed. / 2004,0,0,0,0,0,0,0,1,0,1,1,1,0,0,0,0,0,0,0,0,0,0,0,0,0,0,0,0,0,0,0,0,0,0,0,0,0,0,0,0,0,0,0,0,0,0,0,0
658.562,74533,14166440,Introdução ao controle estatístico da qualidade - 4. ed. / 2004,0,0,0,0,0,0,0,0,1,0,0,0,0,0,0,0,0,0,0,0,0,0,0,0,0,0,0,0,0,0,0,0,0,0,0,0,0,0,0,0,0,0,0,0,0,0,0,0
658.562,74554,14150990,Controle estatístico de qualidade - 2. ed. / 2005,1,1,1,1,0,0,0,0,1,2,1,0,0,0,0,0,0,0,0,0,0,0,0,0,0,0,0,0,0,0,0,0,0,0,0,0,0,0,0,0,0,0,0,0,0,0,0,0
658.562,74554,14150993,Controle estatístico de qualidade - 2. ed. / 2005,1,1,0,0,0,0,0,0,2,1,0,0,0,0,0,0,0,0,0,0,0,0,0,0,0,0,0,0,0,0,0,0,0,0,0,0,0,0,0,0,0,0,0,0,0,0,0,0
658.562,74554,14150988,Controle estatístico de qualidade - 2. ed. / 2005,1,0,0,0,0,0,0,0,0,0,0,0,0,0,0,0,0,0,0,1,0,0,0,0,0,0,0,0,0,0,0,0,0,0,0,0,0,0,0,0,0,0,0,0,0,0,0,0
658.562,74554,14150987,Controle estatístico de qualidade - 2. ed. / 2005,1,0,0,0,0,0,0,0,0,0,0,0,0,0,0,0,0,0,0,0,0,0,0,0,0,0,0,0,0,0,0,0,0,0,0,0,0,0,0,0,0,0,0,0,0,0,0,0
658.562,115843,14342136,"QFD : desdobramento da função qualidade na gestão de desenvolvimento de produtos - 2. ed., rev. / 2010",0,0,0,0,0,0,0,1,1,0,0,0,0,1,1,1,1,1,0,0,0,0,0,1,0,0,1,0,0,0,0,0,0,0,0,0,0,0,0,0,0,0,0,0,0,0,0,0
658.562,128523,14335794,TQC : controle da qualidade total (no estilo japonês) - 8. ed. / 2004,1,0,0,0,1,1,1,0,0,1,1,1,0,0,1,0,0,0,0,0,0,0,0,0,0,0,0,0,0,0,1,1,0,0,0,0,0,0,0,0,1,0,2,1,0,2,1,1
658.562,152763,14162847,Gestão da qualidade : teoria e prática - 3.ed. / 2010,0,0,1,0,2,0,0,0,0,0,0,0,0,0,1,1,1,1,1,1,0,0,0,0,0,0,0,0,0,0,0,0,0,0,0,0,0,0,0,0,0,0,0,0,0,0,0,0
658.562,152763,14162841,Gestão da qualidade : teoria e prática - 3.ed. / 2010,1,1,0,0,0,0,0,0,0,0,0,0,0,1,1,1,1,1,0,0,0,0,0,0,0,0,0,0,0,0,0,0,0,0,0,0,0,0,0,0,0,0,0,0,0,0,0,0
658.562,152763,14162845,Gestão da qualidade : teoria e prática - 3.ed. / 2010,0,0,1,1,1,1,1,0,0,0,0,0,0,0,0,0,0,0,0,0,0,0,0,0,0,0,0,0,0,0,0,0,0,0,0,0,0,0,0,0,0,0,0,0,0,0,0,0
658.562,152763,14162849,Gestão da qualidade : teoria e prática - 3.ed. / 2010,0,0,0,0,0,0,1,0,0,0,0,0,0,0,0,0,0,0,0,0,0,0,0,0,0,0,0,0,0,0,0,0,0,0,1,0,0,0,0,1,0,1,0,0,1,0,0,0
658.562,152763,14162850,Gestão da qualidade : teoria e prática - 3.ed. / 2010,0,0,0,0,1,1,1,0,0,0,0,0,0,0,0,0,0,0,0,0,0,0,0,0,0,0,0,0,0,0,0,0,0,0,1,0,0,0,0,0,0,0,0,0,0,0,0,0
658.562,152763,14162844,Gestão da qualidade : teoria e prática - 3.ed. / 2010,0,0,0,0,1,1,1,0,0,0,0,0,0,0,0,0,0,0,0,0,0,0,0,0,0,0,0,0,0,0,0,0,0,0,0,0,0,0,0,0,0,0,0,0,0,0,0,0
658.562,152763,14162848,Gestão da qualidade : teoria e prática - 3.ed. / 2010,0,0,0,0,1,1,0,0,0,0,0,0,0,0,0,0,0,0,0,0,0,0,0,0,0,0,0,0,0,0,0,0,0,0,0,0,0,0,0,1,0,0,0,0,0,0,0,0
658.562,152763,14162843,Gestão da qualidade : teoria e prática - 3.ed. / 2010,1,0,0,0,0,0,0,0,0,0,0,0,0,0,0,0,0,0,0,0,0,0,0,0,0,0,0,0,0,0,0,0,0,0,0,0,0,0,0,0,0,0,0,0,0,0,0,0
658.562,152763,14162846,Gestão da qualidade : teoria e prática - 3.ed. / 2010,0,0,0,0,0,0,1,0,0,0,0,0,0,0,0,0,0,0,0,0,0,0,0,0,0,0,0,0,0,0,0,0,0,0,0,0,0,0,0,0,0,0,0,0,0,0,0,0
658.562,152961,14163346,Gerenciando a manutenção produtiva - 2. ed. / 2014,0,0,0,0,0,0,0,1,1,1,1,0,0,0,1,1,1,1,0,1,1,1,1,0,0,0,0,0,0,0,0,0,0,0,0,0,0,0,0,0,0,0,0,0,0,0,0,0
658.562,152961,14163355,Gerenciando a manutenção produtiva - 2. ed. / 2014,0,0,0,0,0,0,0,1,1,1,0,0,0,0,1,1,1,1,1,1,0,0,0,0,0,0,0,0,0,0,0,0,0,0,0,0,0,0,0,0,0,0,0,0,0,0,0,0
658.562,152961,14163353,Gerenciando a manutenção produtiva - 2. ed. / 2014,0,0,0,0,0,0,0,0,0,0,0,0,0,0,1,1,1,2,0,1,0,0,0,0,0,0,1,0,0,0,0,1,0,0,0,0,0,0,0,0,0,0,0,0,0,0,0,0
658.562,152961,14163350,Gerenciando a manutenção produtiva - 2. ed. / 2014,0,0,0,0,1,0,2,1,0,0,0,0,0,0,1,1,0,1,0,0,0,0,0,0,0,0,0,0,0,0,0,0,0,0,0,0,0,0,0,0,0,0,0,0,0,0,0,0
658.562,152961,14163347,Gerenciando a manutenção produtiva - 2. ed. / 2014,0,0,1,1,0,0,0,0,0,0,0,0,0,0,1,1,1,1,0,0,0,0,0,0,0,0,0,0,0,0,0,0,0,0,0,0,0,0,0,0,0,0,0,0,0,0,0,0
658.562,152961,14163352,Gerenciando a manutenção produtiva - 2. ed. / 2014,0,0,0,0,0,0,0,1,1,0,0,0,0,0,1,1,1,0,1,0,0,0,0,0,0,0,0,0,0,0,0,0,0,0,0,0,0,0,0,0,0,0,0,0,0,0,0,0
658.562,152961,14163351,Gerenciando a manutenção produtiva - 2. ed. / 2014,0,0,0,0,0,0,0,0,0,0,0,0,0,0,1,1,1,1,0,0,0,0,0,0,0,0,0,0,0,0,0,0,0,0,0,0,0,0,0,0,0,0,0,0,0,0,0,0
658.562,152961,14163348,Gerenciando a manutenção produtiva - 2. ed. / 2014,0,0,0,0,0,0,0,0,0,0,0,0,0,0,0,0,1,1,0,0,0,0,0,0,0,0,0,0,0,0,0,0,0,0,0,0,0,0,0,0,0,0,0,0,0,0,0,0
658.562,152961,14163354,Gerenciando a manutenção produtiva - 2. ed. / 2014,1,1,0,0,0,0,0,0,0,0,0,0,0,0,0,0,0,0,0,0,0,0,0,0,0,0,0,0,0,0,0,0,0,0,0,0,0,0,0,0,0,0,0,0,0,0,0,0
658.562,153473,14165067,"Gestão estratégica da qualidade: princípios, métodos e processos - 2.ed. / 2009",0,0,0,0,1,1,0,0,0,0,0,0,0,0,0,0,0,0,0,0,0,0,0,0,0,0,1,1,0,0,0,0,0,0,0,0,0,0,0,0,0,0,0,0,0,0,0,0
658.562,153473,14165069,"Gestão estratégica da qualidade: princípios, métodos e processos - 2.ed. / 2009",0,0,0,0,0,0,0,0,0,0,0,0,0,0,0,0,0,0,1,1,1,1,0,0,0,0,0,0,0,0,0,0,0,0,0,0,0,0,0,0,0,0,0,0,0,0,0,0
658.562,153473,14165063,"Gestão estratégica da qualidade: princípios, métodos e processos - 2.ed. / 2009",0,0,0,0,1,0,0,0,0,0,0,0,0,0,0,0,0,0,0,0,0,0,0,0,0,0,1,0,0,0,0,1,0,0,0,0,0,0,0,0,0,0,0,0,0,0,0,0
658.562,153473,14165076,"Gestão estratégica da qualidade: princípios, métodos e processos - 2.ed. / 2009",0,0,0,0,1,1,1,0,0,0,0,0,0,0,0,0,0,0,0,0,0,0,0,0,0,0,0,0,0,0,0,0,0,0,0,0,0,0,0,0,0,0,0,0,0,0,0,0
658.562,153473,14165074,"Gestão estratégica da qualidade: princípios, métodos e processos - 2.ed. / 2009",0,0,0,0,1,0,1,0,0,0,0,0,0,0,0,0,0,0,0,0,0,0,0,0,0,0,0,0,0,0,0,0,0,0,0,0,0,0,0,0,0,0,0,0,0,0,0,0
658.562,153473,14165068,"Gestão estratégica da qualidade: princípios, métodos e processos - 2.ed. / 2009",0,0,0,0,1,0,0,0,0,0,0,0,0,0,0,0,0,0,0,0,0,0,0,0,0,0,0,0,0,0,0,0,0,0,0,0,0,0,0,0,0,0,0,0,0,0,0,0
658.562,153473,14165071,"Gestão estratégica da qualidade: princípios, métodos e processos - 2.ed. / 2009",0,0,0,0,1,0,0,0,0,0,0,0,0,0,0,0,0,0,0,0,0,0,0,0,0,0,0,0,0,0,0,0,0,0,0,0,0,0,0,0,0,0,0,0,0,0,0,0
658.562,153473,14165075,"Gestão estratégica da qualidade: princípios, métodos e processos - 2.ed. / 2009",0,0,0,0,1,0,0,0,0,0,0,0,0,0,0,0,0,0,0,0,0,0,0,0,0,0,0,0,0,0,0,0,0,0,0,0,0,0,0,0,0,0,0,0,0,0,0,0
658.562,157058,14183876,Gestão da Qualidade : Teoria e casos - 2. ed. rev. e ampl. / 2012,0,0,0,1,1,1,1,0,0,0,0,0,0,1,1,1,1,1,0,0,0,0,0,0,0,0,0,0,0,0,0,0,0,0,0,0,0,0,0,1,0,0,0,0,0,0,0,0
658.562,186292,14278889,"qualidade desde o projeto : os novos passos para o planejamento da qualidade em produtos e serviços, A - 2.ed / 1992",1,1,0,0,1,1,1,0,0,0,0,0,0,0,0,0,0,0,0,0,0,0,0,0,0,0,0,0,0,0,0,0,0,0,0,0,0,0,0,0,0,0,0,0,0,0,0,0
658.575,151662,14159041,Projeto do produto e do processo / 2010,0,0,1,1,0,0,0,1,1,1,0,0,0,0,0,0,1,1,0,1,1,1,1,1,0,0,1,0,0,0,0,0,0,0,1,0,0,0,0,0,0,0,0,0,0,0,0,0
658.575,211509,14342183,Innovations of kansei engineering / 2011,0,0,0,0,0,0,0,0,0,1,0,0,0,0,0,0,0,0,0,0,0,0,0,0,0,0,0,0,0,0,0,0,0,0,0,0,0,0,0,0,0,0,0,0,0,0,0,0
6.585.752,126749,14155208,Projeto de produto : guia prático para o design de novos produtos - 3. ed. / 2011,0,0,0,0,0,0,0,1,1,1,1,1,0,0,1,1,0,0,0,0,0,1,1,1,0,0,1,0,0,0,0,0,0,1,0,2,1,1,1,1,1,0,0,0,0,0,0,0
6.585.752,126749,14155202,Projeto de produto : guia prático para o design de novos produtos - 3. ed. / 2011,0,0,0,0,0,0,1,1,1,0,0,0,0,0,0,0,0,0,0,0,0,0,0,0,0,0,0,0,0,0,0,0,0,1,1,0,0,0,0,0,0,0,0,0,0,0,0,0
6.585.752,126749,14155205,Projeto de produto : guia prático para o design de novos produtos - 3. ed. / 2011,0,0,0,0,1,1,1,0,1,1,0,0,0,0,0,0,0,0,0,0,0,0,0,0,0,0,0,0,0,0,0,0,0,0,0,0,0,0,0,0,0,0,0,0,0,0,0,0
6.585.752,126749,14155193,Projeto de produto : guia prático para o design de novos produtos - 3. ed. / 2011,0,0,0,0,0,0,0,1,1,1,1,0,0,0,0,0,0,0,0,0,0,0,0,0,0,0,0,0,0,0,0,0,0,0,0,0,0,0,0,0,0,0,0,0,0,0,0,0
6.585.752,126749,14155204,Projeto de produto : guia prático para o design de novos produtos - 3. ed. / 2011,0,0,0,0,0,0,0,1,1,0,0,0,0,0,0,0,0,0,0,0,0,0,0,0,0,0,0,0,0,0,0,0,0,0,0,0,0,0,0,1,0,0,0,0,0,0,0,0
6.585.752,126749,14155200,Projeto de produto : guia prático para o design de novos produtos - 3. ed. / 2011,0,0,0,0,0,0,0,1,1,0,0,0,0,0,0,0,0,0,0,0,0,0,0,0,0,0,0,0,0,0,0,0,0,0,0,0,0,0,0,0,0,0,0,0,0,0,0,0
6.585.752,126749,14155206,Projeto de produto : guia prático para o design de novos produtos - 3. ed. / 2011,0,0,0,0,0,0,0,1,1,0,0,0,0,0,0,0,0,0,0,0,0,0,0,0,0,0,0,0,0,0,0,0,0,0,0,0,0,0,0,0,0,0,0,0,0,0,0,0
6.585.752,126749,14155201,Projeto de produto : guia prático para o design de novos produtos - 3. ed. / 2011,0,0,0,0,0,0,0,0,0,0,0,0,0,0,0,0,0,0,0,0,0,0,0,0,0,0,0,0,0,0,0,0,0,0,0,1,0,0,0,0,0,0,0,0,0,0,0,0
6.585.752,126749,14155207,Projeto de produto : guia prático para o design de novos produtos - 3. ed. / 2011,0,0,0,0,0,0,0,1,0,0,0,0,0,0,0,0,0,0,0,0,0,0,0,0,0,0,0,0,0,0,0,0,0,0,0,0,0,0,0,0,0,0,0,0,0,0,0,0
658.78,3787,14164858,"Logística empresarial: transportes, administração de materiais e distribuição física / 1993",1,1,1,1,1,1,1,1,0,0,0,0,0,0,1,1,1,1,0,1,2,1,0,0,0,0,1,1,0,0,0,1,1,1,0,0,0,0,0,0,0,0,0,0,0,0,0,0
658.78,3787,14164859,"Logística empresarial: transportes, administração de materiais e distribuição física / 1993",1,1,0,0,0,1,1,2,1,0,0,1,0,1,1,1,1,0,0,1,2,1,1,0,0,0,1,0,0,0,0,0,0,0,0,0,0,0,0,0,0,0,0,0,0,0,0,0
658.78,99513,14164643,Gerenciamento da cadeia de suprimentos/logística empresarial - 5. ed. / 2006,1,1,0,0,0,1,0,1,1,1,1,0,0,1,1,1,1,0,0,0,2,1,0,0,0,0,0,0,0,0,0,0,0,0,0,0,0,0,0,0,0,0,0,0,0,0,0,0
658.78,99513,14164639,Gerenciamento da cadeia de suprimentos/logística empresarial - 5. ed. / 2006,1,0,0,0,0,0,0,0,0,1,1,1,0,0,0,0,0,0,0,0,0,0,0,0,0,0,0,0,0,0,0,0,0,0,0,0,0,0,0,0,1,0,2,1,0,2,1,1
658.78,99513,14164644,Gerenciamento da cadeia de suprimentos/logística empresarial - 5. ed. / 2006,1,1,1,1,1,1,1,1,1,2,0,0,0,0,0,0,0,0,0,0,0,0,0,0,0,0,0,0,0,0,0,0,0,0,0,0,0,0,0,0,0,0,0,0,0,0,0,0
658.78,99513,14164652,Gerenciamento da cadeia de suprimentos/logística empresarial - 5. ed. / 2006,0,0,0,0,0,0,0,0,1,1,1,1,0,0,1,0,0,0,0,0,0,0,0,0,0,1,1,1,0,0,0,0,0,0,0,0,0,0,0,1,0,0,0,0,0,0,0,0
658.78,99513,14164647,Gerenciamento da cadeia de suprimentos/logística empresarial - 5. ed. / 2006,1,0,0,0,0,0,0,0,0,1,0,0,0,0,0,0,0,0,0,1,2,1,1,0,0,0,1,0,0,0,0,0,0,0,0,0,0,0,0,0,0,0,0,0,0,0,0,0
658.78,99513,14164640,Gerenciamento da cadeia de suprimentos/logística empresarial - 5. ed. / 2006,0,0,0,0,0,0,0,0,0,1,0,0,0,0,0,0,0,0,0,1,1,1,1,0,0,0,0,0,0,0,0,0,0,0,0,0,0,0,0,0,0,0,0,0,0,0,0,0
658.78,99513,14164649,Gerenciamento da cadeia de suprimentos/logística empresarial - 5. ed. / 2006,0,0,0,0,0,0,0,0,1,0,0,0,0,0,0,0,0,0,0,1,1,1,1,0,0,0,0,0,0,0,0,0,0,0,0,0,0,0,0,0,0,0,0,0,0,0,0,0
658.78,99513,14164634,Gerenciamento da cadeia de suprimentos/logística empresarial - 5. ed. / 2006,1,1,1,0,0,0,0,0,0,1,0,0,0,0,0,0,0,0,0,0,0,0,0,0,0,0,0,0,0,0,0,0,0,0,0,0,0,0,0,0,0,0,0,0,0,0,0,0
658.78,99513,14164635,Gerenciamento da cadeia de suprimentos/logística empresarial - 5. ed. / 2006,0,0,0,0,0,0,0,1,1,1,1,0,0,0,0,0,0,0,0,0,0,0,0,0,0,0,0,0,0,0,0,0,0,0,0,0,0,0,0,0,0,0,0,0,0,0,0,0
658.78,99513,14164646,Gerenciamento da cadeia de suprimentos/logística empresarial - 5. ed. / 2006,0,0,0,0,0,0,0,0,0,1,1,0,0,0,0,0,0,0,0,0,0,0,0,0,0,0,0,0,0,0,0,0,0,0,0,0,0,0,0,1,0,0,0,0,0,0,0,0
658.78,99513,14164648,Gerenciamento da cadeia de suprimentos/logística empresarial - 5. ed. / 2006,0,0,0,0,0,0,0,1,0,0,0,0,0,0,0,0,0,0,0,0,0,0,0,0,0,0,0,0,0,0,0,0,0,0,0,0,0,0,0,1,0,0,0,0,0,0,0,0
658.78,99513,14164633,Gerenciamento da cadeia de suprimentos/logística empresarial - 5. ed. / 2006,0,0,0,0,0,0,0,0,0,1,0,0,0,0,0,0,0,0,0,0,0,0,0,0,0,0,0,0,0,0,0,0,0,0,0,0,0,0,0,0,0,0,0,0,0,0,0,0
658.78,99513,14164636,Gerenciamento da cadeia de suprimentos/logística empresarial - 5. ed. / 2006,1,0,0,0,0,0,0,0,0,0,0,0,0,0,0,0,0,0,0,0,0,0,0,0,0,0,0,0,0,0,0,0,0,0,0,0,0,0,0,0,0,0,0,0,0,0,0,0
658.78,99513,14164641,Gerenciamento da cadeia de suprimentos/logística empresarial - 5. ed. / 2006,0,0,0,0,0,0,0,0,0,1,0,0,0,0,0,0,0,0,0,0,0,0,0,0,0,0,0,0,0,0,0,0,0,0,0,0,0,0,0,0,0,0,0,0,0,0,0,0
658.78,100947,14342102,Logística na cadeia de suprimentos : uma perspectiva gerencial / 2006,0,0,0,0,0,0,0,1,1,2,2,0,0,0,1,0,0,0,0,0,0,0,0,0,0,0,0,0,0,0,0,0,0,0,0,0,0,0,0,0,0,0,0,0,0,0,0,0
658.78,103123,14160638,Logística e gerenciamento da cadeia de abastecimento - 2. ed. rev. e ampl. / 2009,0,0,0,0,0,0,0,1,1,1,0,1,0,1,1,1,1,0,0,0,2,1,0,0,0,0,0,0,0,0,0,0,0,0,0,0,0,0,0,0,0,0,0,0,0,0,0,0
658.78,103123,14160639,Logística e gerenciamento da cadeia de abastecimento - 2. ed. rev. e ampl. / 2009,1,1,0,0,0,0,0,1,1,0,0,0,0,0,0,0,0,0,0,1,2,1,1,0,0,0,1,0,0,0,0,0,0,0,0,0,0,0,0,0,0,0,0,0,0,0,0,0
658.78,103123,14160625,Logística e gerenciamento da cadeia de abastecimento - 2. ed. rev. e ampl. / 2009,0,0,0,0,0,0,0,1,1,1,1,1,0,0,0,0,0,0,0,0,0,0,0,0,0,0,0,0,0,0,0,0,0,0,0,0,0,0,0,0,0,0,0,0,0,0,0,0
658.78,103123,14160622,Logística e gerenciamento da cadeia de abastecimento - 2. ed. rev. e ampl. / 2009,0,0,0,0,0,0,0,1,1,1,0,1,0,0,0,0,0,0,0,0,0,0,0,0,0,0,0,0,0,0,0,0,0,0,0,0,0,0,0,0,0,0,0,0,0,0,0,0
658.78,103123,14160635,Logística e gerenciamento da cadeia de abastecimento - 2. ed. rev. e ampl. / 2009,0,0,0,0,0,0,0,0,0,0,0,0,0,0,0,0,0,0,0,1,1,2,0,0,0,0,0,0,0,0,0,0,0,0,0,0,0,0,0,0,0,0,0,0,0,0,0,0
658.78,103123,14160627,Logística e gerenciamento da cadeia de abastecimento - 2. ed. rev. e ampl. / 2009,0,0,0,0,0,0,0,0,0,1,0,0,0,0,0,0,0,0,1,1,0,0,0,0,0,0,0,0,0,0,0,0,0,0,0,0,0,0,0,0,0,0,0,0,0,0,0,0
658.78,103123,14160633,Logística e gerenciamento da cadeia de abastecimento - 2. ed. rev. e ampl. / 2009,0,0,0,0,0,0,0,0,0,1,0,0,0,0,0,0,0,1,0,1,0,0,0,0,0,0,0,0,0,0,0,0,0,0,0,0,0,0,0,0,0,0,0,0,0,0,0,0
658.78,103123,14160632,Logística e gerenciamento da cadeia de abastecimento - 2. ed. rev. e ampl. / 2009,0,0,0,0,0,0,0,1,1,0,0,0,0,0,0,0,0,0,0,0,0,0,0,0,0,0,0,0,0,0,0,0,0,0,0,0,0,0,0,0,0,0,0,0,0,0,0,0
658.78,103123,14160630,Logística e gerenciamento da cadeia de abastecimento - 2. ed. rev. e ampl. / 2009,1,0,0,0,0,0,0,0,0,0,0,0,0,0,0,0,0,0,0,0,0,0,0,0,0,0,0,0,0,0,0,0,0,0,0,0,0,0,0,0,0,0,0,0,0,0,0,0
658.8,143557,14149157,Administração de marketing - 14. ed. / 2012,1,1,0,0,1,1,0,0,1,0,0,0,0,0,0,0,0,0,0,0,0,0,0,0,0,0,0,0,0,0,0,0,0,0,0,0,0,0,0,0,0,0,0,0,0,0,0,0
658.8,143557,14149154,Administração de marketing - 14. ed. / 2012,0,0,0,0,1,1,0,0,0,0,0,0,0,0,0,0,0,0,0,0,0,0,0,0,0,0,0,0,0,0,0,0,0,0,0,0,0,0,0,0,0,0,0,0,0,0,0,0
658.8,143557,14149155,Administração de marketing - 14. ed. / 2012,0,0,0,0,0,1,1,0,0,0,0,0,0,0,0,0,0,0,0,0,0,0,0,0,0,0,0,0,0,0,0,0,0,0,0,0,0,0,0,0,0,0,0,0,0,0,0,0
658.8,143557,14149158,Administração de marketing - 14. ed. / 2012,0,0,0,0,1,1,0,0,0,0,0,0,0,0,0,0,0,0,0,0,0,0,0,0,0,0,0,0,0,0,0,0,0,0,0,0,0,0,0,0,0,0,0,0,0,0,0,0
658.8,143557,14149159,Administração de marketing - 14. ed. / 2012,0,0,0,0,0,0,0,0,0,0,0,0,0,0,0,0,0,0,0,0,0,0,0,0,0,0,0,0,0,0,0,0,0,0,0,0,0,0,0,0,1,1,0,0,0,0,0,0
658.8,143557,14149161,Administração de marketing - 14. ed. / 2012,1,1,0,0,0,0,0,0,0,0,0,0,0,0,0,0,0,0,0,0,0,0,0,0,0,0,0,0,0,0,0,0,0,0,0,0,0,0,0,0,0,0,0,0,0,0,0,0
658.8,156529,14181036,Administração mercadológica : teoria e pesquisas / 2009,0,0,0,0,1,0,0,0,0,0,0,0,0,0,0,0,0,0,0,0,0,0,0,0,0,0,0,0,0,0,0,0,0,0,0,0,0,0,0,0,0,0,0,0,0,0,0,0
658.8,156532,14181038,Administração mercadológica : teoria e pesquisas / 2006,0,0,0,0,1,1,0,0,0,0,0,0,0,0,0,0,0,0,0,0,0,0,0,0,0,0,0,0,0,0,0,0,0,0,0,0,0,0,0,0,0,0,0,0,0,0,0,0
658.8,157288,14185173,"Pesquisa de marketing : edição compacta - 5. ed. rev., atual. / 2012",0,0,0,0,0,0,0,0,0,0,0,0,0,0,1,0,0,0,0,0,0,0,0,0,0,0,0,0,0,0,0,0,0,0,0,0,0,0,0,0,0,0,0,0,0,0,0,0
658.8,157288,14185177,"Pesquisa de marketing : edição compacta - 5. ed. rev., atual. / 2012",0,0,0,0,0,0,0,0,0,0,0,0,0,0,0,0,0,0,0,0,0,0,0,0,0,0,0,0,0,0,0,0,0,0,0,0,0,0,0,0,1,0,0,0,0,0,0,0
658.8,158210,14188496,Administração mercadológica : teoria e pesquisas / 2004,0,0,0,0,2,1,1,0,0,0,0,0,0,0,0,0,0,0,0,0,0,0,0,0,0,0,0,0,0,0,0,0,0,0,0,0,0,0,0,0,0,0,0,0,0,0,0,0
660.283,108747,14341318,Materiais para equipamentos de processo - 6. ed. / 2003,0,0,0,0,0,0,0,0,0,0,0,0,0,0,0,0,0,0,0,0,0,0,2,0,0,0,0,0,0,0,0,0,0,0,0,0,0,0,0,0,0,0,0,0,0,0,0,0
669.9,24483,14174924,Mechanical metallurgy - 3.ed. / c1986,0,0,0,0,0,1,0,1,1,1,1,0,0,0,0,0,0,0,0,0,0,0,0,0,0,0,0,0,0,0,0,0,0,0,0,0,0,0,0,0,0,0,0,0,0,0,0,0
669.9,24483,14174926,Mechanical metallurgy - 3.ed. / c1986,0,0,0,0,0,0,0,1,1,1,0,0,0,0,0,0,0,0,0,0,0,0,0,0,0,0,0,0,0,0,0,0,0,0,0,0,0,0,0,0,0,0,0,0,0,0,0,0
669.9,24483,14174931,Mechanical metallurgy - 3.ed. / c1986,0,0,0,0,0,0,0,0,0,0,0,0,0,0,0,0,0,0,0,0,0,0,0,0,0,0,0,0,0,0,0,2,0,0,0,0,0,0,0,0,0,0,0,0,0,0,0,0
669.9,24483,14174927,Mechanical metallurgy - 3.ed. / c1986,0,0,0,0,0,0,0,1,0,0,0,0,0,0,0,0,0,0,0,0,0,0,0,0,0,0,0,0,0,0,0,0,0,0,0,0,0,0,0,0,0,0,0,0,0,0,0,0
670,90887,14342096,Gestão do ciclo de vida dos produtos / 2005,0,0,0,0,0,0,0,0,0,0,0,0,0,0,0,0,0,0,0,0,0,0,0,1,0,0,1,0,0,0,0,0,0,0,0,0,0,0,0,0,0,0,0,0,0,0,0,0
670.42,155460,14173986,Manufacturing Engineering and Technology - 7th. ed. / 2014,2,1,1,1,1,1,2,1,1,1,1,1,0,0,1,2,1,1,0,1,1,1,1,1,0,0,1,1,0,1,0,1,1,1,1,1,0,0,0,0,0,0,0,0,0,0,0,0
670.42,209621,14338484,"Montagens industriais : planejamento, execução e controle - 3. ed. rev. amp. / 2009",0,0,0,0,0,0,0,1,0,0,0,0,0,0,0,0,0,0,0,1,1,1,1,0,0,0,0,0,0,0,1,1,0,0,0,0,0,0,0,0,0,0,0,0,0,0,0,0
671.35,21555,14164231,Usinagem dos metais / 1970,2,1,1,1,1,1,2,1,2,1,1,1,0,0,1,2,1,1,0,1,1,1,1,1,0,0,1,1,0,1,0,1,1,1,1,1,0,0,0,0,0,0,0,0,1,0,0,0
671.35,139873,14156684,Tecnologia da usinagem dos materiais - 8. ed. / 2013,2,1,1,1,1,1,2,1,1,1,1,0,0,0,0,0,0,0,0,1,1,1,1,0,0,0,0,0,0,0,0,0,0,0,0,0,0,0,0,0,0,0,0,0,0,0,0,0
671.35,139873,14156688,Tecnologia da usinagem dos materiais - 8. ed. / 2013,0,0,0,0,0,0,0,1,1,1,1,0,0,0,0,0,0,0,0,1,1,1,1,0,0,0,0,0,0,0,0,0,1,1,1,1,1,1,0,0,0,0,0,0,1,0,0,0
671.35,139873,14156681,Tecnologia da usinagem dos materiais - 8. ed. / 2013,0,0,0,0,0,0,0,1,1,1,0,0,0,0,0,0,0,0,0,1,1,1,1,0,0,0,0,0,0,0,0,1,0,1,1,1,1,1,0,1,0,0,0,0,0,0,0,0
671.35,139873,14156682,Tecnologia da usinagem dos materiais - 8. ed. / 2013,0,0,0,0,0,0,0,1,1,1,1,0,0,0,0,0,0,0,0,1,1,1,1,0,0,0,0,0,0,0,0,0,1,1,1,1,1,0,0,0,0,0,0,0,1,0,0,0
671.35,139873,14156680,Tecnologia da usinagem dos materiais - 8. ed. / 2013,1,1,1,0,0,0,0,1,1,1,1,0,0,0,0,0,0,0,0,1,1,1,1,0,0,0,0,0,0,0,0,0,0,0,0,0,0,0,0,0,0,0,0,0,0,1,0,0
671.35,139873,14156685,Tecnologia da usinagem dos materiais - 8. ed. / 2013,0,0,0,0,0,0,0,1,1,1,0,0,0,0,0,0,0,0,0,1,1,1,1,0,0,0,0,0,0,0,0,0,0,0,0,0,0,0,0,0,0,0,0,0,0,0,0,0
671.35,139873,14156687,Tecnologia da usinagem dos materiais - 8. ed. / 2013,0,0,0,0,0,0,0,1,2,1,0,0,0,0,0,0,0,0,0,1,1,1,0,0,0,0,0,0,0,0,0,0,0,0,0,0,0,0,0,0,0,0,0,0,0,0,0,0
671.35,139873,14156679,Tecnologia da usinagem dos materiais - 8. ed. / 2013,0,0,0,0,0,0,0,1,1,0,0,0,0,0,0,0,0,0,0,1,1,1,1,0,0,0,0,0,0,0,0,0,0,0,0,0,0,0,0,0,0,0,0,0,0,0,0,0
671.35,139873,14156683,Tecnologia da usinagem dos materiais - 8. ed. / 2013,0,0,0,0,0,0,0,1,0,1,0,0,0,0,0,0,0,0,0,1,1,0,0,0,0,0,0,0,0,0,0,0,0,0,0,0,0,0,0,0,0,0,0,0,0,0,0,0
671.52,21100,14168325,Soldagem : processos e metalurgia / 1992,1,1,2,0,0,0,0,1,1,1,1,0,0,0,0,0,2,1,0,0,1,1,1,0,0,0,0,0,0,0,0,1,0,1,1,1,1,1,0,1,0,0,0,0,0,0,0,0
671.52,21100,14181581,Soldagem : processos e metalurgia / 1992,0,0,0,0,0,0,0,1,0,0,1,1,0,0,1,0,0,0,0,1,1,1,2,0,0,0,1,1,0,0,0,1,1,1,1,0,0,0,0,0,0,0,0,0,0,0,0,0
671.52,21100,14338475,Soldagem : processos e metalurgia / 1992,0,0,0,0,0,0,0,1,1,1,1,0,0,0,0,0,0,0,0,1,1,1,1,0,0,0,0,0,0,0,0,0,0,0,2,1,1,1,0,0,0,0,0,0,0,0,0,0
671.52,155464,14174118,Modern Welding Technology - 6th ed. / 2005,0,0,0,0,0,0,0,0,2,0,0,0,0,0,0,0,0,0,0,0,0,0,0,0,0,0,0,0,0,0,0,0,0,0,0,0,0,0,0,0,0,0,0,0,0,0,0,0
671.52,158481,14188588,Advanced welding processes / 1992,0,0,0,0,0,0,0,0,0,0,0,0,0,0,0,0,0,0,0,0,0,0,0,0,0,0,0,0,0,0,0,0,0,0,0,2,1,0,0,0,0,0,0,0,0,0,0,0
671.52,209655,14338591,Soldagem : fundamentos e tecnologia - 3. ed. atual. / 2009,0,0,0,0,0,0,0,1,0,0,0,0,0,0,0,0,1,1,0,0,1,1,2,0,0,0,1,1,0,0,0,1,1,1,1,1,0,0,0,0,0,0,0,0,0,0,0,0
672,19879,14148669,"Aços e ferros fundidos : características gerais, tratamentos térmicos, principais tipos - 7. ed. amp. e rev. / 1996",0,0,0,0,0,0,0,0,0,0,0,0,0,0,1,1,1,1,0,1,1,1,1,1,0,0,1,0,0,0,0,1,1,0,2,1,1,1,0,1,0,0,0,0,0,0,0,0
672,19879,14148668,"Aços e ferros fundidos : características gerais, tratamentos térmicos, principais tipos - 7. ed. amp. e rev. / 1996",0,0,1,1,0,0,0,0,0,0,0,0,0,0,0,0,1,1,0,1,1,1,2,0,0,0,1,1,0,0,0,1,1,0,0,0,0,0,0,1,0,0,0,0,0,0,0,0
672,19879,14148672,"Aços e ferros fundidos : características gerais, tratamentos térmicos, principais tipos - 7. ed. amp. e rev. / 1996",0,0,0,0,1,1,1,1,1,1,1,1,0,0,1,1,1,1,0,0,0,0,0,0,0,0,2,0,0,0,0,0,0,0,0,0,0,0,0,0,0,0,0,0,0,0,0,0
672,19879,14148666,"Aços e ferros fundidos : características gerais, tratamentos térmicos, principais tipos - 7. ed. amp. e rev. / 1996",0,0,0,0,0,0,0,1,1,1,1,0,0,0,1,2,1,1,0,0,0,0,0,0,0,0,0,0,0,0,0,0,0,0,0,0,0,0,0,0,0,0,0,0,0,0,0,0
672,19879,14148670,"Aços e ferros fundidos : características gerais, tratamentos térmicos, principais tipos - 7. ed. amp. e rev. / 1996",0,0,0,0,0,0,0,0,0,0,0,0,0,0,1,1,1,1,0,1,1,0,0,0,0,0,0,0,0,0,0,0,1,0,0,0,0,0,0,0,0,0,0,0,0,0,0,0
672,19879,14148671,"Aços e ferros fundidos : características gerais, tratamentos térmicos, principais tipos - 7. ed. amp. e rev. / 1996",0,0,1,1,0,0,0,0,0,0,0,0,0,0,1,1,1,1,0,0,0,0,0,0,0,0,0,0,0,0,0,0,0,0,0,0,0,0,0,0,0,0,0,0,1,0,0,0
672,19879,14148674,"Aços e ferros fundidos : características gerais, tratamentos térmicos, principais tipos - 7. ed. amp. e rev. / 1996",1,1,1,0,1,1,0,0,0,0,0,0,0,0,0,0,1,0,0,0,0,0,0,0,0,0,0,0,0,0,0,0,0,0,0,0,0,0,0,0,0,0,0,0,0,0,0,0
672,19879,14148673,"Aços e ferros fundidos : características gerais, tratamentos térmicos, principais tipos - 7. ed. amp. e rev. / 1996",0,0,0,0,0,0,0,0,0,0,0,0,0,0,0,0,1,1,0,0,0,0,0,0,0,0,0,0,0,0,0,0,0,0,0,0,0,0,0,0,0,0,0,0,0,0,0,0
672,19879,14148675,"Aços e ferros fundidos : características gerais, tratamentos térmicos, principais tipos - 7. ed. amp. e rev. / 1996",0,0,0,0,0,0,0,0,0,0,0,0,0,0,0,0,1,1,0,0,0,0,0,0,0,0,0,0,0,0,0,0,0,0,0,0,0,0,0,0,0,0,0,0,0,0,0,0
681.2,116056,14167691,Instrumentação e fundamentos de medidas - 2. ed. / 2010,0,0,0,0,0,0,0,0,0,0,0,0,0,0,0,0,0,0,0,0,0,0,0,0,0,0,0,0,0,0,0,0,0,0,2,1,1,1,0,0,0,0,0,0,0,0,0,0
681.2,116056,14167690,Instrumentação e fundamentos de medidas - 2. ed. / 2010,1,0,0,0,0,0,0,0,0,0,0,0,0,0,0,0,0,0,0,0,0,0,0,0,0,0,0,0,0,0,0,0,0,1,0,0,1,1,0,0,0,0,0,0,0,0,0,0
68.176.041,209656,14338592,Vasos de pressão - 2. ed. atual. / 1996,0,0,0,0,0,0,0,0,0,0,0,0,0,0,0,0,2,1,1,1,1,2,0,0,0,0,0,0,0,0,0,0,0,0,0,0,0,0,0,0,0,0,0,0,0,0,0,0
68.176.041,209656,14341316,Vasos de pressão - 2. ed. atual. / 1996,0,0,0,0,0,0,0,1,0,0,0,0,0,0,0,0,0,0,0,1,1,0,0,0,0,0,0,0,0,0,0,0,0,0,0,0,0,0,0,0,0,0,0,0,0,0,0,0
6.862.252,140928,14372311,Design para quem não é designer : princípios de design e tipografia para iniciantes - 4. ed. / 2013,0,0,0,0,0,0,0,0,0,0,0,0,0,0,0,0,0,0,0,0,0,0,0,0,0,0,0,0,0,0,0,0,0,0,0,0,0,0,0,0,0,1,0,0,0,0,0,0
690,21041,14148503,"Edifício até sua cobertura, O - 2. ed., rev. / 1997",0,0,0,0,1,0,0,0,0,0,0,0,0,0,0,0,0,0,0,0,0,0,0,0,0,0,0,0,0,0,0,0,0,0,1,2,1,1,1,0,0,0,0,0,0,0,0,0
690,21041,14148512,"Edifício até sua cobertura, O - 2. ed., rev. / 1997",0,1,1,1,1,1,1,1,0,0,0,0,0,0,0,0,0,0,0,0,0,0,0,0,0,0,0,0,0,0,0,0,0,0,0,0,0,0,0,0,0,0,0,0,0,0,0,0
690,21041,14148502,"Edifício até sua cobertura, O - 2. ed., rev. / 1997",1,1,0,0,1,0,0,0,0,0,0,0,0,0,0,0,0,0,0,0,0,0,0,0,0,0,0,0,0,0,0,0,0,0,0,0,0,0,0,0,0,0,0,0,0,0,0,0
690,21041,14148509,"Edifício até sua cobertura, O - 2. ed., rev. / 1997",0,0,0,0,1,0,1,1,0,0,0,0,0,0,0,0,0,0,0,0,0,0,0,0,0,0,0,0,0,0,0,0,0,0,0,0,0,0,0,0,0,0,0,0,0,0,0,0
690,21041,14148501,"Edifício até sua cobertura, O - 2. ed., rev. / 1997",1,0,1,0,0,0,0,0,0,0,0,0,0,0,0,0,0,0,0,0,0,0,0,0,0,0,0,0,0,0,0,0,0,0,0,0,0,0,0,0,0,0,0,0,0,0,0,0
690,21041,14148499,"Edifício até sua cobertura, O - 2. ed., rev. / 1997",1,0,0,0,0,0,0,0,0,0,0,0,0,0,0,0,0,0,0,0,0,0,0,0,0,0,0,0,0,0,0,0,0,0,0,0,0,0,0,0,0,0,0,0,0,0,0,0
690,21041,14148510,"Edifício até sua cobertura, O - 2. ed., rev. / 1997",1,0,0,0,0,0,0,0,0,0,0,0,0,0,0,0,0,0,0,0,0,0,0,0,0,0,0,0,0,0,0,0,0,0,0,0,0,0,0,0,0,0,0,0,0,0,0,0
690,171268,14218539,Catálogo de Inovação na Construção Civil / 2016,0,0,0,0,0,0,0,0,0,0,0,0,0,0,0,0,0,0,0,0,0,0,0,0,0,0,0,0,0,0,0,2,0,0,0,0,0,0,0,0,0,0,0,0,0,0,0,0
690,171268,14218540,Catálogo de Inovação na Construção Civil / 2016,0,0,0,0,0,0,0,0,0,0,0,0,0,0,0,0,0,0,0,0,0,0,0,0,0,0,0,0,0,0,0,2,0,0,0,0,0,0,0,0,0,0,0,0,0,0,0,0
691,42378,14160917,Materiais de construção - 5. ed. / 1994,0,0,0,0,0,0,0,0,1,2,2,0,0,0,0,0,0,0,0,0,1,1,1,0,0,0,0,0,0,0,0,1,0,0,0,0,0,0,0,0,0,0,0,0,0,0,0,0
691,42378,14160902,Materiais de construção - 5. ed. / 1994,0,0,1,1,0,0,0,0,0,0,0,0,0,0,0,0,0,0,0,0,0,0,0,0,0,0,0,0,0,0,0,0,0,0,0,0,0,0,0,0,0,0,0,0,0,0,0,0
691,42378,14160920,Materiais de construção - 5. ed. / 1994,0,0,0,0,0,0,0,0,1,1,0,0,0,0,0,0,0,0,0,0,0,0,0,0,0,0,0,0,0,0,0,0,0,0,0,0,0,0,0,0,0,0,0,0,0,0,0,0
691,42378,14160921,Materiais de construção - 5. ed. / 1994,0,0,0,0,0,0,0,1,0,0,0,0,0,0,0,0,0,0,0,0,0,0,0,0,0,0,1,0,0,0,0,0,0,0,0,0,0,0,0,0,0,0,0,0,0,0,0,0
691,42378,14160922,Materiais de construção - 5. ed. / 1994,0,0,0,1,0,0,1,0,0,0,0,0,0,0,0,0,0,0,0,0,0,0,0,0,0,0,0,0,0,0,0,0,0,0,0,0,0,0,0,0,0,0,0,0,0,0,0,0
691,42378,14160907,Materiais de construção - 5. ed. / 1994,0,0,0,0,0,0,0,0,0,1,0,0,0,0,0,0,0,0,0,0,0,0,0,0,0,0,0,0,0,0,0,0,0,0,0,0,0,0,0,0,0,0,0,0,0,0,0,0
693.71,157300,14185203,Edifícios industriais em aço : projeto e cálculo - 6. ed. rev. e atual. / 2010,0,0,0,0,0,0,2,1,0,0,0,0,0,0,0,0,0,0,0,0,0,0,0,0,0,0,0,0,0,0,0,0,0,0,0,0,0,0,0,0,0,0,0,0,0,0,0,0
693.71,157300,14185204,Edifícios industriais em aço : projeto e cálculo - 6. ed. rev. e atual. / 2010,0,0,0,0,0,0,0,0,1,0,0,0,0,0,0,0,0,0,0,0,0,0,0,0,0,0,0,0,0,0,0,0,0,0,0,0,0,0,0,0,0,0,0,0,0,0,0,0
696.1,116493,14166491,Instalações hidráulicas : prediais e industriais - 4. ed. / 1985,0,0,0,1,1,1,2,1,1,2,1,0,0,0,0,0,0,0,0,0,0,0,0,0,0,0,0,0,0,0,0,0,0,0,0,0,0,0,0,0,0,0,0,0,0,0,0,0
696.1,116493,14166498,Instalações hidráulicas : prediais e industriais - 4. ed. / 1985,0,0,1,1,1,1,1,0,0,0,0,0,0,0,0,0,0,0,0,0,0,0,0,0,0,0,0,0,0,0,0,0,0,0,0,0,0,0,0,0,0,0,0,0,0,0,0,0
696.1,116493,14166490,Instalações hidráulicas : prediais e industriais - 4. ed. / 1985,0,0,1,1,1,0,0,0,0,0,0,0,0,0,0,0,0,0,0,0,0,0,0,0,0,0,0,0,0,0,0,0,0,0,0,0,0,0,0,0,0,0,0,0,0,0,0,0
696.1,116493,14166495,Instalações hidráulicas : prediais e industriais - 4. ed. / 1985,0,0,1,1,1,0,0,0,0,0,0,0,0,0,0,0,0,0,0,0,0,0,0,0,0,0,0,0,0,0,0,0,0,0,0,0,0,0,0,0,0,0,0,0,0,0,0,0
696.1,116493,14166500,Instalações hidráulicas : prediais e industriais - 4. ed. / 1985,0,0,1,0,1,1,0,0,0,0,0,0,0,0,0,0,0,0,0,0,0,0,0,0,0,0,0,0,0,0,0,0,0,0,0,0,0,0,0,0,0,0,0,0,0,0,0,0
696.1,116493,14166506,Instalações hidráulicas : prediais e industriais - 4. ed. / 1985,0,0,1,1,0,1,0,0,0,0,0,0,0,0,0,0,0,0,0,0,0,0,0,0,0,0,0,0,0,0,0,0,0,0,0,0,0,0,0,0,0,0,0,0,0,0,0,0
696.1,116493,14166507,Instalações hidráulicas : prediais e industriais - 4. ed. / 1985,0,0,0,0,0,0,0,1,0,0,0,0,0,0,0,0,0,0,0,0,0,0,0,0,0,0,0,0,0,0,0,0,0,0,0,0,0,0,0,0,0,0,0,0,0,0,0,0
696.1,152362,14161382,Instalações hidráulicas prediais : utilizando tubos plásticos - 4. ed. rev. e ampl. / 2014,0,0,0,1,1,1,2,1,1,2,1,0,0,0,0,0,0,0,0,0,0,0,0,0,0,0,0,0,0,0,0,0,0,0,0,0,0,0,0,0,0,0,0,0,0,0,0,0
696.1,152362,14161386,Instalações hidráulicas prediais : utilizando tubos plásticos - 4. ed. rev. e ampl. / 2014,0,0,0,0,1,0,0,0,0,0,0,0,0,0,0,0,0,0,0,0,0,0,1,0,0,0,0,0,0,0,0,0,0,0,0,0,0,0,0,0,0,0,0,0,0,0,0,0
696.1,152362,14161389,Instalações hidráulicas prediais : utilizando tubos plásticos - 4. ed. rev. e ampl. / 2014,0,0,0,0,0,0,1,0,0,0,0,0,0,0,0,0,0,0,0,0,0,0,0,0,0,0,0,0,0,0,0,0,0,0,0,0,0,0,0,0,0,0,0,0,0,0,0,0
697,101846,14186965,"Heating, ventilating, and air conditioning : analysis and design - 6th ed. / 2005",0,0,1,0,0,1,0,0,0,0,0,0,0,0,0,0,0,0,0,0,0,0,0,0,0,0,0,0,0,0,1,1,0,0,0,0,0,0,0,0,0,0,0,0,0,0,0,0
697,101846,14186969,"Heating, ventilating, and air conditioning : analysis and design - 6th ed. / 2005",0,0,1,1,1,1,0,0,0,0,0,0,0,0,0,0,0,0,0,0,0,0,0,0,0,0,0,0,0,0,0,0,0,0,0,0,0,0,0,0,0,0,0,0,0,0,0,0
697,101846,14186970,"Heating, ventilating, and air conditioning : analysis and design - 6th ed. / 2005",0,0,1,1,1,1,0,0,0,0,0,0,0,0,0,0,0,0,0,0,0,0,0,0,0,0,0,0,0,0,0,0,0,0,0,0,0,0,0,0,0,0,0,0,0,0,0,0
697,101846,14186971,"Heating, ventilating, and air conditioning : analysis and design - 6th ed. / 2005",0,0,1,1,1,1,0,0,0,0,0,0,0,0,0,0,0,0,0,0,0,0,0,0,0,0,0,0,0,0,0,0,0,0,0,0,0,0,0,0,0,0,0,0,0,0,0,0
697,101846,14186964,"Heating, ventilating, and air conditioning : analysis and design - 6th ed. / 2005",0,0,1,1,0,0,0,0,0,0,0,0,0,0,0,0,0,0,0,0,0,0,0,0,0,0,0,0,0,0,0,0,0,0,0,0,0,0,0,0,0,0,0,0,0,0,0,0
697,101846,14186966,"Heating, ventilating, and air conditioning : analysis and design - 6th ed. / 2005",0,0,1,0,0,1,0,0,0,0,0,0,0,0,0,0,0,0,0,0,0,0,0,0,0,0,0,0,0,0,0,0,0,0,0,0,0,0,0,0,0,0,0,0,0,0,0,0
697,101846,14186972,"Heating, ventilating, and air conditioning : analysis and design - 6th ed. / 2005",0,0,1,1,0,0,0,0,0,0,0,0,0,0,0,0,0,0,0,0,0,0,0,0,0,0,0,0,0,0,0,0,0,0,0,0,0,0,0,0,0,0,0,0,0,0,0,0
697,101846,14186967,"Heating, ventilating, and air conditioning : analysis and design - 6th ed. / 2005",0,0,1,0,0,0,0,0,0,0,0,0,0,0,0,0,0,0,0,0,0,0,0,0,0,0,0,0,0,0,0,0,0,0,0,0,0,0,0,0,0,0,0,0,0,0,0,0
697,101846,14186968,"Heating, ventilating, and air conditioning : analysis and design - 6th ed. / 2005",0,0,1,0,0,0,0,0,0,0,0,0,0,0,0,0,0,0,0,0,0,0,0,0,0,0,0,0,0,0,0,0,0,0,0,0,0,0,0,0,0,0,0,0,0,0,0,0
698,10470,14160288,"Edifício e seu acabamento, O / 1987",0,1,1,1,0,0,0,0,0,0,0,0,0,0,0,0,0,0,0,0,0,0,0,0,0,0,0,0,0,0,0,0,0,0,0,0,0,0,0,0,0,0,0,0,0,0,0,0
698,10470,14160295,"Edifício e seu acabamento, O / 1987",0,0,0,0,1,0,1,1,0,0,0,0,0,0,0,0,0,0,0,0,0,0,0,0,0,0,0,0,0,0,0,0,0,0,0,0,0,0,0,0,0,0,0,0,0,0,0,0
698,10470,14160286,"Edifício e seu acabamento, O / 1987",0,0,0,1,1,0,0,0,0,0,0,0,0,0,0,0,0,0,0,0,0,0,0,0,0,0,0,0,0,0,0,0,0,0,0,0,0,0,0,0,0,0,0,0,0,0,0,0
698,10470,14160291,"Edifício e seu acabamento, O / 1987",1,0,0,0,0,0,0,0,0,0,0,0,0,0,0,0,0,0,0,0,0,0,0,0,0,0,0,0,0,0,0,0,0,0,0,0,0,0,0,0,0,0,0,0,0,0,0,0
698,10470,14160294,"Edifício e seu acabamento, O / 1987",0,0,0,0,1,0,0,0,0,0,0,0,0,0,0,0,0,0,0,0,0,0,0,0,0,0,0,0,0,0,0,0,0,0,0,0,0,0,0,0,0,0,0,0,0,0,0,0
720,150225,14155240,"Arte de projetar em arquitetura : manual para arquitetos, engenheiros, estudantes, professores, construções e proprietáriaos - 18. ed., renov. atual. / 2013",0,0,0,0,0,0,0,0,0,0,0,1,0,0,1,0,0,0,0,0,0,0,0,0,0,0,0,0,0,0,0,0,0,0,0,0,0,0,0,0,0,0,0,0,0,0,0,0
745.403,129255,14158998,"Princípios universais do design : 125 maneiras de aprimorar a usabilidade, influenciar a percepção, aumentar o apelo e ensinar por meio do design / 2010",0,0,0,0,0,0,0,0,0,1,0,0,0,0,0,0,0,0,0,2,2,1,1,0,0,0,0,0,0,0,0,0,0,0,0,0,0,0,0,0,0,0,0,0,0,0,0,0
745.44,130043,14342100,"Metadesign: ferramentas, estratégias e ética para a complexidade / 2010",0,0,0,0,0,0,0,0,0,1,0,0,0,0,0,0,0,0,0,0,0,0,0,0,0,0,0,0,0,0,0,0,0,0,0,0,0,0,0,0,0,0,0,0,0,0,0,0
808.066,150838,14155772,Trabalho de conclusão de curso utilizando o Microsoft Office Word 2013 - 1. ed. / 2014,0,1,0,0,0,0,0,0,0,0,0,0,0,0,0,0,2,1,1,1,1,1,1,1,0,0,1,0,0,0,1,0,0,0,0,0,0,0,0,0,0,0,0,0,0,0,0,0
808.066,150838,14155773,Trabalho de conclusão de curso utilizando o Microsoft Office Word 2013 - 1. ed. / 2014,1,1,1,1,1,1,0,0,0,1,0,0,0,0,0,0,0,0,0,0,0,0,0,0,0,0,0,0,0,0,0,0,0,0,0,0,0,0,0,0,0,0,0,0,0,1,1,1
808.066,150838,14155774,Trabalho de conclusão de curso utilizando o Microsoft Office Word 2013 - 1. ed. / 2014,0,0,0,1,1,0,1,1,0,0,0,0,0,0,0,0,1,0,1,1,0,0,0,0,0,0,0,0,0,0,0,0,1,0,0,0,0,0,0,0,0,0,0,0,0,0,0,0
808.066,150838,14155775,Trabalho de conclusão de curso utilizando o Microsoft Office Word 2013 - 1. ed. / 2014,0,0,0,0,0,0,0,0,0,0,0,1,0,0,2,0,0,0,0,0,0,1,1,0,0,0,1,1,0,0,0,1,0,0,0,0,0,0,0,0,0,0,0,0,0,0,0,0
808.066,152306,14160980,"Como escrever trabalhos de conclusão de curso : instruções para planejar e montar, desenvolver, concluir, redigir e apresentar trabalhos monográficos e artigos - 8. ed. / 2014",0,0,0,0,0,0,0,0,0,0,0,0,0,0,0,0,1,0,1,1,1,1,0,0,0,0,1,1,0,1,0,2,0,0,1,2,0,0,0,1,1,0,1,0,1,1,1,1
808.066,152306,14161001,"Como escrever trabalhos de conclusão de curso : instruções para planejar e montar, desenvolver, concluir, redigir e apresentar trabalhos monográficos e artigos - 8. ed. / 2014",0,0,0,0,0,0,0,0,0,0,0,0,0,0,0,0,0,0,0,0,1,1,1,0,0,0,1,2,0,1,0,1,1,1,1,1,1,1,1,1,0,0,0,0,0,0,0,0
808.066,152306,14160995,"Como escrever trabalhos de conclusão de curso : instruções para planejar e montar, desenvolver, concluir, redigir e apresentar trabalhos monográficos e artigos - 8. ed. / 2014",0,0,0,0,0,0,0,1,2,1,2,0,0,0,0,0,0,0,0,1,1,0,0,0,0,0,0,0,0,0,0,0,0,0,0,0,0,0,0,1,1,1,0,0,0,0,0,0
808.066,152306,14161003,"Como escrever trabalhos de conclusão de curso : instruções para planejar e montar, desenvolver, concluir, redigir e apresentar trabalhos monográficos e artigos - 8. ed. / 2014",0,0,0,0,0,0,0,0,0,0,0,0,0,0,0,0,0,0,1,1,1,1,1,1,0,0,1,0,0,0,1,1,1,1,0,0,0,0,0,0,0,0,0,0,0,0,0,0
808.066,152306,14161012,"Como escrever trabalhos de conclusão de curso : instruções para planejar e montar, desenvolver, concluir, redigir e apresentar trabalhos monográficos e artigos - 8. ed. / 2014",1,1,1,1,1,1,1,1,0,0,0,0,0,0,0,0,0,0,0,0,0,0,0,0,0,0,0,0,0,0,0,0,0,0,0,0,0,0,0,1,0,0,0,0,0,0,0,0
808.066,152306,14160991,"Como escrever trabalhos de conclusão de curso : instruções para planejar e montar, desenvolver, concluir, redigir e apresentar trabalhos monográficos e artigos - 8. ed. / 2014",0,0,0,0,0,0,0,0,0,0,0,0,0,0,0,0,0,0,0,1,1,1,2,0,0,1,0,1,0,0,0,0,1,0,0,0,0,0,0,0,0,0,0,0,0,0,0,0
808.066,152306,14160984,"Como escrever trabalhos de conclusão de curso : instruções para planejar e montar, desenvolver, concluir, redigir e apresentar trabalhos monográficos e artigos - 8. ed. / 2014",0,0,0,0,0,0,0,0,0,0,0,0,0,0,0,0,0,0,0,1,0,0,0,0,0,0,0,0,0,0,0,0,1,0,1,1,1,1,0,1,0,0,0,0,0,0,0,0
808.066,152306,14160981,"Como escrever trabalhos de conclusão de curso : instruções para planejar e montar, desenvolver, concluir, redigir e apresentar trabalhos monográficos e artigos - 8. ed. / 2014",0,0,0,0,0,0,0,0,0,0,0,0,0,0,0,0,0,0,1,1,1,0,0,0,0,0,0,0,0,0,0,0,0,0,0,0,0,0,0,1,0,0,0,0,0,0,0,0
808.066,152306,14161015,"Como escrever trabalhos de conclusão de curso : instruções para planejar e montar, desenvolver, concluir, redigir e apresentar trabalhos monográficos e artigos - 8. ed. / 2014",0,0,0,0,0,0,0,0,0,0,0,0,0,0,0,0,0,0,0,0,0,1,1,0,0,0,1,0,0,0,0,1,0,0,0,0,0,0,0,0,0,0,0,0,0,0,0,0
808.066,152306,14160996,"Como escrever trabalhos de conclusão de curso : instruções para planejar e montar, desenvolver, concluir, redigir e apresentar trabalhos monográficos e artigos - 8. ed. / 2014",0,1,1,1,0,0,0,0,0,0,0,0,0,0,0,0,0,0,0,0,0,0,0,0,0,0,0,0,0,0,0,0,0,0,0,0,0,0,0,0,0,0,0,0,0,0,0,0
808.066,152306,14160992,"Como escrever trabalhos de conclusão de curso : instruções para planejar e montar, desenvolver, concluir, redigir e apresentar trabalhos monográficos e artigos - 8. ed. / 2014",0,0,0,0,0,0,0,0,0,0,0,0,0,0,0,0,0,0,0,1,1,0,0,0,0,0,0,0,0,0,0,0,0,0,0,0,0,0,0,0,0,0,0,0,0,0,0,0
808.066,152306,14161017,"Como escrever trabalhos de conclusão de curso : instruções para planejar e montar, desenvolver, concluir, redigir e apresentar trabalhos monográficos e artigos - 8. ed. / 2014",0,0,0,0,0,0,0,0,0,0,0,0,0,0,0,0,0,0,0,1,1,0,0,0,0,0,0,0,0,0,0,0,0,0,0,0,0,0,0,0,0,0,0,0,0,0,0,0
808.066,152306,14160982,"Como escrever trabalhos de conclusão de curso : instruções para planejar e montar, desenvolver, concluir, redigir e apresentar trabalhos monográficos e artigos - 8. ed. / 2014",0,0,0,0,0,0,0,0,0,0,0,0,0,0,0,0,0,0,0,0,0,0,0,0,0,0,0,0,0,0,0,0,0,0,0,0,0,0,0,0,0,0,0,0,1,0,0,0
808.066,152306,14160983,"Como escrever trabalhos de conclusão de curso : instruções para planejar e montar, desenvolver, concluir, redigir e apresentar trabalhos monográficos e artigos - 8. ed. / 2014",0,0,0,0,0,0,0,0,0,0,0,0,0,0,0,0,0,0,0,0,0,0,0,0,0,0,0,0,0,0,0,0,0,0,0,0,0,0,0,0,0,0,0,0,1,0,0,0
808.066,152306,14160986,"Como escrever trabalhos de conclusão de curso : instruções para planejar e montar, desenvolver, concluir, redigir e apresentar trabalhos monográficos e artigos - 8. ed. / 2014",0,0,0,0,0,0,0,0,0,0,0,0,0,0,0,0,0,0,0,0,0,0,0,0,0,0,0,0,0,0,0,0,0,0,0,0,0,0,0,1,0,0,0,0,0,0,0,0
808.066,152306,14161008,"Como escrever trabalhos de conclusão de curso : instruções para planejar e montar, desenvolver, concluir, redigir e apresentar trabalhos monográficos e artigos - 8. ed. / 2014",0,0,0,0,0,0,0,0,0,0,0,0,0,0,0,0,0,0,0,0,0,0,0,0,0,0,0,0,0,0,0,0,0,0,0,0,0,0,0,1,0,0,0,0,0,0,0,0
808.066,152306,14161009,"Como escrever trabalhos de conclusão de curso : instruções para planejar e montar, desenvolver, concluir, redigir e apresentar trabalhos monográficos e artigos - 8. ed. / 2014",0,1,0,0,0,0,0,0,0,0,0,0,0,0,0,0,0,0,0,0,0,0,0,0,0,0,0,0,0,0,0,0,0,0,0,0,0,0,0,0,0,0,0,0,0,0,0,0
808.066,152306,14161013,"Como escrever trabalhos de conclusão de curso : instruções para planejar e montar, desenvolver, concluir, redigir e apresentar trabalhos monográficos e artigos - 8. ed. / 2014",0,0,0,0,0,0,0,0,0,0,0,0,0,0,0,0,0,0,0,1,0,0,0,0,0,0,0,0,0,0,0,0,0,0,0,0,0,0,0,0,0,0,0,0,0,0,0,0
808.066,152306,14161014,"Como escrever trabalhos de conclusão de curso : instruções para planejar e montar, desenvolver, concluir, redigir e apresentar trabalhos monográficos e artigos - 8. ed. / 2014",0,0,0,0,0,0,0,0,0,0,0,0,0,0,0,0,0,0,0,0,0,0,0,0,0,0,0,0,0,0,0,0,0,0,0,0,0,0,0,1,0,0,0,0,0,0,0,0
808.066,152376,14161417,"Escrevendo trabalhos de conclusão de cursos : guia para escrever teses, monografias, artigos e outros textos técnicos - 2. ed. rev. e ampl. / 2012",1,1,0,0,0,0,0,0,0,0,0,0,0,0,1,1,2,1,1,1,1,1,1,1,0,0,1,0,0,0,1,0,1,0,0,0,0,0,0,1,1,1,1,0,0,0,0,0
808.066,152376,14161419,"Escrevendo trabalhos de conclusão de cursos : guia para escrever teses, monografias, artigos e outros textos técnicos - 2. ed. rev. e ampl. / 2012",0,1,0,0,0,0,0,0,0,0,0,0,0,0,0,0,0,0,0,0,0,0,2,0,0,0,0,0,0,0,0,0,0,0,0,0,0,0,0,1,1,0,1,0,1,1,1,1
808.066,152376,14161416,"Escrevendo trabalhos de conclusão de cursos : guia para escrever teses, monografias, artigos e outros textos técnicos - 2. ed. rev. e ampl. / 2012",0,0,0,0,0,0,0,0,0,0,0,0,0,0,0,0,0,0,0,0,0,1,1,0,0,0,1,0,0,0,0,1,0,0,0,0,0,0,0,0,0,0,0,0,0,1,0,0
809.894,171703,14220301,Literatura hoje / 2015,0,0,0,0,0,0,0,0,0,0,0,0,0,0,0,0,0,0,0,0,0,0,0,0,0,0,0,0,0,0,0,0,0,0,0,0,0,0,0,1,1,1,0,0,0,0,0,0
813,195675,14317977,"Céu está caindo, O - 16. ed. / 2009",1,1,1,0,0,0,0,0,0,0,0,0,0,0,0,0,0,0,0,0,0,0,0,0,0,0,0,0,0,0,0,0,0,0,0,0,0,0,0,0,0,0,0,0,0,0,0,0
813,203572,14379133,Extraordinário / 2012,0,0,0,0,0,0,0,0,0,0,0,0,0,0,0,0,0,0,0,0,0,0,0,0,0,0,0,0,0,0,0,0,0,0,0,0,0,0,0,0,0,0,1,0,0,1,1,1
813,211322,14341873,"Código da Vinci, O / 2006",0,0,0,0,0,2,1,1,1,0,0,0,0,0,0,0,1,0,1,1,1,1,1,1,0,0,0,0,0,0,0,1,1,1,1,1,1,1,0,1,0,1,0,0,0,0,0,0
813,211324,14341876,Morto até o anoitecer / 2007,0,0,0,1,1,0,0,0,0,0,0,0,0,0,0,0,0,0,0,0,0,0,0,0,0,0,0,0,0,0,0,0,0,0,0,1,1,0,0,0,0,0,0,0,0,0,0,0
813,211325,14341878,Trama / 2016,0,0,0,0,0,0,1,0,0,0,0,0,0,0,0,0,0,0,0,0,0,0,0,0,0,0,0,0,0,0,0,0,0,0,0,0,0,0,0,0,0,1,1,0,1,1,1,0
813,211326,14341879,"Caçador de demônios, O / 2017",0,0,0,0,1,0,1,1,0,1,0,0,0,0,0,0,0,1,0,1,0,0,0,0,0,0,0,0,0,0,0,0,0,0,1,0,0,0,0,1,0,0,1,0,0,0,0,0
813,211329,14341883,Esplendor da honra / 2017,0,0,0,0,0,0,0,0,0,0,0,0,0,0,0,0,0,0,1,1,0,0,0,0,0,0,1,1,0,1,0,0,0,0,0,0,0,0,0,0,1,1,1,1,0,0,0,0
813,211330,14341885,Crepúsculo / 2009,0,0,0,0,0,0,0,0,0,0,0,0,0,0,0,0,0,0,0,0,0,0,0,0,0,1,0,0,0,0,1,1,0,1,0,0,0,0,0,0,0,0,0,0,0,0,0,0
813,215305,14386095,"Guerra dos tronos, A / 2010",0,0,0,0,0,0,0,0,0,0,0,0,0,0,0,0,0,0,0,0,0,0,0,0,0,0,0,0,0,0,0,0,0,0,0,0,0,0,0,0,0,0,0,0,0,0,1,0
813,217567,14375087,Em chamas / 2011,0,0,0,0,0,0,0,0,0,0,0,0,0,0,0,0,0,0,0,0,0,0,0,0,0,0,0,0,0,0,0,0,0,0,0,0,0,0,0,1,0,2,0,0,1,1,0,1
813,217569,14375088,A esperança / 2011,0,0,0,0,0,0,0,0,0,0,0,0,0,0,0,0,0,0,0,0,0,0,0,0,0,0,0,0,0,0,0,0,0,0,0,0,0,0,0,0,0,1,0,0,0,0,0,0
813,217575,14375085,Jogos vorazes / 2010,0,0,0,0,0,0,0,0,0,0,0,0,0,0,0,0,0,0,0,0,0,0,0,0,0,0,0,0,0,0,0,0,0,0,0,0,0,0,0,1,0,0,1,0,0,0,0,0
813,218779,14369811,"Curva na estrada, Uma / 2013",0,0,0,0,0,0,0,0,0,0,0,0,0,0,0,0,0,0,0,0,0,0,0,0,0,0,0,0,0,0,0,0,0,0,0,0,0,0,0,0,0,0,0,0,1,0,0,0
813,218809,14369954,"Guardião, O / 2013",0,0,0,0,0,0,0,0,0,0,0,0,0,0,0,0,0,0,0,0,0,0,0,0,0,0,0,0,0,0,0,0,0,0,0,0,0,0,0,0,0,0,1,0,0,0,0,0
813,218904,14370261,"Última música, A / 2011",0,0,0,0,0,0,0,0,0,0,0,0,0,0,0,0,0,0,0,0,0,0,0,0,0,0,0,0,0,0,0,0,0,0,0,0,0,0,0,0,0,0,2,0,0,0,0,0
813,221442,14379380,Auggie & eu / 2015,0,0,0,0,0,0,0,0,0,0,0,0,0,0,0,0,0,0,0,0,0,0,0,0,0,0,0,0,0,0,0,0,0,0,0,0,0,0,0,0,0,0,1,0,0,0,1,0
813,221494,14379714,"Orfanato da srta. Peregrine para crianças peculiares, O / 2015",0,0,0,0,0,0,0,0,0,0,0,0,0,0,0,0,0,0,0,0,0,0,0,0,0,0,0,0,0,0,0,0,0,0,0,0,0,0,0,0,0,0,0,1,0,1,1,0
813,221505,14379910,Cidade dos etéreos / 2017,0,0,0,0,0,0,0,0,0,0,0,0,0,0,0,0,0,0,0,0,0,0,0,0,0,0,0,0,0,0,0,0,0,0,0,0,0,0,0,0,0,0,0,1,0,0,0,0
813,221513,14379911,Biblioteca de almas / 2017,0,0,0,0,0,0,0,0,0,0,0,0,0,0,0,0,0,0,0,0,0,0,0,0,0,0,0,0,0,0,0,0,0,0,0,0,0,0,0,0,0,0,0,1,0,1,0,0
813,221819,14384984,Para todos os garotos que já amei / 2015,0,0,0,0,0,0,0,0,0,0,0,0,0,0,0,0,0,0,0,0,0,0,0,0,0,0,0,0,0,0,0,0,0,0,0,0,0,0,0,0,0,0,0,0,0,1,1,0
813,221867,14385611,Minha vida fora dos trilhos / 2010,0,0,0,0,0,0,0,0,0,0,0,0,0,0,0,0,0,0,0,0,0,0,0,0,0,0,0,0,0,0,0,0,0,0,0,0,0,0,0,0,0,0,0,0,0,2,1,1
813,221868,14385614,Leve-me com você / 2014,0,0,0,0,0,0,0,0,0,0,0,0,0,0,0,0,0,0,0,0,0,0,0,0,0,0,0,0,0,0,0,0,0,0,0,0,0,0,0,0,0,0,0,0,0,2,1,1
813,221869,14385623,"Guerra que salvou a minha vida, A / 2015",0,0,0,0,0,0,0,0,0,0,0,0,0,0,0,0,0,0,0,0,0,0,0,0,0,0,0,0,0,0,0,0,0,0,0,0,0,0,0,0,0,0,0,0,0,1,0,0
813,222078,14386102,Crepúsculo - 3. ed. / 2009,0,0,0,0,0,0,0,0,0,0,0,0,0,0,0,0,0,0,0,0,0,0,0,0,0,0,0,0,0,0,0,0,0,0,0,0,0,0,0,0,0,0,0,0,0,1,1,0
8.130.876,211814,14342698,"Eu, robô / 2014",0,0,0,0,1,1,1,1,0,0,1,0,0,0,0,0,1,1,0,1,1,0,0,1,0,0,2,1,0,0,0,1,0,0,0,0,1,0,0,1,0,0,2,0,0,0,1,1
813.5,108656,14186046,"Case of the killer robot : stories about the professional, ethical, and societal dimensions of computing, The / 1997",0,0,0,0,0,0,0,0,0,0,0,0,0,0,0,1,2,1,0,1,1,1,1,1,0,0,1,0,0,0,0,0,0,0,0,0,0,0,0,0,0,0,1,0,0,0,0,0
813.5,108656,14189403,"Case of the killer robot : stories about the professional, ethical, and societal dimensions of computing, The / 1997",1,1,1,1,1,1,1,1,1,0,0,0,0,0,0,2,0,0,0,0,0,0,0,0,0,0,0,0,0,0,0,0,0,0,0,0,0,0,0,0,0,0,0,0,0,0,0,0
813.6,221850,14385485,Pax / 2017,0,0,0,0,0,0,0,0,0,0,0,0,0,0,0,0,0,0,0,0,0,0,0,0,0,0,0,0,0,0,0,0,0,0,0,0,0,0,0,0,0,0,0,0,1,0,0,0
820,218636,14369163,As crônicas de Nárnia - 2. ed. / 2009,0,0,0,0,0,0,0,0,0,0,0,0,0,0,0,0,0,0,0,0,0,0,0,0,0,0,0,0,0,0,1,0,0,1,0,0,0,0,0,0,0,0,0,0,0,0,0,0
822.33,196282,14319988,"tragédia de Hamlet : príncipe da Dinamarca, A / 2015",0,0,0,0,1,1,0,0,0,0,2,1,0,0,0,0,0,1,0,1,1,0,0,0,0,0,0,0,0,0,0,0,0,1,1,0,0,0,0,1,1,0,1,0,0,0,0,0
823,195677,14317980,"Silmarillion, O / 2009",0,0,1,0,1,0,0,0,0,1,0,0,0,0,0,0,0,0,0,0,0,0,0,0,0,0,1,1,0,0,0,0,0,1,1,0,0,0,0,0,0,0,0,0,0,0,0,0
823,211653,14342455,"Morro dos ventos uivantes, O - 3. ed., rev. e atual. / 2020",0,0,0,0,0,1,1,1,0,1,1,0,0,0,1,1,0,0,0,0,0,0,0,0,0,0,1,0,0,0,0,0,1,1,2,1,0,1,0,1,1,1,1,0,0,0,0,0
823,211653,14379119,"Morro dos ventos uivantes, O - 3. ed., rev. e atual. / 2020",0,0,0,0,0,0,0,0,0,0,0,0,0,0,0,0,0,0,0,0,0,0,0,0,0,0,0,0,0,0,0,0,0,0,0,0,0,0,0,0,0,0,0,0,0,0,1,1
823,216733,14363426,"senhor dos anéis : a sociedade do anel : primeira parte, O - 2. ed. / 2000",0,0,0,0,0,0,0,0,0,0,0,0,0,0,0,0,0,0,0,0,0,1,0,1,0,0,1,0,0,0,0,0,2,1,1,0,0,0,0,1,0,0,2,0,0,0,1,0
823,216734,14363427,"senhor dos anéis : as duas torres : segunda parte, O - 2. ed. / 2000",0,0,0,0,0,0,0,0,0,0,0,0,0,0,0,0,0,0,0,0,0,0,0,0,0,0,0,0,0,0,0,0,1,1,0,0,0,0,0,0,0,0,0,0,0,0,0,0
823,219813,14375083,"Revolução dos bichos, A / 2021",0,0,0,0,0,0,0,0,0,0,0,0,0,0,0,0,0,0,0,0,0,0,0,0,0,0,0,0,0,0,0,0,0,0,0,0,0,0,0,0,1,0,1,1,1,1,1,2
823,219813,14376125,"Revolução dos bichos, A / 2021",0,0,0,0,0,0,0,0,0,0,0,0,0,0,0,0,0,0,0,0,0,0,0,0,0,0,0,0,0,0,0,0,0,0,0,0,0,0,0,0,0,0,0,1,0,0,2,1
823,220721,14375099,1984 / 2021,0,0,0,0,0,0,0,0,0,0,0,0,0,0,0,0,0,0,0,0,0,0,0,0,0,0,0,0,0,0,0,0,0,0,0,0,0,0,0,0,1,1,0,0,1,0,0,1
823,220721,14376126,1984 / 2021,0,0,0,0,0,0,0,0,0,0,0,0,0,0,0,0,0,0,0,0,0,0,0,0,0,0,0,0,0,0,0,0,0,0,0,0,0,0,0,0,0,0,1,0,0,1,1,1
823,221435,14379290,A garota que você deixou para trás / 2014,0,0,0,0,0,0,0,0,0,0,0,0,0,0,0,0,0,0,0,0,0,0,0,0,0,0,0,0,0,0,0,0,0,0,0,0,0,0,0,0,0,0,0,0,0,1,0,0
823,221437,14379371,A última carta de amor / 2016,0,0,0,0,0,0,0,0,0,0,0,0,0,0,0,0,0,0,0,0,0,0,0,0,0,0,0,0,0,0,0,0,0,0,0,0,0,0,0,0,0,0,0,0,0,1,0,0
823,221516,14379916,"Que aconteceu com Annie, O / 2020",0,0,0,0,0,0,0,0,0,0,0,0,0,0,0,0,0,0,0,0,0,0,0,0,0,0,0,0,0,0,0,0,0,0,0,0,0,0,0,0,0,0,0,0,1,1,1,1
823,221818,14384983,A biblioteca da meia-noite - 4. ed. / 2022,0,0,0,0,0,0,0,0,0,0,0,0,0,0,0,0,0,0,0,0,0,0,0,0,0,0,0,0,0,0,0,0,0,0,0,0,0,0,0,0,0,0,0,1,2,1,2,0
823,221852,14385489,À beira mar / 2001,0,0,0,0,0,0,0,0,0,0,0,0,0,0,0,0,0,0,0,0,0,0,0,0,0,0,0,0,0,0,0,0,0,0,0,0,0,0,0,0,0,0,0,0,0,1,1,1
823,222059,14386079,Teto para dois / 2019,0,0,0,0,0,0,0,0,0,0,0,0,0,0,0,0,0,0,0,0,0,0,0,0,0,0,0,0,0,0,0,0,0,0,0,0,0,0,0,0,0,0,0,0,0,2,1,2
823.91,15666,14238927,"Corpo na biblioteca, Um / 1996",0,1,0,0,1,1,0,0,0,0,2,1,0,0,0,0,1,1,0,0,0,0,0,0,0,0,0,0,0,0,0,0,0,0,0,0,1,1,0,1,0,0,1,0,0,0,0,0
823.91,16207,14238928,Cipreste triste / 1975,0,0,0,0,0,0,1,0,0,0,2,1,0,0,1,1,0,0,0,0,0,0,0,0,0,0,0,0,0,0,0,0,0,0,0,0,0,1,0,1,0,0,1,0,0,0,0,0
823.91,218540,14368670,E não sobrou nenhum - 2. ed. / 2011,0,0,0,0,0,0,0,0,0,0,0,0,0,0,0,0,0,0,0,0,0,0,0,0,0,0,0,0,0,0,0,0,0,0,0,0,1,0,0,1,0,0,1,0,0,1,0,0
823.92,221604,14382049,"Segredo do meu marido, O / 2014",0,0,0,0,0,0,0,0,0,0,0,0,0,0,0,0,0,0,0,0,0,0,0,0,0,0,0,0,0,0,0,0,0,0,0,0,0,0,0,0,0,0,0,0,1,0,0,0
833,218561,14368754,"Menina que roubava livros, A / 2008",0,0,0,0,0,0,0,0,0,0,0,0,0,0,0,0,0,0,0,0,0,0,0,0,0,0,0,0,0,0,0,0,0,1,1,0,1,0,0,0,0,0,0,0,0,0,0,0
833.91,220724,14375107,"Metamorfose, A - 2. ed. / 2019",0,0,0,0,0,0,0,0,0,0,0,0,0,0,0,0,0,0,0,0,0,0,0,0,0,0,0,0,0,0,0,0,0,0,0,0,0,0,0,2,0,2,1,0,2,1,1,2
833.91,220724,14384991,"Metamorfose, A - 2. ed. / 2019",0,0,0,0,0,0,0,0,0,0,0,0,0,0,0,0,0,0,0,0,0,0,0,0,0,0,0,0,0,0,0,0,0,0,0,0,0,0,0,0,0,0,0,0,1,1,1,1
843,195681,14317991,"Volta ao mundo em oitenta dias, A / 2003",1,1,1,0,0,0,0,0,0,0,1,0,0,0,0,0,1,1,0,1,0,0,0,0,0,0,0,0,0,0,0,0,0,0,0,0,0,0,0,1,0,0,0,0,0,0,0,0
843,211636,14342419,"Pequeno principe, O / 2018",0,0,0,0,0,0,0,0,0,1,0,0,0,0,0,0,0,0,0,1,0,0,0,0,1,0,1,1,0,1,0,1,0,0,0,0,0,0,0,0,0,0,0,0,0,1,1,0
869,195661,14317946,Cancioneiro / 2007,0,0,1,1,0,0,0,0,0,1,0,1,0,0,0,0,0,0,0,0,0,0,0,1,0,0,0,0,0,0,0,1,0,0,0,0,0,0,0,1,0,0,0,0,0,0,0,0
869,195683,14318083,Poesia Reunida / 2014,0,0,0,0,0,0,0,0,0,0,0,0,0,0,0,0,0,0,0,0,0,0,1,0,0,0,0,0,0,0,0,0,0,0,0,0,0,0,0,0,0,0,0,0,0,0,0,0
869.15,195670,14317970,Antologia poética / 2007,0,0,2,0,0,0,0,0,0,0,0,1,0,0,0,0,0,0,0,0,0,0,0,0,0,1,1,0,0,0,0,0,0,0,0,0,0,0,0,0,0,0,0,0,0,0,0,0
869.3,221382,14379118,Agua viva / 2020,0,0,0,0,0,0,0,0,0,0,0,0,0,0,0,0,0,0,0,0,0,0,0,0,0,0,0,0,0,0,0,0,0,0,0,0,0,0,0,0,0,0,0,0,1,1,0,0
869.93,205309,14333639,"Armadilhas da mente: não há mentes impenetráveis, apenas chaves erradas: romance / 2013",0,0,0,0,0,1,0,0,0,1,1,1,0,0,1,1,1,1,1,1,1,1,1,1,0,0,1,0,0,0,1,0,0,0,0,0,0,1,0,0,0,1,0,0,1,0,0,0
891.73,214914,14360972,Crime e castigo / 2019,0,0,0,0,0,0,0,0,0,0,0,0,0,0,1,1,1,1,1,1,1,2,0,1,0,0,1,1,0,1,1,0,0,0,0,0,0,2,0,1,1,0,0,0,0,0,0,1
891.73,220718,14375082,"Morte de Ivan Ilitch, A - 2. ed. / 2023",0,0,0,0,0,0,0,0,0,0,0,0,0,0,0,0,0,0,0,0,0,0,0,0,0,0,0,0,0,0,0,0,0,0,0,0,0,0,0,2,0,0,0,0,0,0,0,1
891.73,222358,14387359,Noites brancas / 2019,0,0,0,0,0,0,0,0,0,0,0,0,0,0,0,0,0,0,0,0,0,0,0,0,0,0,0,0,0,0,0,0,0,0,0,0,0,0,0,0,0,0,0,0,0,0,0,2
891.73,222385,14387406,Gente pobre / 2021,0,0,0,0,0,0,0,0,0,0,0,0,0,0,0,0,0,0,0,0,0,0,0,0,0,0,0,0,0,0,0,0,0,0,0,0,0,0,0,0,0,0,0,0,0,0,1,1
891.853,220775,14375334,Nadando no escuro / 2024,0,0,0,0,0,0,0,0,0,0,0,0,0,0,0,0,0,0,0,0,0,0,0,0,0,0,0,0,0,0,0,0,0,0,0,0,0,0,0,0,0,0,0,0,0,2,1,1
910.285,123949,14166626,Geoprocessamento sem complicação / 2008,0,0,1,2,2,1,1,1,0,0,0,0,0,0,0,0,0,0,0,0,0,0,0,0,0,0,0,0,0,0,0,0,0,0,0,0,0,0,0,0,0,0,0,0,0,0,0,0
910.285,123949,14166633,Geoprocessamento sem complicação / 2008,0,0,1,1,0,0,0,0,0,0,0,0,0,0,1,1,1,1,1,0,0,0,0,0,0,0,0,0,0,0,0,0,0,0,0,0,0,0,0,0,0,0,0,0,0,0,0,0
910.285,123949,14166628,Geoprocessamento sem complicação / 2008,0,0,1,1,1,1,1,0,0,0,0,0,0,0,0,0,0,0,0,0,0,0,0,0,0,0,0,0,0,0,0,0,0,0,0,0,0,0,0,0,0,0,0,0,0,0,0,0
910.285,123949,14166625,Geoprocessamento sem complicação / 2008,0,0,1,1,1,1,0,0,0,0,0,0,0,0,0,0,0,0,0,0,0,0,0,0,0,0,0,0,0,0,0,0,0,0,0,0,0,0,0,0,0,0,0,0,0,0,0,0
910.285,123949,14166632,Geoprocessamento sem complicação / 2008,0,0,1,1,1,0,0,0,0,0,0,0,0,0,0,0,0,0,0,0,0,0,0,0,0,0,0,0,0,0,0,0,0,0,0,0,0,0,0,0,0,0,0,0,0,0,0,0
910.285,123949,14166627,Geoprocessamento sem complicação / 2008,0,0,1,0,0,0,0,0,0,0,0,0,0,0,0,0,0,0,0,0,0,0,0,0,0,0,1,0,0,0,0,0,0,0,0,0,0,0,0,0,0,0,0,0,0,0,0,0
910.285,123949,14166629,Geoprocessamento sem complicação / 2008,0,0,1,0,0,0,0,0,0,0,0,0,0,0,0,0,0,0,0,0,0,0,0,0,0,0,0,0,0,0,0,0,0,0,0,0,0,0,0,0,0,0,0,0,0,0,0,0
910.285,123949,14166631,Geoprocessamento sem complicação / 2008,0,0,1,0,0,0,0,0,0,0,0,0,0,0,0,0,0,0,0,0,0,0,0,0,0,0,0,0,0,0,0,0,0,0,0,0,0,0,0,0,0,0,0,0,0,0,0,0
920.073,220772,14375318,"Casa amarela, A / 2021",0,0,0,0,0,0,0,0,0,0,0,0,0,0,0,0,0,0,0,0,0,0,0,0,0,0,0,0,0,0,0,0,0,0,0,0,0,0,0,0,0,0,0,0,0,1,1,0
920.72,144993,14342351,Eu sou Malala : a história da garota que defendeu o direito à educação e foi baleada pelo talibã / 2013,0,0,0,0,0,0,0,1,1,0,0,0,0,0,0,0,1,1,0,0,0,0,0,0,0,0,0,0,0,0,0,0,0,0,0,0,0,0,0,0,0,0,0,0,0,0,0,0
920.72,144993,14363690,Eu sou Malala : a história da garota que defendeu o direito à educação e foi baleada pelo talibã / 2013,0,0,0,0,0,0,0,0,0,0,0,0,0,0,0,0,0,0,0,0,0,0,1,0,0,0,1,0,1,0,0,0,0,0,0,0,0,0,0,0,0,0,0,0,0,0,0,0
920.72,218246,14375080,Quarto de despejo : diário de uma favelada - 10. ed. / 2014,0,0,0,0,0,0,0,0,0,0,0,0,0,0,0,0,0,0,0,0,0,0,0,0,0,0,0,0,0,0,0,0,0,0,0,0,0,0,0,1,0,1,2,0,1,1,1,0
926.591,194306,14342122,"cabeça de Steve Jobs : as lições do líder da empresa mais revolucionária do mundo, A - 2. ed. / 2009",0,0,0,0,1,1,1,0,0,0,2,1,0,0,0,0,1,0,0,1,1,1,2,0,0,0,1,0,0,0,0,2,0,1,0,0,0,0,0,0,0,0,0,0,0,0,0,1
B869,205879,14387360,Dias perfeitos / 2014,0,0,0,0,0,0,0,0,0,0,0,0,0,0,0,0,0,0,0,0,0,0,0,0,0,0,0,0,0,0,0,0,0,0,0,0,0,0,0,0,0,0,0,0,0,0,2,1
B869.1,180156,14361223,Notícias de bordo : poemas selecionados / 2006,0,0,0,0,0,0,0,0,0,0,0,0,0,0,0,0,0,0,0,0,0,0,0,0,0,0,1,1,0,0,0,0,0,0,0,0,0,0,0,0,0,0,0,0,0,0,0,0
B869.3,77045,14238926,"Guarani, O / 2006",0,1,0,0,0,0,0,0,0,0,0,0,0,0,1,1,1,1,0,0,0,0,0,0,0,0,0,0,0,0,0,0,0,0,0,0,0,0,0,0,0,0,0,0,0,0,1,1
B869.3,215065,14375081,"Palavra que resta, A / 2021",0,0,0,0,0,0,0,0,0,0,0,0,0,0,0,0,0,0,0,0,0,0,0,0,0,0,0,0,0,0,0,0,0,0,0,0,0,0,0,0,0,0,0,0,0,0,1,1
B869.3,218860,14375156,Oração para desaparecer - 1. ed. / 2023,0,0,0,0,0,0,0,0,0,0,0,0,0,0,0,0,0,0,0,0,0,0,0,0,0,0,0,0,0,0,0,0,0,0,0,0,0,0,0,0,1,1,1,1,1,1,1,1
B869.3,218929,14375078,"Hora da estrela, A - 1. ed. / 2019",0,0,0,0,0,0,0,0,0,0,0,0,0,0,0,0,0,0,0,0,0,0,0,0,0,0,0,0,0,0,0,0,0,0,0,0,0,0,0,0,1,0,1,0,0,3,1,0
B869.3,218929,14373583,"Hora da estrela, A - 1. ed. / 2019",0,0,0,0,0,0,0,0,0,0,0,0,0,0,0,0,0,0,0,0,0,0,0,0,0,0,0,0,0,0,0,0,0,0,0,0,0,0,0,1,0,0,0,1,1,1,0,1
B869.3,219902,14375154,"Cabeça do santo, A - 1. ed. / 2014",0,0,0,0,0,0,0,0,0,0,0,0,0,0,0,0,0,0,0,0,0,0,0,0,0,0,0,0,0,0,0,0,0,0,0,0,0,0,0,0,1,0,0,0,1,1,1,2
B869.3,220726,14375109,"Quinze, O / 2024",0,0,0,0,0,0,0,0,0,0,0,0,0,0,0,0,0,0,0,0,0,0,0,0,0,0,0,0,0,0,0,0,0,0,0,0,0,0,0,0,0,1,0,0,0,0,1,1
B869.3,220740,14375152,Laços de família / 2020,0,0,0,0,0,0,0,0,0,0,0,0,0,0,0,0,0,0,0,0,0,0,0,0,0,0,0,0,0,0,0,0,0,0,0,0,0,0,0,0,0,0,1,0,1,2,1,0
B869.3,222355,14387354,Dom Casmurro / 2021,0,0,0,0,0,0,0,0,0,0,0,0,0,0,0,0,0,0,0,0,0,0,0,0,0,0,0,0,0,0,0,0,0,0,0,0,0,0,0,0,0,0,0,0,0,0,0,2
B869.34,220719,14375097,São Bernardo / 2024,0,0,0,0,0,0,0,0,0,0,0,0,0,0,0,0,0,0,0,0,0,0,0,0,0,0,0,0,0,0,0,0,0,0,0,0,0,0,0,0,0,0,0,0,0,0,0,1
B869.34,220720,14375098,Vidas secas / 2024,0,0,0,0,0,0,0,0,0,0,0,0,0,0,0,0,0,0,0,0,0,0,0,0,0,0,0,0,0,0,0,0,0,0,0,0,0,0,0,0,0,0,1,1,1,1,0,0
Ir823,218934,14370343,P. S. Eu te amo / 2013,0,0,0,0,0,0,0,0,0,0,0,0,0,0,0,0,0,0,0,0,0,0,0,0,0,0,0,0,0,0,0,0,0,0,0,0,0,0,0,1,0,0,0,0,0,0,0,0
Ir823,221899,14385700,A pequena sereia & o reino das ilusões / 2019,0,0,0,0,0,0,0,0,0,0,0,0,0,0,0,0,0,0,0,0,0,0,0,0,0,0,0,0,0,0,0,0,0,0,0,0,0,0,0,0,0,0,0,0,0,1,0,0
sem classificacao,153327,14174964,"Art of software testing, The - 3rd ed. / 2012",0,0,0,0,0,0,0,1,0,0,0,0,0,1,1,2,1,1,0,1,1,1,1,0,0,0,0,0,0,0,0,0,0,0,0,0,0,0,0,0,0,0,0,0,0,0,0,0
sem classificacao,153327,14174962,"Art of software testing, The - 3rd ed. / 2012",0,0,1,0,0,0,0,0,0,0,0,0,0,0,0,1,1,1,0,0,0,0,0,0,0,0,0,0,0,0,0,1,0,0,0,0,0,0,0,0,0,0,0,0,0,0,0,0
sem classificacao,153327,14174955,"Art of software testing, The - 3rd ed. / 2012",0,0,0,0,1,0,0,0,0,0,0,0,0,0,1,0,0,0,0,0,0,0,0,0,0,0,0,0,0,0,0,0,0,0,0,0,0,0,0,0,0,0,0,0,0,0,0,0
sem classificacao,153327,14174959,"Art of software testing, The - 3rd ed. / 2012",0,0,0,0,0,0,0,0,0,0,0,0,0,0,0,1,1,0,0,0,0,0,0,0,0,0,0,0,0,0,0,0,0,0,0,0,0,0,0,0,0,0,0,0,0,0,0,0
sem classificacao,153327,14174972,"Art of software testing, The - 3rd ed. / 2012",0,0,0,0,0,0,0,0,0,0,0,0,0,0,0,0,0,0,0,0,0,0,0,0,0,0,0,0,0,0,0,0,0,0,0,0,0,0,0,0,0,0,0,0,1,0,0,0